Copyright 1986-2022 Xilinx, Inc. All Rights Reserved. Copyright 2022-2025 Advanced Micro Devices, Inc. All Rights Reserved.
-----------------------------------------------------------------------------------------------------------------------------------------------------------------------------------------------------------------------------------------------------------------------------
| Tool Version      : Vivado v.2025.2 (lin64) Build 6299465 Fri Nov 14 12:34:56 MST 2025
| Date              : Fri Jul 31 16:50:02 2026
| Host              : abhishek-VMware-Virtual-Platform running 64-bit Ubuntu 24.04.2 LTS
| Command           : report_timing_summary -max_paths 10 -routable_nets -report_unconstrained -file tick_to_trade_mc_top_timing_summary_routed.rpt -pb tick_to_trade_mc_top_timing_summary_routed.pb -rpx tick_to_trade_mc_top_timing_summary_routed.rpx -warn_on_violation
| Design            : tick_to_trade_mc_top
| Device            : xcu200-fsgd2104
| Speed File        : -2  PRODUCTION 1.28 03-30-2022
| Design State      : Routed
| Temperature Grade : E
-----------------------------------------------------------------------------------------------------------------------------------------------------------------------------------------------------------------------------------------------------------------------------

Timing Summary Report

------------------------------------------------------------------------------------------------
| Timer Settings
| --------------
------------------------------------------------------------------------------------------------

  Enable Multi Corner Analysis               :  Yes
  Enable Pessimism Removal                   :  Yes
  Pessimism Removal Resolution               :  Nearest Common Node
  Enable Input Delay Default Clock           :  No
  Enable Preset / Clear Arcs                 :  No
  Disable Flight Delays                      :  No
  Ignore I/O Paths                           :  No
  Timing Early Launch at Borrowing Latches   :  No
  Borrow Time for Max Delay Exceptions       :  Yes
  Merge Timing Exceptions                    :  Yes
  Inter-SLR Compensation                     :  Conservative

  Corner  Analyze    Analyze    
  Name    Max Paths  Min Paths  
  ------  ---------  ---------  
  Slow    Yes        Yes        
  Fast    Yes        Yes        


------------------------------------------------------------------------------------------------
| Report Methodology
| ------------------
------------------------------------------------------------------------------------------------

Rule       Severity  Description                                     Violations  
---------  --------  ----------------------------------------------  ----------  
SYNTH-6    Warning   Timing of a RAM block might be sub-optimal      1           
TIMING-9   Warning   Unknown CDC Logic                               1           
TIMING-38  Warning   Bus skew constraint applied on multiple clocks  3           

Note: This report is based on the most recent report_methodology run and may not be up-to-date. Run report_methodology on the current design for the latest report.



check_timing report

Table of Contents
-----------------
1. checking no_clock (0)
2. checking constant_clock (0)
3. checking pulse_width_clock (0)
4. checking unconstrained_internal_endpoints (0)
5. checking no_input_delay (41)
6. checking no_output_delay (87)
7. checking multiple_clock (0)
8. checking generated_clocks (0)
9. checking loops (0)
10. checking partial_input_delay (0)
11. checking partial_output_delay (0)
12. checking latch_loops (0)

1. checking no_clock (0)
------------------------
 There are 0 register/latch pins with no clock.


2. checking constant_clock (0)
------------------------------
 There are 0 register/latch pins with constant_clock.


3. checking pulse_width_clock (0)
---------------------------------
 There are 0 register/latch pins which need pulse_width check


4. checking unconstrained_internal_endpoints (0)
------------------------------------------------
 There are 0 pins that are not constrained for maximum delay.

 There are 0 pins that are not constrained for maximum delay due to constant clock.


5. checking no_input_delay (41)
-------------------------------
 There are 0 input ports with no input delay specified.

 There are 41 input ports with no input delay but user has a false path constraint. (MEDIUM)


6. checking no_output_delay (87)
--------------------------------
 There are 0 ports with no output delay specified.

 There are 87 ports with no output delay but user has a false path constraint (MEDIUM)

 There are 0 ports with no output delay but with a timing clock defined on it or propagating through it


7. checking multiple_clock (0)
------------------------------
 There are 0 register/latch pins with multiple clocks.


8. checking generated_clocks (0)
--------------------------------
 There are 0 generated clocks that are not connected to a clock source.


9. checking loops (0)
---------------------
 There are 0 combinational loops in the design.


10. checking partial_input_delay (0)
------------------------------------
 There are 0 input ports with partial input delay specified.


11. checking partial_output_delay (0)
-------------------------------------
 There are 0 ports with partial output delay specified.


12. checking latch_loops (0)
----------------------------
 There are 0 combinational latch loops in the design through latch input



------------------------------------------------------------------------------------------------
| Design Timing Summary
| ---------------------
------------------------------------------------------------------------------------------------

    WNS(ns)      TNS(ns)  TNS Failing Endpoints  TNS Total Endpoints      WHS(ns)      THS(ns)  THS Failing Endpoints  THS Total Endpoints     WPWS(ns)     TPWS(ns)  TPWS Failing Endpoints  TPWS Total Endpoints  
    -------      -------  ---------------------  -------------------      -------      -------  ---------------------  -------------------     --------     --------  ----------------------  --------------------  
      0.222        0.000                      0                18392        0.012        0.000                      0                18317        1.458        0.000                       0                  5855  


All user specified timing constraints are met.


------------------------------------------------------------------------------------------------
| Clock Summary
| -------------
------------------------------------------------------------------------------------------------

Clock     Waveform(ns)         Period(ns)      Frequency(MHz)
-----     ------------         ----------      --------------
clk_core  {0.000 2.000}        4.000           250.000         
clk_host  {0.000 4.000}        8.000           125.000         
clk_line  {0.000 3.200}        6.400           156.250         


------------------------------------------------------------------------------------------------
| Intra Clock Table
| -----------------
------------------------------------------------------------------------------------------------

Clock             WNS(ns)      TNS(ns)  TNS Failing Endpoints  TNS Total Endpoints      WHS(ns)      THS(ns)  THS Failing Endpoints  THS Total Endpoints     WPWS(ns)     TPWS(ns)  TPWS Failing Endpoints  TPWS Total Endpoints  
-----             -------      -------  ---------------------  -------------------      -------      -------  ---------------------  -------------------     --------     --------  ----------------------  --------------------  
clk_core            0.222        0.000                      0                12660        0.012        0.000                      0                12660        1.458        0.000                       0                  5570  
clk_host            5.684        0.000                      0                  189        0.032        0.000                      0                  189        3.468        0.000                       0                   146  
clk_line            4.003        0.000                      0                  704        0.057        0.000                      0                  704        2.668        0.000                       0                   139  


------------------------------------------------------------------------------------------------
| Inter Clock Table
| -----------------
------------------------------------------------------------------------------------------------

From Clock    To Clock          WNS(ns)      TNS(ns)  TNS Failing Endpoints  TNS Total Endpoints      WHS(ns)      THS(ns)  THS Failing Endpoints  THS Total Endpoints  
----------    --------          -------      -------  ---------------------  -------------------      -------      -------  ---------------------  -------------------  
clk_host      clk_core            2.797        0.000                      0                   55                                                                        
clk_line      clk_core            0.996        0.000                      0                  330                                                                        
clk_core      clk_host            2.915        0.000                      0                   29                                                                        
clk_core      clk_line            3.383        0.000                      0                   10                                                                        


------------------------------------------------------------------------------------------------
| Other Path Groups Table
| -----------------------
------------------------------------------------------------------------------------------------

Path Group         From Clock         To Clock               WNS(ns)      TNS(ns)  TNS Failing Endpoints  TNS Total Endpoints      WHS(ns)      THS(ns)  THS Failing Endpoints  THS Total Endpoints  
----------         ----------         --------               -------      -------  ---------------------  -------------------      -------      -------  ---------------------  -------------------  
**async_default**  clk_core           clk_core                 0.417        0.000                      0                 4615        0.074        0.000                      0                 4615  
**async_default**  clk_host           clk_host                 6.534        0.000                      0                  109        0.086        0.000                      0                  109  
**async_default**  clk_line           clk_line                 5.358        0.000                      0                   40        0.112        0.000                      0                   40  


------------------------------------------------------------------------------------------------
| User Ignored Path Table
| -----------------------
------------------------------------------------------------------------------------------------

Path Group    From Clock    To Clock    
----------    ----------    --------    
(none)        clk_core                    
(none)        clk_host                    
(none)        clk_line                    
(none)                      clk_core      
(none)        clk_host      clk_core      
(none)        clk_line      clk_core      
(none)                      clk_host      
(none)        clk_core      clk_host      
(none)                      clk_line      
(none)        clk_core      clk_line      


------------------------------------------------------------------------------------------------
| Unconstrained Path Table
| ------------------------
------------------------------------------------------------------------------------------------

Path Group    From Clock    To Clock    
----------    ----------    --------    


------------------------------------------------------------------------------------------------
| Timing Details
| --------------
------------------------------------------------------------------------------------------------


---------------------------------------------------------------------------------------------------
From Clock:  clk_core
  To Clock:  clk_core

Setup :            0  Failing Endpoints,  Worst Slack        0.222ns,  Total Violation        0.000ns
Hold  :            0  Failing Endpoints,  Worst Slack        0.012ns,  Total Violation        0.000ns
PW    :            0  Failing Endpoints,  Worst Slack        1.458ns,  Total Violation        0.000ns
---------------------------------------------------------------------------------------------------


Max Delay Paths
--------------------------------------------------------------------------------------
Slack (MET) :             0.222ns  (required time - arrival time)
  Source:                 u_core/u_book/ask_lv_reg[cnt][0]/C
                            (rising edge-triggered cell FDCE clocked by clk_core  {rise@0.000ns fall@2.000ns period=4.000ns})
  Destination:            u_core/u_strategy/u_ofi/inc_r_reg[31]/D
                            (rising edge-triggered cell FDCE clocked by clk_core  {rise@0.000ns fall@2.000ns period=4.000ns})
  Path Group:             clk_core
  Path Type:              Setup (Max at Slow Process Corner)
  Requirement:            4.000ns  (clk_core rise@4.000ns - clk_core rise@0.000ns)
  Data Path Delay:        3.658ns  (logic 0.876ns (23.946%)  route 2.782ns (76.054%))
  Logic Levels:           8  (CARRY8=3 LUT4=3 LUT5=1 LUT6=1)
  Clock Path Skew:        -0.009ns (DCD - SCD + CPR)
    Destination Clock Delay (DCD):    0.020ns = ( 4.020 - 4.000 ) 
    Source Clock Delay      (SCD):    0.029ns
    Clock Pessimism Removal (CPR):    0.000ns
  Clock Uncertainty:      0.135ns  ((TSJ^2 + TIJ^2)^1/2 + DJ) / 2 + PE + UU
    Total System Jitter     (TSJ):    0.071ns
    Total Input Jitter      (TIJ):    0.000ns
    Discrete Jitter          (DJ):    0.000ns
    Phase Error              (PE):    0.000ns
    User Uncertainty         (UU):    0.100ns

    Location             Delay type                Incr(ns)  Path(ns)    Netlist Resource(s)
  -------------------------------------------------------------------    -------------------
                         (clock clk_core rise edge)
                                                      0.000     0.000 r  
                                                      0.000     0.000 r  clk_core (IN)
                         net (fo=5569, unset)         0.029     0.029    u_core/u_book/clk_core
    SLICE_X112Y545       FDCE                                         r  u_core/u_book/ask_lv_reg[cnt][0]/C
  -------------------------------------------------------------------    -------------------
    SLICE_X112Y545       FDCE (Prop_EFF_SLICEL_C_Q)
                                                      0.079     0.108 f  u_core/u_book/ask_lv_reg[cnt][0]/Q
                         net (fo=102, routed)         0.827     0.935    u_core/u_book/ask_lv_reg[cnt_n_0_][0]
    SLICE_X110Y525       LUT4 (Prop_A6LUT_SLICEM_I2_O)
                                                      0.038     0.973 r  u_core/u_book/ask_p_r[31]_i_1/O
                         net (fo=11, routed)          0.404     1.377    u_core/u_book/ask_lv_reg[price][0][31]_0[31]
    SLICE_X110Y551       LUT4 (Prop_H6LUT_SLICEM_I2_O)
                                                      0.125     1.502 r  u_core/u_book/i__carry__0_i_9/O
                         net (fo=1, routed)           0.015     1.517    u_core/u_strategy/u_ofi/inc_r0__1_carry_i_6[7]
    SLICE_X110Y551       CARRY8 (Prop_CARRY8_SLICEM_S[7]_CO[7])
                                                      0.124     1.641 f  u_core/u_strategy/u_ofi/inc_r4_inferred__1/i__carry__0/CO[7]
                         net (fo=65, routed)          1.069     2.711    u_core/u_strategy/u_ofi/CO[0]
    SLICE_X101Y490       LUT6 (Prop_B6LUT_SLICEL_I2_O)
                                                      0.090     2.801 r  u_core/u_strategy/u_ofi/inc_r0__1_carry__1_i_27/O
                         net (fo=2, routed)           0.317     3.117    u_core/u_strategy/u_ofi/inc_r0__1_carry__1_i_27_n_0
    SLICE_X97Y493        LUT4 (Prop_A6LUT_SLICEM_I0_O)
                                                      0.053     3.170 r  u_core/u_strategy/u_ofi/inc_r0__1_carry__1_i_6/O
                         net (fo=2, routed)           0.088     3.258    u_core/u_strategy/u_ofi/inc_r0__1_carry__1_i_6_n_0
    SLICE_X98Y493        LUT5 (Prop_C6LUT_SLICEL_I0_O)
                                                      0.096     3.354 r  u_core/u_strategy/u_ofi/inc_r0__1_carry__1_i_14/O
                         net (fo=1, routed)           0.010     3.364    u_core/u_strategy/u_ofi/inc_r0__1_carry__1_i_14_n_0
    SLICE_X98Y493        CARRY8 (Prop_CARRY8_SLICEL_S[2]_CO[7])
                                                      0.155     3.519 r  u_core/u_strategy/u_ofi/inc_r0__1_carry__1/CO[7]
                         net (fo=1, routed)           0.026     3.545    u_core/u_strategy/u_ofi/inc_r0__1_carry__1_n_0
    SLICE_X98Y494        CARRY8 (Prop_CARRY8_SLICEL_CI_O[7])
                                                      0.116     3.661 r  u_core/u_strategy/u_ofi/inc_r0__1_carry__2/O[7]
                         net (fo=1, routed)           0.026     3.687    u_core/u_strategy/u_ofi/inc_r0[31]
    SLICE_X98Y494        FDCE                                         r  u_core/u_strategy/u_ofi/inc_r_reg[31]/D
  -------------------------------------------------------------------    -------------------

                         (clock clk_core rise edge)
                                                      4.000     4.000 r  
                                                      0.000     4.000 r  clk_core (IN)
                         net (fo=5569, unset)         0.020     4.020    u_core/u_strategy/u_ofi/clk_core
    SLICE_X98Y494        FDCE                                         r  u_core/u_strategy/u_ofi/inc_r_reg[31]/C
                         clock pessimism              0.000     4.020    
                         clock uncertainty           -0.135     3.885    
    SLICE_X98Y494        FDCE (Setup_HFF_SLICEL_C_D)
                                                      0.025     3.910    u_core/u_strategy/u_ofi/inc_r_reg[31]
  -------------------------------------------------------------------
                         required time                          3.910    
                         arrival time                          -3.687    
  -------------------------------------------------------------------
                         slack                                  0.222    

Slack (MET) :             0.222ns  (required time - arrival time)
  Source:                 u_core/u_book/ask_lv_reg[cnt][0]/C
                            (rising edge-triggered cell FDCE clocked by clk_core  {rise@0.000ns fall@2.000ns period=4.000ns})
  Destination:            u_core/u_strategy/u_ofi/inc_r_reg[33]/D
                            (rising edge-triggered cell FDCE clocked by clk_core  {rise@0.000ns fall@2.000ns period=4.000ns})
  Path Group:             clk_core
  Path Type:              Setup (Max at Slow Process Corner)
  Requirement:            4.000ns  (clk_core rise@4.000ns - clk_core rise@0.000ns)
  Data Path Delay:        3.658ns  (logic 0.851ns (23.263%)  route 2.807ns (76.737%))
  Logic Levels:           9  (CARRY8=4 LUT4=3 LUT5=1 LUT6=1)
  Clock Path Skew:        -0.009ns (DCD - SCD + CPR)
    Destination Clock Delay (DCD):    0.020ns = ( 4.020 - 4.000 ) 
    Source Clock Delay      (SCD):    0.029ns
    Clock Pessimism Removal (CPR):    0.000ns
  Clock Uncertainty:      0.135ns  ((TSJ^2 + TIJ^2)^1/2 + DJ) / 2 + PE + UU
    Total System Jitter     (TSJ):    0.071ns
    Total Input Jitter      (TIJ):    0.000ns
    Discrete Jitter          (DJ):    0.000ns
    Phase Error              (PE):    0.000ns
    User Uncertainty         (UU):    0.100ns

    Location             Delay type                Incr(ns)  Path(ns)    Netlist Resource(s)
  -------------------------------------------------------------------    -------------------
                         (clock clk_core rise edge)
                                                      0.000     0.000 r  
                                                      0.000     0.000 r  clk_core (IN)
                         net (fo=5569, unset)         0.029     0.029    u_core/u_book/clk_core
    SLICE_X112Y545       FDCE                                         r  u_core/u_book/ask_lv_reg[cnt][0]/C
  -------------------------------------------------------------------    -------------------
    SLICE_X112Y545       FDCE (Prop_EFF_SLICEL_C_Q)
                                                      0.079     0.108 f  u_core/u_book/ask_lv_reg[cnt][0]/Q
                         net (fo=102, routed)         0.827     0.935    u_core/u_book/ask_lv_reg[cnt_n_0_][0]
    SLICE_X110Y525       LUT4 (Prop_A6LUT_SLICEM_I2_O)
                                                      0.038     0.973 r  u_core/u_book/ask_p_r[31]_i_1/O
                         net (fo=11, routed)          0.404     1.377    u_core/u_book/ask_lv_reg[price][0][31]_0[31]
    SLICE_X110Y551       LUT4 (Prop_H6LUT_SLICEM_I2_O)
                                                      0.125     1.502 r  u_core/u_book/i__carry__0_i_9/O
                         net (fo=1, routed)           0.015     1.517    u_core/u_strategy/u_ofi/inc_r0__1_carry_i_6[7]
    SLICE_X110Y551       CARRY8 (Prop_CARRY8_SLICEM_S[7]_CO[7])
                                                      0.124     1.641 f  u_core/u_strategy/u_ofi/inc_r4_inferred__1/i__carry__0/CO[7]
                         net (fo=65, routed)          1.069     2.711    u_core/u_strategy/u_ofi/CO[0]
    SLICE_X101Y490       LUT6 (Prop_B6LUT_SLICEL_I2_O)
                                                      0.090     2.801 r  u_core/u_strategy/u_ofi/inc_r0__1_carry__1_i_27/O
                         net (fo=2, routed)           0.317     3.117    u_core/u_strategy/u_ofi/inc_r0__1_carry__1_i_27_n_0
    SLICE_X97Y493        LUT4 (Prop_A6LUT_SLICEM_I0_O)
                                                      0.053     3.170 r  u_core/u_strategy/u_ofi/inc_r0__1_carry__1_i_6/O
                         net (fo=2, routed)           0.088     3.258    u_core/u_strategy/u_ofi/inc_r0__1_carry__1_i_6_n_0
    SLICE_X98Y493        LUT5 (Prop_C6LUT_SLICEL_I0_O)
                                                      0.096     3.354 r  u_core/u_strategy/u_ofi/inc_r0__1_carry__1_i_14/O
                         net (fo=1, routed)           0.010     3.364    u_core/u_strategy/u_ofi/inc_r0__1_carry__1_i_14_n_0
    SLICE_X98Y493        CARRY8 (Prop_CARRY8_SLICEL_S[2]_CO[7])
                                                      0.155     3.519 r  u_core/u_strategy/u_ofi/inc_r0__1_carry__1/CO[7]
                         net (fo=1, routed)           0.026     3.545    u_core/u_strategy/u_ofi/inc_r0__1_carry__1_n_0
    SLICE_X98Y494        CARRY8 (Prop_CARRY8_SLICEL_CI_CO[7])
                                                      0.015     3.560 r  u_core/u_strategy/u_ofi/inc_r0__1_carry__2/CO[7]
                         net (fo=1, routed)           0.026     3.586    u_core/u_strategy/u_ofi/inc_r0__1_carry__2_n_0
    SLICE_X98Y495        CARRY8 (Prop_CARRY8_SLICEL_CI_O[1])
                                                      0.076     3.662 r  u_core/u_strategy/u_ofi/inc_r0__1_carry__3/O[1]
                         net (fo=1, routed)           0.025     3.687    u_core/u_strategy/u_ofi/inc_r0[33]
    SLICE_X98Y495        FDCE                                         r  u_core/u_strategy/u_ofi/inc_r_reg[33]/D
  -------------------------------------------------------------------    -------------------

                         (clock clk_core rise edge)
                                                      4.000     4.000 r  
                                                      0.000     4.000 r  clk_core (IN)
                         net (fo=5569, unset)         0.020     4.020    u_core/u_strategy/u_ofi/clk_core
    SLICE_X98Y495        FDCE                                         r  u_core/u_strategy/u_ofi/inc_r_reg[33]/C
                         clock pessimism              0.000     4.020    
                         clock uncertainty           -0.135     3.885    
    SLICE_X98Y495        FDCE (Setup_BFF_SLICEL_C_D)
                                                      0.025     3.910    u_core/u_strategy/u_ofi/inc_r_reg[33]
  -------------------------------------------------------------------
                         required time                          3.910    
                         arrival time                          -3.687    
  -------------------------------------------------------------------
                         slack                                  0.222    

Slack (MET) :             0.223ns  (required time - arrival time)
  Source:                 u_core/u_book/ask_lv_reg[cnt][0]/C
                            (rising edge-triggered cell FDCE clocked by clk_core  {rise@0.000ns fall@2.000ns period=4.000ns})
  Destination:            u_core/u_strategy/u_ofi/inc_r_reg[29]/D
                            (rising edge-triggered cell FDCE clocked by clk_core  {rise@0.000ns fall@2.000ns period=4.000ns})
  Path Group:             clk_core
  Path Type:              Setup (Max at Slow Process Corner)
  Requirement:            4.000ns  (clk_core rise@4.000ns - clk_core rise@0.000ns)
  Data Path Delay:        3.657ns  (logic 0.876ns (23.953%)  route 2.781ns (76.047%))
  Logic Levels:           8  (CARRY8=3 LUT4=3 LUT5=1 LUT6=1)
  Clock Path Skew:        -0.009ns (DCD - SCD + CPR)
    Destination Clock Delay (DCD):    0.020ns = ( 4.020 - 4.000 ) 
    Source Clock Delay      (SCD):    0.029ns
    Clock Pessimism Removal (CPR):    0.000ns
  Clock Uncertainty:      0.135ns  ((TSJ^2 + TIJ^2)^1/2 + DJ) / 2 + PE + UU
    Total System Jitter     (TSJ):    0.071ns
    Total Input Jitter      (TIJ):    0.000ns
    Discrete Jitter          (DJ):    0.000ns
    Phase Error              (PE):    0.000ns
    User Uncertainty         (UU):    0.100ns

    Location             Delay type                Incr(ns)  Path(ns)    Netlist Resource(s)
  -------------------------------------------------------------------    -------------------
                         (clock clk_core rise edge)
                                                      0.000     0.000 r  
                                                      0.000     0.000 r  clk_core (IN)
                         net (fo=5569, unset)         0.029     0.029    u_core/u_book/clk_core
    SLICE_X112Y545       FDCE                                         r  u_core/u_book/ask_lv_reg[cnt][0]/C
  -------------------------------------------------------------------    -------------------
    SLICE_X112Y545       FDCE (Prop_EFF_SLICEL_C_Q)
                                                      0.079     0.108 f  u_core/u_book/ask_lv_reg[cnt][0]/Q
                         net (fo=102, routed)         0.827     0.935    u_core/u_book/ask_lv_reg[cnt_n_0_][0]
    SLICE_X110Y525       LUT4 (Prop_A6LUT_SLICEM_I2_O)
                                                      0.038     0.973 r  u_core/u_book/ask_p_r[31]_i_1/O
                         net (fo=11, routed)          0.404     1.377    u_core/u_book/ask_lv_reg[price][0][31]_0[31]
    SLICE_X110Y551       LUT4 (Prop_H6LUT_SLICEM_I2_O)
                                                      0.125     1.502 r  u_core/u_book/i__carry__0_i_9/O
                         net (fo=1, routed)           0.015     1.517    u_core/u_strategy/u_ofi/inc_r0__1_carry_i_6[7]
    SLICE_X110Y551       CARRY8 (Prop_CARRY8_SLICEM_S[7]_CO[7])
                                                      0.124     1.641 f  u_core/u_strategy/u_ofi/inc_r4_inferred__1/i__carry__0/CO[7]
                         net (fo=65, routed)          1.069     2.711    u_core/u_strategy/u_ofi/CO[0]
    SLICE_X101Y490       LUT6 (Prop_B6LUT_SLICEL_I2_O)
                                                      0.090     2.801 r  u_core/u_strategy/u_ofi/inc_r0__1_carry__1_i_27/O
                         net (fo=2, routed)           0.317     3.117    u_core/u_strategy/u_ofi/inc_r0__1_carry__1_i_27_n_0
    SLICE_X97Y493        LUT4 (Prop_A6LUT_SLICEM_I0_O)
                                                      0.053     3.170 r  u_core/u_strategy/u_ofi/inc_r0__1_carry__1_i_6/O
                         net (fo=2, routed)           0.088     3.258    u_core/u_strategy/u_ofi/inc_r0__1_carry__1_i_6_n_0
    SLICE_X98Y493        LUT5 (Prop_C6LUT_SLICEL_I0_O)
                                                      0.096     3.354 r  u_core/u_strategy/u_ofi/inc_r0__1_carry__1_i_14/O
                         net (fo=1, routed)           0.010     3.364    u_core/u_strategy/u_ofi/inc_r0__1_carry__1_i_14_n_0
    SLICE_X98Y493        CARRY8 (Prop_CARRY8_SLICEL_S[2]_CO[7])
                                                      0.155     3.519 r  u_core/u_strategy/u_ofi/inc_r0__1_carry__1/CO[7]
                         net (fo=1, routed)           0.026     3.545    u_core/u_strategy/u_ofi/inc_r0__1_carry__1_n_0
    SLICE_X98Y494        CARRY8 (Prop_CARRY8_SLICEL_CI_O[5])
                                                      0.116     3.661 r  u_core/u_strategy/u_ofi/inc_r0__1_carry__2/O[5]
                         net (fo=1, routed)           0.025     3.686    u_core/u_strategy/u_ofi/inc_r0[29]
    SLICE_X98Y494        FDCE                                         r  u_core/u_strategy/u_ofi/inc_r_reg[29]/D
  -------------------------------------------------------------------    -------------------

                         (clock clk_core rise edge)
                                                      4.000     4.000 r  
                                                      0.000     4.000 r  clk_core (IN)
                         net (fo=5569, unset)         0.020     4.020    u_core/u_strategy/u_ofi/clk_core
    SLICE_X98Y494        FDCE                                         r  u_core/u_strategy/u_ofi/inc_r_reg[29]/C
                         clock pessimism              0.000     4.020    
                         clock uncertainty           -0.135     3.885    
    SLICE_X98Y494        FDCE (Setup_FFF_SLICEL_C_D)
                                                      0.025     3.910    u_core/u_strategy/u_ofi/inc_r_reg[29]
  -------------------------------------------------------------------
                         required time                          3.910    
                         arrival time                          -3.686    
  -------------------------------------------------------------------
                         slack                                  0.223    

Slack (MET) :             0.235ns  (required time - arrival time)
  Source:                 u_core/u_book/ask_lv_reg[cnt][0]/C
                            (rising edge-triggered cell FDCE clocked by clk_core  {rise@0.000ns fall@2.000ns period=4.000ns})
  Destination:            u_core/u_strategy/u_ofi/inc_r_reg[30]/D
                            (rising edge-triggered cell FDCE clocked by clk_core  {rise@0.000ns fall@2.000ns period=4.000ns})
  Path Group:             clk_core
  Path Type:              Setup (Max at Slow Process Corner)
  Requirement:            4.000ns  (clk_core rise@4.000ns - clk_core rise@0.000ns)
  Data Path Delay:        3.645ns  (logic 0.863ns (23.675%)  route 2.782ns (76.325%))
  Logic Levels:           8  (CARRY8=3 LUT4=3 LUT5=1 LUT6=1)
  Clock Path Skew:        -0.009ns (DCD - SCD + CPR)
    Destination Clock Delay (DCD):    0.020ns = ( 4.020 - 4.000 ) 
    Source Clock Delay      (SCD):    0.029ns
    Clock Pessimism Removal (CPR):    0.000ns
  Clock Uncertainty:      0.135ns  ((TSJ^2 + TIJ^2)^1/2 + DJ) / 2 + PE + UU
    Total System Jitter     (TSJ):    0.071ns
    Total Input Jitter      (TIJ):    0.000ns
    Discrete Jitter          (DJ):    0.000ns
    Phase Error              (PE):    0.000ns
    User Uncertainty         (UU):    0.100ns

    Location             Delay type                Incr(ns)  Path(ns)    Netlist Resource(s)
  -------------------------------------------------------------------    -------------------
                         (clock clk_core rise edge)
                                                      0.000     0.000 r  
                                                      0.000     0.000 r  clk_core (IN)
                         net (fo=5569, unset)         0.029     0.029    u_core/u_book/clk_core
    SLICE_X112Y545       FDCE                                         r  u_core/u_book/ask_lv_reg[cnt][0]/C
  -------------------------------------------------------------------    -------------------
    SLICE_X112Y545       FDCE (Prop_EFF_SLICEL_C_Q)
                                                      0.079     0.108 f  u_core/u_book/ask_lv_reg[cnt][0]/Q
                         net (fo=102, routed)         0.827     0.935    u_core/u_book/ask_lv_reg[cnt_n_0_][0]
    SLICE_X110Y525       LUT4 (Prop_A6LUT_SLICEM_I2_O)
                                                      0.038     0.973 r  u_core/u_book/ask_p_r[31]_i_1/O
                         net (fo=11, routed)          0.404     1.377    u_core/u_book/ask_lv_reg[price][0][31]_0[31]
    SLICE_X110Y551       LUT4 (Prop_H6LUT_SLICEM_I2_O)
                                                      0.125     1.502 r  u_core/u_book/i__carry__0_i_9/O
                         net (fo=1, routed)           0.015     1.517    u_core/u_strategy/u_ofi/inc_r0__1_carry_i_6[7]
    SLICE_X110Y551       CARRY8 (Prop_CARRY8_SLICEM_S[7]_CO[7])
                                                      0.124     1.641 f  u_core/u_strategy/u_ofi/inc_r4_inferred__1/i__carry__0/CO[7]
                         net (fo=65, routed)          1.069     2.711    u_core/u_strategy/u_ofi/CO[0]
    SLICE_X101Y490       LUT6 (Prop_B6LUT_SLICEL_I2_O)
                                                      0.090     2.801 r  u_core/u_strategy/u_ofi/inc_r0__1_carry__1_i_27/O
                         net (fo=2, routed)           0.317     3.117    u_core/u_strategy/u_ofi/inc_r0__1_carry__1_i_27_n_0
    SLICE_X97Y493        LUT4 (Prop_A6LUT_SLICEM_I0_O)
                                                      0.053     3.170 r  u_core/u_strategy/u_ofi/inc_r0__1_carry__1_i_6/O
                         net (fo=2, routed)           0.088     3.258    u_core/u_strategy/u_ofi/inc_r0__1_carry__1_i_6_n_0
    SLICE_X98Y493        LUT5 (Prop_C6LUT_SLICEL_I0_O)
                                                      0.096     3.354 r  u_core/u_strategy/u_ofi/inc_r0__1_carry__1_i_14/O
                         net (fo=1, routed)           0.010     3.364    u_core/u_strategy/u_ofi/inc_r0__1_carry__1_i_14_n_0
    SLICE_X98Y493        CARRY8 (Prop_CARRY8_SLICEL_S[2]_CO[7])
                                                      0.155     3.519 r  u_core/u_strategy/u_ofi/inc_r0__1_carry__1/CO[7]
                         net (fo=1, routed)           0.026     3.545    u_core/u_strategy/u_ofi/inc_r0__1_carry__1_n_0
    SLICE_X98Y494        CARRY8 (Prop_CARRY8_SLICEL_CI_O[6])
                                                      0.103     3.648 r  u_core/u_strategy/u_ofi/inc_r0__1_carry__2/O[6]
                         net (fo=1, routed)           0.026     3.674    u_core/u_strategy/u_ofi/inc_r0[30]
    SLICE_X98Y494        FDCE                                         r  u_core/u_strategy/u_ofi/inc_r_reg[30]/D
  -------------------------------------------------------------------    -------------------

                         (clock clk_core rise edge)
                                                      4.000     4.000 r  
                                                      0.000     4.000 r  clk_core (IN)
                         net (fo=5569, unset)         0.020     4.020    u_core/u_strategy/u_ofi/clk_core
    SLICE_X98Y494        FDCE                                         r  u_core/u_strategy/u_ofi/inc_r_reg[30]/C
                         clock pessimism              0.000     4.020    
                         clock uncertainty           -0.135     3.885    
    SLICE_X98Y494        FDCE (Setup_GFF_SLICEL_C_D)
                                                      0.025     3.910    u_core/u_strategy/u_ofi/inc_r_reg[30]
  -------------------------------------------------------------------
                         required time                          3.910    
                         arrival time                          -3.674    
  -------------------------------------------------------------------
                         slack                                  0.235    

Slack (MET) :             0.242ns  (required time - arrival time)
  Source:                 u_core/u_book/ask_lv_reg[cnt][0]/C
                            (rising edge-triggered cell FDCE clocked by clk_core  {rise@0.000ns fall@2.000ns period=4.000ns})
  Destination:            u_core/u_strategy/u_ofi/inc_r_reg[32]/D
                            (rising edge-triggered cell FDCE clocked by clk_core  {rise@0.000ns fall@2.000ns period=4.000ns})
  Path Group:             clk_core
  Path Type:              Setup (Max at Slow Process Corner)
  Requirement:            4.000ns  (clk_core rise@4.000ns - clk_core rise@0.000ns)
  Data Path Delay:        3.638ns  (logic 0.831ns (22.841%)  route 2.807ns (77.159%))
  Logic Levels:           9  (CARRY8=4 LUT4=3 LUT5=1 LUT6=1)
  Clock Path Skew:        -0.009ns (DCD - SCD + CPR)
    Destination Clock Delay (DCD):    0.020ns = ( 4.020 - 4.000 ) 
    Source Clock Delay      (SCD):    0.029ns
    Clock Pessimism Removal (CPR):    0.000ns
  Clock Uncertainty:      0.135ns  ((TSJ^2 + TIJ^2)^1/2 + DJ) / 2 + PE + UU
    Total System Jitter     (TSJ):    0.071ns
    Total Input Jitter      (TIJ):    0.000ns
    Discrete Jitter          (DJ):    0.000ns
    Phase Error              (PE):    0.000ns
    User Uncertainty         (UU):    0.100ns

    Location             Delay type                Incr(ns)  Path(ns)    Netlist Resource(s)
  -------------------------------------------------------------------    -------------------
                         (clock clk_core rise edge)
                                                      0.000     0.000 r  
                                                      0.000     0.000 r  clk_core (IN)
                         net (fo=5569, unset)         0.029     0.029    u_core/u_book/clk_core
    SLICE_X112Y545       FDCE                                         r  u_core/u_book/ask_lv_reg[cnt][0]/C
  -------------------------------------------------------------------    -------------------
    SLICE_X112Y545       FDCE (Prop_EFF_SLICEL_C_Q)
                                                      0.079     0.108 f  u_core/u_book/ask_lv_reg[cnt][0]/Q
                         net (fo=102, routed)         0.827     0.935    u_core/u_book/ask_lv_reg[cnt_n_0_][0]
    SLICE_X110Y525       LUT4 (Prop_A6LUT_SLICEM_I2_O)
                                                      0.038     0.973 r  u_core/u_book/ask_p_r[31]_i_1/O
                         net (fo=11, routed)          0.404     1.377    u_core/u_book/ask_lv_reg[price][0][31]_0[31]
    SLICE_X110Y551       LUT4 (Prop_H6LUT_SLICEM_I2_O)
                                                      0.125     1.502 r  u_core/u_book/i__carry__0_i_9/O
                         net (fo=1, routed)           0.015     1.517    u_core/u_strategy/u_ofi/inc_r0__1_carry_i_6[7]
    SLICE_X110Y551       CARRY8 (Prop_CARRY8_SLICEM_S[7]_CO[7])
                                                      0.124     1.641 f  u_core/u_strategy/u_ofi/inc_r4_inferred__1/i__carry__0/CO[7]
                         net (fo=65, routed)          1.069     2.711    u_core/u_strategy/u_ofi/CO[0]
    SLICE_X101Y490       LUT6 (Prop_B6LUT_SLICEL_I2_O)
                                                      0.090     2.801 r  u_core/u_strategy/u_ofi/inc_r0__1_carry__1_i_27/O
                         net (fo=2, routed)           0.317     3.117    u_core/u_strategy/u_ofi/inc_r0__1_carry__1_i_27_n_0
    SLICE_X97Y493        LUT4 (Prop_A6LUT_SLICEM_I0_O)
                                                      0.053     3.170 r  u_core/u_strategy/u_ofi/inc_r0__1_carry__1_i_6/O
                         net (fo=2, routed)           0.088     3.258    u_core/u_strategy/u_ofi/inc_r0__1_carry__1_i_6_n_0
    SLICE_X98Y493        LUT5 (Prop_C6LUT_SLICEL_I0_O)
                                                      0.096     3.354 r  u_core/u_strategy/u_ofi/inc_r0__1_carry__1_i_14/O
                         net (fo=1, routed)           0.010     3.364    u_core/u_strategy/u_ofi/inc_r0__1_carry__1_i_14_n_0
    SLICE_X98Y493        CARRY8 (Prop_CARRY8_SLICEL_S[2]_CO[7])
                                                      0.155     3.519 r  u_core/u_strategy/u_ofi/inc_r0__1_carry__1/CO[7]
                         net (fo=1, routed)           0.026     3.545    u_core/u_strategy/u_ofi/inc_r0__1_carry__1_n_0
    SLICE_X98Y494        CARRY8 (Prop_CARRY8_SLICEL_CI_CO[7])
                                                      0.015     3.560 r  u_core/u_strategy/u_ofi/inc_r0__1_carry__2/CO[7]
                         net (fo=1, routed)           0.026     3.586    u_core/u_strategy/u_ofi/inc_r0__1_carry__2_n_0
    SLICE_X98Y495        CARRY8 (Prop_CARRY8_SLICEL_CI_O[0])
                                                      0.056     3.642 r  u_core/u_strategy/u_ofi/inc_r0__1_carry__3/O[0]
                         net (fo=1, routed)           0.025     3.667    u_core/u_strategy/u_ofi/inc_r0[32]
    SLICE_X98Y495        FDCE                                         r  u_core/u_strategy/u_ofi/inc_r_reg[32]/D
  -------------------------------------------------------------------    -------------------

                         (clock clk_core rise edge)
                                                      4.000     4.000 r  
                                                      0.000     4.000 r  clk_core (IN)
                         net (fo=5569, unset)         0.020     4.020    u_core/u_strategy/u_ofi/clk_core
    SLICE_X98Y495        FDCE                                         r  u_core/u_strategy/u_ofi/inc_r_reg[32]/C
                         clock pessimism              0.000     4.020    
                         clock uncertainty           -0.135     3.885    
    SLICE_X98Y495        FDCE (Setup_AFF_SLICEL_C_D)
                                                      0.025     3.910    u_core/u_strategy/u_ofi/inc_r_reg[32]
  -------------------------------------------------------------------
                         required time                          3.910    
                         arrival time                          -3.667    
  -------------------------------------------------------------------
                         slack                                  0.242    

Slack (MET) :             0.253ns  (required time - arrival time)
  Source:                 u_core/u_book/ask_lv_reg[cnt][0]/C
                            (rising edge-triggered cell FDCE clocked by clk_core  {rise@0.000ns fall@2.000ns period=4.000ns})
  Destination:            u_core/u_strategy/u_ofi/inc_r_reg[28]/D
                            (rising edge-triggered cell FDCE clocked by clk_core  {rise@0.000ns fall@2.000ns period=4.000ns})
  Path Group:             clk_core
  Path Type:              Setup (Max at Slow Process Corner)
  Requirement:            4.000ns  (clk_core rise@4.000ns - clk_core rise@0.000ns)
  Data Path Delay:        3.627ns  (logic 0.846ns (23.324%)  route 2.781ns (76.676%))
  Logic Levels:           8  (CARRY8=3 LUT4=3 LUT5=1 LUT6=1)
  Clock Path Skew:        -0.009ns (DCD - SCD + CPR)
    Destination Clock Delay (DCD):    0.020ns = ( 4.020 - 4.000 ) 
    Source Clock Delay      (SCD):    0.029ns
    Clock Pessimism Removal (CPR):    0.000ns
  Clock Uncertainty:      0.135ns  ((TSJ^2 + TIJ^2)^1/2 + DJ) / 2 + PE + UU
    Total System Jitter     (TSJ):    0.071ns
    Total Input Jitter      (TIJ):    0.000ns
    Discrete Jitter          (DJ):    0.000ns
    Phase Error              (PE):    0.000ns
    User Uncertainty         (UU):    0.100ns

    Location             Delay type                Incr(ns)  Path(ns)    Netlist Resource(s)
  -------------------------------------------------------------------    -------------------
                         (clock clk_core rise edge)
                                                      0.000     0.000 r  
                                                      0.000     0.000 r  clk_core (IN)
                         net (fo=5569, unset)         0.029     0.029    u_core/u_book/clk_core
    SLICE_X112Y545       FDCE                                         r  u_core/u_book/ask_lv_reg[cnt][0]/C
  -------------------------------------------------------------------    -------------------
    SLICE_X112Y545       FDCE (Prop_EFF_SLICEL_C_Q)
                                                      0.079     0.108 f  u_core/u_book/ask_lv_reg[cnt][0]/Q
                         net (fo=102, routed)         0.827     0.935    u_core/u_book/ask_lv_reg[cnt_n_0_][0]
    SLICE_X110Y525       LUT4 (Prop_A6LUT_SLICEM_I2_O)
                                                      0.038     0.973 r  u_core/u_book/ask_p_r[31]_i_1/O
                         net (fo=11, routed)          0.404     1.377    u_core/u_book/ask_lv_reg[price][0][31]_0[31]
    SLICE_X110Y551       LUT4 (Prop_H6LUT_SLICEM_I2_O)
                                                      0.125     1.502 r  u_core/u_book/i__carry__0_i_9/O
                         net (fo=1, routed)           0.015     1.517    u_core/u_strategy/u_ofi/inc_r0__1_carry_i_6[7]
    SLICE_X110Y551       CARRY8 (Prop_CARRY8_SLICEM_S[7]_CO[7])
                                                      0.124     1.641 f  u_core/u_strategy/u_ofi/inc_r4_inferred__1/i__carry__0/CO[7]
                         net (fo=65, routed)          1.069     2.711    u_core/u_strategy/u_ofi/CO[0]
    SLICE_X101Y490       LUT6 (Prop_B6LUT_SLICEL_I2_O)
                                                      0.090     2.801 r  u_core/u_strategy/u_ofi/inc_r0__1_carry__1_i_27/O
                         net (fo=2, routed)           0.317     3.117    u_core/u_strategy/u_ofi/inc_r0__1_carry__1_i_27_n_0
    SLICE_X97Y493        LUT4 (Prop_A6LUT_SLICEM_I0_O)
                                                      0.053     3.170 r  u_core/u_strategy/u_ofi/inc_r0__1_carry__1_i_6/O
                         net (fo=2, routed)           0.088     3.258    u_core/u_strategy/u_ofi/inc_r0__1_carry__1_i_6_n_0
    SLICE_X98Y493        LUT5 (Prop_C6LUT_SLICEL_I0_O)
                                                      0.096     3.354 r  u_core/u_strategy/u_ofi/inc_r0__1_carry__1_i_14/O
                         net (fo=1, routed)           0.010     3.364    u_core/u_strategy/u_ofi/inc_r0__1_carry__1_i_14_n_0
    SLICE_X98Y493        CARRY8 (Prop_CARRY8_SLICEL_S[2]_CO[7])
                                                      0.155     3.519 r  u_core/u_strategy/u_ofi/inc_r0__1_carry__1/CO[7]
                         net (fo=1, routed)           0.026     3.545    u_core/u_strategy/u_ofi/inc_r0__1_carry__1_n_0
    SLICE_X98Y494        CARRY8 (Prop_CARRY8_SLICEL_CI_O[4])
                                                      0.086     3.631 r  u_core/u_strategy/u_ofi/inc_r0__1_carry__2/O[4]
                         net (fo=1, routed)           0.025     3.656    u_core/u_strategy/u_ofi/inc_r0[28]
    SLICE_X98Y494        FDCE                                         r  u_core/u_strategy/u_ofi/inc_r_reg[28]/D
  -------------------------------------------------------------------    -------------------

                         (clock clk_core rise edge)
                                                      4.000     4.000 r  
                                                      0.000     4.000 r  clk_core (IN)
                         net (fo=5569, unset)         0.020     4.020    u_core/u_strategy/u_ofi/clk_core
    SLICE_X98Y494        FDCE                                         r  u_core/u_strategy/u_ofi/inc_r_reg[28]/C
                         clock pessimism              0.000     4.020    
                         clock uncertainty           -0.135     3.885    
    SLICE_X98Y494        FDCE (Setup_EFF_SLICEL_C_D)
                                                      0.025     3.910    u_core/u_strategy/u_ofi/inc_r_reg[28]
  -------------------------------------------------------------------
                         required time                          3.910    
                         arrival time                          -3.656    
  -------------------------------------------------------------------
                         slack                                  0.253    

Slack (MET) :             0.256ns  (required time - arrival time)
  Source:                 u_core/u_book/ask_lv_reg[cnt][0]/C
                            (rising edge-triggered cell FDCE clocked by clk_core  {rise@0.000ns fall@2.000ns period=4.000ns})
  Destination:            u_core/u_strategy/u_ofi/inc_r_reg[27]/D
                            (rising edge-triggered cell FDCE clocked by clk_core  {rise@0.000ns fall@2.000ns period=4.000ns})
  Path Group:             clk_core
  Path Type:              Setup (Max at Slow Process Corner)
  Requirement:            4.000ns  (clk_core rise@4.000ns - clk_core rise@0.000ns)
  Data Path Delay:        3.624ns  (logic 0.842ns (23.233%)  route 2.782ns (76.767%))
  Logic Levels:           8  (CARRY8=3 LUT4=3 LUT5=1 LUT6=1)
  Clock Path Skew:        -0.009ns (DCD - SCD + CPR)
    Destination Clock Delay (DCD):    0.020ns = ( 4.020 - 4.000 ) 
    Source Clock Delay      (SCD):    0.029ns
    Clock Pessimism Removal (CPR):    0.000ns
  Clock Uncertainty:      0.135ns  ((TSJ^2 + TIJ^2)^1/2 + DJ) / 2 + PE + UU
    Total System Jitter     (TSJ):    0.071ns
    Total Input Jitter      (TIJ):    0.000ns
    Discrete Jitter          (DJ):    0.000ns
    Phase Error              (PE):    0.000ns
    User Uncertainty         (UU):    0.100ns

    Location             Delay type                Incr(ns)  Path(ns)    Netlist Resource(s)
  -------------------------------------------------------------------    -------------------
                         (clock clk_core rise edge)
                                                      0.000     0.000 r  
                                                      0.000     0.000 r  clk_core (IN)
                         net (fo=5569, unset)         0.029     0.029    u_core/u_book/clk_core
    SLICE_X112Y545       FDCE                                         r  u_core/u_book/ask_lv_reg[cnt][0]/C
  -------------------------------------------------------------------    -------------------
    SLICE_X112Y545       FDCE (Prop_EFF_SLICEL_C_Q)
                                                      0.079     0.108 f  u_core/u_book/ask_lv_reg[cnt][0]/Q
                         net (fo=102, routed)         0.827     0.935    u_core/u_book/ask_lv_reg[cnt_n_0_][0]
    SLICE_X110Y525       LUT4 (Prop_A6LUT_SLICEM_I2_O)
                                                      0.038     0.973 r  u_core/u_book/ask_p_r[31]_i_1/O
                         net (fo=11, routed)          0.404     1.377    u_core/u_book/ask_lv_reg[price][0][31]_0[31]
    SLICE_X110Y551       LUT4 (Prop_H6LUT_SLICEM_I2_O)
                                                      0.125     1.502 r  u_core/u_book/i__carry__0_i_9/O
                         net (fo=1, routed)           0.015     1.517    u_core/u_strategy/u_ofi/inc_r0__1_carry_i_6[7]
    SLICE_X110Y551       CARRY8 (Prop_CARRY8_SLICEM_S[7]_CO[7])
                                                      0.124     1.641 f  u_core/u_strategy/u_ofi/inc_r4_inferred__1/i__carry__0/CO[7]
                         net (fo=65, routed)          1.069     2.711    u_core/u_strategy/u_ofi/CO[0]
    SLICE_X101Y490       LUT6 (Prop_B6LUT_SLICEL_I2_O)
                                                      0.090     2.801 r  u_core/u_strategy/u_ofi/inc_r0__1_carry__1_i_27/O
                         net (fo=2, routed)           0.317     3.117    u_core/u_strategy/u_ofi/inc_r0__1_carry__1_i_27_n_0
    SLICE_X97Y493        LUT4 (Prop_A6LUT_SLICEM_I0_O)
                                                      0.053     3.170 r  u_core/u_strategy/u_ofi/inc_r0__1_carry__1_i_6/O
                         net (fo=2, routed)           0.088     3.258    u_core/u_strategy/u_ofi/inc_r0__1_carry__1_i_6_n_0
    SLICE_X98Y493        LUT5 (Prop_C6LUT_SLICEL_I0_O)
                                                      0.096     3.354 r  u_core/u_strategy/u_ofi/inc_r0__1_carry__1_i_14/O
                         net (fo=1, routed)           0.010     3.364    u_core/u_strategy/u_ofi/inc_r0__1_carry__1_i_14_n_0
    SLICE_X98Y493        CARRY8 (Prop_CARRY8_SLICEL_S[2]_CO[7])
                                                      0.155     3.519 r  u_core/u_strategy/u_ofi/inc_r0__1_carry__1/CO[7]
                         net (fo=1, routed)           0.026     3.545    u_core/u_strategy/u_ofi/inc_r0__1_carry__1_n_0
    SLICE_X98Y494        CARRY8 (Prop_CARRY8_SLICEL_CI_O[3])
                                                      0.082     3.627 r  u_core/u_strategy/u_ofi/inc_r0__1_carry__2/O[3]
                         net (fo=1, routed)           0.026     3.653    u_core/u_strategy/u_ofi/inc_r0[27]
    SLICE_X98Y494        FDCE                                         r  u_core/u_strategy/u_ofi/inc_r_reg[27]/D
  -------------------------------------------------------------------    -------------------

                         (clock clk_core rise edge)
                                                      4.000     4.000 r  
                                                      0.000     4.000 r  clk_core (IN)
                         net (fo=5569, unset)         0.020     4.020    u_core/u_strategy/u_ofi/clk_core
    SLICE_X98Y494        FDCE                                         r  u_core/u_strategy/u_ofi/inc_r_reg[27]/C
                         clock pessimism              0.000     4.020    
                         clock uncertainty           -0.135     3.885    
    SLICE_X98Y494        FDCE (Setup_DFF_SLICEL_C_D)
                                                      0.025     3.910    u_core/u_strategy/u_ofi/inc_r_reg[27]
  -------------------------------------------------------------------
                         required time                          3.910    
                         arrival time                          -3.653    
  -------------------------------------------------------------------
                         slack                                  0.256    

Slack (MET) :             0.263ns  (required time - arrival time)
  Source:                 u_core/u_book/ask_lv_reg[cnt][0]/C
                            (rising edge-triggered cell FDCE clocked by clk_core  {rise@0.000ns fall@2.000ns period=4.000ns})
  Destination:            u_core/u_strategy/u_ofi/inc_r_reg[25]/D
                            (rising edge-triggered cell FDCE clocked by clk_core  {rise@0.000ns fall@2.000ns period=4.000ns})
  Path Group:             clk_core
  Path Type:              Setup (Max at Slow Process Corner)
  Requirement:            4.000ns  (clk_core rise@4.000ns - clk_core rise@0.000ns)
  Data Path Delay:        3.617ns  (logic 0.836ns (23.112%)  route 2.781ns (76.888%))
  Logic Levels:           8  (CARRY8=3 LUT4=3 LUT5=1 LUT6=1)
  Clock Path Skew:        -0.009ns (DCD - SCD + CPR)
    Destination Clock Delay (DCD):    0.020ns = ( 4.020 - 4.000 ) 
    Source Clock Delay      (SCD):    0.029ns
    Clock Pessimism Removal (CPR):    0.000ns
  Clock Uncertainty:      0.135ns  ((TSJ^2 + TIJ^2)^1/2 + DJ) / 2 + PE + UU
    Total System Jitter     (TSJ):    0.071ns
    Total Input Jitter      (TIJ):    0.000ns
    Discrete Jitter          (DJ):    0.000ns
    Phase Error              (PE):    0.000ns
    User Uncertainty         (UU):    0.100ns

    Location             Delay type                Incr(ns)  Path(ns)    Netlist Resource(s)
  -------------------------------------------------------------------    -------------------
                         (clock clk_core rise edge)
                                                      0.000     0.000 r  
                                                      0.000     0.000 r  clk_core (IN)
                         net (fo=5569, unset)         0.029     0.029    u_core/u_book/clk_core
    SLICE_X112Y545       FDCE                                         r  u_core/u_book/ask_lv_reg[cnt][0]/C
  -------------------------------------------------------------------    -------------------
    SLICE_X112Y545       FDCE (Prop_EFF_SLICEL_C_Q)
                                                      0.079     0.108 f  u_core/u_book/ask_lv_reg[cnt][0]/Q
                         net (fo=102, routed)         0.827     0.935    u_core/u_book/ask_lv_reg[cnt_n_0_][0]
    SLICE_X110Y525       LUT4 (Prop_A6LUT_SLICEM_I2_O)
                                                      0.038     0.973 r  u_core/u_book/ask_p_r[31]_i_1/O
                         net (fo=11, routed)          0.404     1.377    u_core/u_book/ask_lv_reg[price][0][31]_0[31]
    SLICE_X110Y551       LUT4 (Prop_H6LUT_SLICEM_I2_O)
                                                      0.125     1.502 r  u_core/u_book/i__carry__0_i_9/O
                         net (fo=1, routed)           0.015     1.517    u_core/u_strategy/u_ofi/inc_r0__1_carry_i_6[7]
    SLICE_X110Y551       CARRY8 (Prop_CARRY8_SLICEM_S[7]_CO[7])
                                                      0.124     1.641 f  u_core/u_strategy/u_ofi/inc_r4_inferred__1/i__carry__0/CO[7]
                         net (fo=65, routed)          1.069     2.711    u_core/u_strategy/u_ofi/CO[0]
    SLICE_X101Y490       LUT6 (Prop_B6LUT_SLICEL_I2_O)
                                                      0.090     2.801 r  u_core/u_strategy/u_ofi/inc_r0__1_carry__1_i_27/O
                         net (fo=2, routed)           0.317     3.117    u_core/u_strategy/u_ofi/inc_r0__1_carry__1_i_27_n_0
    SLICE_X97Y493        LUT4 (Prop_A6LUT_SLICEM_I0_O)
                                                      0.053     3.170 r  u_core/u_strategy/u_ofi/inc_r0__1_carry__1_i_6/O
                         net (fo=2, routed)           0.088     3.258    u_core/u_strategy/u_ofi/inc_r0__1_carry__1_i_6_n_0
    SLICE_X98Y493        LUT5 (Prop_C6LUT_SLICEL_I0_O)
                                                      0.096     3.354 r  u_core/u_strategy/u_ofi/inc_r0__1_carry__1_i_14/O
                         net (fo=1, routed)           0.010     3.364    u_core/u_strategy/u_ofi/inc_r0__1_carry__1_i_14_n_0
    SLICE_X98Y493        CARRY8 (Prop_CARRY8_SLICEL_S[2]_CO[7])
                                                      0.155     3.519 r  u_core/u_strategy/u_ofi/inc_r0__1_carry__1/CO[7]
                         net (fo=1, routed)           0.026     3.545    u_core/u_strategy/u_ofi/inc_r0__1_carry__1_n_0
    SLICE_X98Y494        CARRY8 (Prop_CARRY8_SLICEL_CI_O[1])
                                                      0.076     3.621 r  u_core/u_strategy/u_ofi/inc_r0__1_carry__2/O[1]
                         net (fo=1, routed)           0.025     3.646    u_core/u_strategy/u_ofi/inc_r0[25]
    SLICE_X98Y494        FDCE                                         r  u_core/u_strategy/u_ofi/inc_r_reg[25]/D
  -------------------------------------------------------------------    -------------------

                         (clock clk_core rise edge)
                                                      4.000     4.000 r  
                                                      0.000     4.000 r  clk_core (IN)
                         net (fo=5569, unset)         0.020     4.020    u_core/u_strategy/u_ofi/clk_core
    SLICE_X98Y494        FDCE                                         r  u_core/u_strategy/u_ofi/inc_r_reg[25]/C
                         clock pessimism              0.000     4.020    
                         clock uncertainty           -0.135     3.885    
    SLICE_X98Y494        FDCE (Setup_BFF_SLICEL_C_D)
                                                      0.025     3.910    u_core/u_strategy/u_ofi/inc_r_reg[25]
  -------------------------------------------------------------------
                         required time                          3.910    
                         arrival time                          -3.646    
  -------------------------------------------------------------------
                         slack                                  0.263    

Slack (MET) :             0.271ns  (required time - arrival time)
  Source:                 u_core/u_book/ask_lv_reg[cnt][0]/C
                            (rising edge-triggered cell FDCE clocked by clk_core  {rise@0.000ns fall@2.000ns period=4.000ns})
  Destination:            u_core/u_strategy/u_ofi/inc_r_reg[26]/D
                            (rising edge-triggered cell FDCE clocked by clk_core  {rise@0.000ns fall@2.000ns period=4.000ns})
  Path Group:             clk_core
  Path Type:              Setup (Max at Slow Process Corner)
  Requirement:            4.000ns  (clk_core rise@4.000ns - clk_core rise@0.000ns)
  Data Path Delay:        3.609ns  (logic 0.827ns (22.914%)  route 2.782ns (77.086%))
  Logic Levels:           8  (CARRY8=3 LUT4=3 LUT5=1 LUT6=1)
  Clock Path Skew:        -0.009ns (DCD - SCD + CPR)
    Destination Clock Delay (DCD):    0.020ns = ( 4.020 - 4.000 ) 
    Source Clock Delay      (SCD):    0.029ns
    Clock Pessimism Removal (CPR):    0.000ns
  Clock Uncertainty:      0.135ns  ((TSJ^2 + TIJ^2)^1/2 + DJ) / 2 + PE + UU
    Total System Jitter     (TSJ):    0.071ns
    Total Input Jitter      (TIJ):    0.000ns
    Discrete Jitter          (DJ):    0.000ns
    Phase Error              (PE):    0.000ns
    User Uncertainty         (UU):    0.100ns

    Location             Delay type                Incr(ns)  Path(ns)    Netlist Resource(s)
  -------------------------------------------------------------------    -------------------
                         (clock clk_core rise edge)
                                                      0.000     0.000 r  
                                                      0.000     0.000 r  clk_core (IN)
                         net (fo=5569, unset)         0.029     0.029    u_core/u_book/clk_core
    SLICE_X112Y545       FDCE                                         r  u_core/u_book/ask_lv_reg[cnt][0]/C
  -------------------------------------------------------------------    -------------------
    SLICE_X112Y545       FDCE (Prop_EFF_SLICEL_C_Q)
                                                      0.079     0.108 f  u_core/u_book/ask_lv_reg[cnt][0]/Q
                         net (fo=102, routed)         0.827     0.935    u_core/u_book/ask_lv_reg[cnt_n_0_][0]
    SLICE_X110Y525       LUT4 (Prop_A6LUT_SLICEM_I2_O)
                                                      0.038     0.973 r  u_core/u_book/ask_p_r[31]_i_1/O
                         net (fo=11, routed)          0.404     1.377    u_core/u_book/ask_lv_reg[price][0][31]_0[31]
    SLICE_X110Y551       LUT4 (Prop_H6LUT_SLICEM_I2_O)
                                                      0.125     1.502 r  u_core/u_book/i__carry__0_i_9/O
                         net (fo=1, routed)           0.015     1.517    u_core/u_strategy/u_ofi/inc_r0__1_carry_i_6[7]
    SLICE_X110Y551       CARRY8 (Prop_CARRY8_SLICEM_S[7]_CO[7])
                                                      0.124     1.641 f  u_core/u_strategy/u_ofi/inc_r4_inferred__1/i__carry__0/CO[7]
                         net (fo=65, routed)          1.069     2.711    u_core/u_strategy/u_ofi/CO[0]
    SLICE_X101Y490       LUT6 (Prop_B6LUT_SLICEL_I2_O)
                                                      0.090     2.801 r  u_core/u_strategy/u_ofi/inc_r0__1_carry__1_i_27/O
                         net (fo=2, routed)           0.317     3.117    u_core/u_strategy/u_ofi/inc_r0__1_carry__1_i_27_n_0
    SLICE_X97Y493        LUT4 (Prop_A6LUT_SLICEM_I0_O)
                                                      0.053     3.170 r  u_core/u_strategy/u_ofi/inc_r0__1_carry__1_i_6/O
                         net (fo=2, routed)           0.088     3.258    u_core/u_strategy/u_ofi/inc_r0__1_carry__1_i_6_n_0
    SLICE_X98Y493        LUT5 (Prop_C6LUT_SLICEL_I0_O)
                                                      0.096     3.354 r  u_core/u_strategy/u_ofi/inc_r0__1_carry__1_i_14/O
                         net (fo=1, routed)           0.010     3.364    u_core/u_strategy/u_ofi/inc_r0__1_carry__1_i_14_n_0
    SLICE_X98Y493        CARRY8 (Prop_CARRY8_SLICEL_S[2]_CO[7])
                                                      0.155     3.519 r  u_core/u_strategy/u_ofi/inc_r0__1_carry__1/CO[7]
                         net (fo=1, routed)           0.026     3.545    u_core/u_strategy/u_ofi/inc_r0__1_carry__1_n_0
    SLICE_X98Y494        CARRY8 (Prop_CARRY8_SLICEL_CI_O[2])
                                                      0.067     3.612 r  u_core/u_strategy/u_ofi/inc_r0__1_carry__2/O[2]
                         net (fo=1, routed)           0.026     3.638    u_core/u_strategy/u_ofi/inc_r0[26]
    SLICE_X98Y494        FDCE                                         r  u_core/u_strategy/u_ofi/inc_r_reg[26]/D
  -------------------------------------------------------------------    -------------------

                         (clock clk_core rise edge)
                                                      4.000     4.000 r  
                                                      0.000     4.000 r  clk_core (IN)
                         net (fo=5569, unset)         0.020     4.020    u_core/u_strategy/u_ofi/clk_core
    SLICE_X98Y494        FDCE                                         r  u_core/u_strategy/u_ofi/inc_r_reg[26]/C
                         clock pessimism              0.000     4.020    
                         clock uncertainty           -0.135     3.885    
    SLICE_X98Y494        FDCE (Setup_CFF_SLICEL_C_D)
                                                      0.025     3.910    u_core/u_strategy/u_ofi/inc_r_reg[26]
  -------------------------------------------------------------------
                         required time                          3.910    
                         arrival time                          -3.638    
  -------------------------------------------------------------------
                         slack                                  0.271    

Slack (MET) :             0.282ns  (required time - arrival time)
  Source:                 u_core/u_book/ask_lv_reg[cnt][0]/C
                            (rising edge-triggered cell FDCE clocked by clk_core  {rise@0.000ns fall@2.000ns period=4.000ns})
  Destination:            u_core/u_strategy/u_ofi/inc_r_reg[23]/D
                            (rising edge-triggered cell FDCE clocked by clk_core  {rise@0.000ns fall@2.000ns period=4.000ns})
  Path Group:             clk_core
  Path Type:              Setup (Max at Slow Process Corner)
  Requirement:            4.000ns  (clk_core rise@4.000ns - clk_core rise@0.000ns)
  Data Path Delay:        3.599ns  (logic 0.811ns (22.534%)  route 2.788ns (77.466%))
  Logic Levels:           8  (CARRY8=3 LUT4=3 LUT5=1 LUT6=1)
  Clock Path Skew:        -0.009ns (DCD - SCD + CPR)
    Destination Clock Delay (DCD):    0.020ns = ( 4.020 - 4.000 ) 
    Source Clock Delay      (SCD):    0.029ns
    Clock Pessimism Removal (CPR):    0.000ns
  Clock Uncertainty:      0.135ns  ((TSJ^2 + TIJ^2)^1/2 + DJ) / 2 + PE + UU
    Total System Jitter     (TSJ):    0.071ns
    Total Input Jitter      (TIJ):    0.000ns
    Discrete Jitter          (DJ):    0.000ns
    Phase Error              (PE):    0.000ns
    User Uncertainty         (UU):    0.100ns

    Location             Delay type                Incr(ns)  Path(ns)    Netlist Resource(s)
  -------------------------------------------------------------------    -------------------
                         (clock clk_core rise edge)
                                                      0.000     0.000 r  
                                                      0.000     0.000 r  clk_core (IN)
                         net (fo=5569, unset)         0.029     0.029    u_core/u_book/clk_core
    SLICE_X112Y545       FDCE                                         r  u_core/u_book/ask_lv_reg[cnt][0]/C
  -------------------------------------------------------------------    -------------------
    SLICE_X112Y545       FDCE (Prop_EFF_SLICEL_C_Q)
                                                      0.079     0.108 f  u_core/u_book/ask_lv_reg[cnt][0]/Q
                         net (fo=102, routed)         0.827     0.935    u_core/u_book/ask_lv_reg[cnt_n_0_][0]
    SLICE_X110Y525       LUT4 (Prop_A6LUT_SLICEM_I2_O)
                                                      0.038     0.973 r  u_core/u_book/ask_p_r[31]_i_1/O
                         net (fo=11, routed)          0.404     1.377    u_core/u_book/ask_lv_reg[price][0][31]_0[31]
    SLICE_X110Y551       LUT4 (Prop_H6LUT_SLICEM_I2_O)
                                                      0.125     1.502 r  u_core/u_book/i__carry__0_i_9/O
                         net (fo=1, routed)           0.015     1.517    u_core/u_strategy/u_ofi/inc_r0__1_carry_i_6[7]
    SLICE_X110Y551       CARRY8 (Prop_CARRY8_SLICEM_S[7]_CO[7])
                                                      0.124     1.641 r  u_core/u_strategy/u_ofi/inc_r4_inferred__1/i__carry__0/CO[7]
                         net (fo=65, routed)          1.104     2.745    u_core/u_strategy/u_ofi/CO[0]
    SLICE_X102Y490       LUT6 (Prop_F6LUT_SLICEM_I0_O)
                                                      0.088     2.833 r  u_core/u_strategy/u_ofi/inc_r0__1_carry__0_i_26/O
                         net (fo=2, routed)           0.221     3.054    u_core/u_strategy/u_ofi/inc_r0__1_carry__0_i_26_n_0
    SLICE_X99Y492        LUT4 (Prop_B6LUT_SLICEM_I3_O)
                                                      0.037     3.091 r  u_core/u_strategy/u_ofi/inc_r0__1_carry__0_i_5/O
                         net (fo=2, routed)           0.156     3.247    u_core/u_strategy/u_ofi/inc_r0__1_carry__0_i_5_n_0
    SLICE_X98Y492        LUT5 (Prop_D6LUT_SLICEL_I0_O)
                                                      0.050     3.297 r  u_core/u_strategy/u_ofi/inc_r0__1_carry__0_i_13/O
                         net (fo=1, routed)           0.009     3.306    u_core/u_strategy/u_ofi/inc_r0__1_carry__0_i_13_n_0
    SLICE_X98Y492        CARRY8 (Prop_CARRY8_SLICEL_S[3]_CO[7])
                                                      0.154     3.460 r  u_core/u_strategy/u_ofi/inc_r0__1_carry__0/CO[7]
                         net (fo=1, routed)           0.026     3.486    u_core/u_strategy/u_ofi/inc_r0__1_carry__0_n_0
    SLICE_X98Y493        CARRY8 (Prop_CARRY8_SLICEL_CI_O[7])
                                                      0.116     3.602 r  u_core/u_strategy/u_ofi/inc_r0__1_carry__1/O[7]
                         net (fo=1, routed)           0.026     3.628    u_core/u_strategy/u_ofi/inc_r0[23]
    SLICE_X98Y493        FDCE                                         r  u_core/u_strategy/u_ofi/inc_r_reg[23]/D
  -------------------------------------------------------------------    -------------------

                         (clock clk_core rise edge)
                                                      4.000     4.000 r  
                                                      0.000     4.000 r  clk_core (IN)
                         net (fo=5569, unset)         0.020     4.020    u_core/u_strategy/u_ofi/clk_core
    SLICE_X98Y493        FDCE                                         r  u_core/u_strategy/u_ofi/inc_r_reg[23]/C
                         clock pessimism              0.000     4.020    
                         clock uncertainty           -0.135     3.885    
    SLICE_X98Y493        FDCE (Setup_HFF_SLICEL_C_D)
                                                      0.025     3.910    u_core/u_strategy/u_ofi/inc_r_reg[23]
  -------------------------------------------------------------------
                         required time                          3.910    
                         arrival time                          -3.628    
  -------------------------------------------------------------------
                         slack                                  0.282    





Min Delay Paths
--------------------------------------------------------------------------------------
Slack (MET) :             0.012ns  (arrival time - required time)
  Source:                 u_core/u_book/entry_valid_reg[19]/C
                            (rising edge-triggered cell FDCE clocked by clk_core  {rise@0.000ns fall@2.000ns period=4.000ns})
  Destination:            u_core/u_book/entry_valid_reg[19]/D
                            (rising edge-triggered cell FDCE clocked by clk_core  {rise@0.000ns fall@2.000ns period=4.000ns})
  Path Group:             clk_core
  Path Type:              Hold (Min at Fast Process Corner)
  Requirement:            0.000ns  (clk_core rise@0.000ns - clk_core rise@0.000ns)
  Data Path Delay:        0.164ns  (logic 0.098ns (59.848%)  route 0.066ns (40.152%))
  Logic Levels:           1  (LUT6=1)
  Clock Path Skew:        0.006ns (DCD - SCD - CPR)
    Destination Clock Delay (DCD):    0.018ns
    Source Clock Delay      (SCD):    0.012ns
    Clock Pessimism Removal (CPR):    -0.000ns
  Clock Uncertainty:      0.100ns  ((TSJ^2 + TIJ^2)^1/2 + DJ) / 2 + PE + UU
    Total System Jitter     (TSJ):    0.000ns
    Total Input Jitter      (TIJ):    0.000ns
    Discrete Jitter          (DJ):    0.000ns
    Phase Error              (PE):    0.000ns
    User Uncertainty         (UU):    0.100ns

    Location             Delay type                Incr(ns)  Path(ns)    Netlist Resource(s)
  -------------------------------------------------------------------    -------------------
                         (clock clk_core rise edge)
                                                      0.000     0.000 r  
                                                      0.000     0.000 r  clk_core (IN)
                         net (fo=5569, unset)         0.012     0.012    u_core/u_book/clk_core
    SLICE_X120Y527       FDCE                                         r  u_core/u_book/entry_valid_reg[19]/C
  -------------------------------------------------------------------    -------------------
    SLICE_X120Y527       FDCE (Prop_DFF_SLICEL_C_Q)
                                                      0.039     0.051 r  u_core/u_book/entry_valid_reg[19]/Q
                         net (fo=3, routed)           0.050     0.101    u_core/u_book/entry_valid[19]
    SLICE_X120Y527       LUT6 (Prop_D6LUT_SLICEL_I5_O)
                                                      0.059     0.160 r  u_core/u_book/entry_valid[19]_i_1/O
                         net (fo=1, routed)           0.016     0.176    u_core/u_book/entry_valid[19]_i_1_n_0
    SLICE_X120Y527       FDCE                                         r  u_core/u_book/entry_valid_reg[19]/D
  -------------------------------------------------------------------    -------------------

                         (clock clk_core rise edge)
                                                      0.000     0.000 r  
                                                      0.000     0.000 r  clk_core (IN)
                         net (fo=5569, unset)         0.018     0.018    u_core/u_book/clk_core
    SLICE_X120Y527       FDCE                                         r  u_core/u_book/entry_valid_reg[19]/C
                         clock pessimism              0.000     0.018    
                         clock uncertainty            0.100     0.118    
    SLICE_X120Y527       FDCE (Hold_DFF_SLICEL_C_D)
                                                      0.046     0.164    u_core/u_book/entry_valid_reg[19]
  -------------------------------------------------------------------
                         required time                         -0.164    
                         arrival time                           0.176    
  -------------------------------------------------------------------
                         slack                                  0.012    

Slack (MET) :             0.014ns  (arrival time - required time)
  Source:                 u_core/u_book/entry_valid_reg[186]/C
                            (rising edge-triggered cell FDCE clocked by clk_core  {rise@0.000ns fall@2.000ns period=4.000ns})
  Destination:            u_core/u_book/entry_valid_reg[186]/D
                            (rising edge-triggered cell FDCE clocked by clk_core  {rise@0.000ns fall@2.000ns period=4.000ns})
  Path Group:             clk_core
  Path Type:              Hold (Min at Fast Process Corner)
  Requirement:            0.000ns  (clk_core rise@0.000ns - clk_core rise@0.000ns)
  Data Path Delay:        0.166ns  (logic 0.098ns (59.180%)  route 0.068ns (40.820%))
  Logic Levels:           1  (LUT6=1)
  Clock Path Skew:        0.006ns (DCD - SCD - CPR)
    Destination Clock Delay (DCD):    0.018ns
    Source Clock Delay      (SCD):    0.012ns
    Clock Pessimism Removal (CPR):    -0.000ns
  Clock Uncertainty:      0.100ns  ((TSJ^2 + TIJ^2)^1/2 + DJ) / 2 + PE + UU
    Total System Jitter     (TSJ):    0.000ns
    Total Input Jitter      (TIJ):    0.000ns
    Discrete Jitter          (DJ):    0.000ns
    Phase Error              (PE):    0.000ns
    User Uncertainty         (UU):    0.100ns

    Location             Delay type                Incr(ns)  Path(ns)    Netlist Resource(s)
  -------------------------------------------------------------------    -------------------
                         (clock clk_core rise edge)
                                                      0.000     0.000 r  
                                                      0.000     0.000 r  clk_core (IN)
                         net (fo=5569, unset)         0.012     0.012    u_core/u_book/clk_core
    SLICE_X122Y522       FDCE                                         r  u_core/u_book/entry_valid_reg[186]/C
  -------------------------------------------------------------------    -------------------
    SLICE_X122Y522       FDCE (Prop_DFF_SLICEL_C_Q)
                                                      0.039     0.051 r  u_core/u_book/entry_valid_reg[186]/Q
                         net (fo=3, routed)           0.052     0.103    u_core/u_book/entry_valid[186]
    SLICE_X122Y522       LUT6 (Prop_D6LUT_SLICEL_I5_O)
                                                      0.059     0.162 r  u_core/u_book/entry_valid[186]_i_1/O
                         net (fo=1, routed)           0.016     0.178    u_core/u_book/entry_valid[186]_i_1_n_0
    SLICE_X122Y522       FDCE                                         r  u_core/u_book/entry_valid_reg[186]/D
  -------------------------------------------------------------------    -------------------

                         (clock clk_core rise edge)
                                                      0.000     0.000 r  
                                                      0.000     0.000 r  clk_core (IN)
                         net (fo=5569, unset)         0.018     0.018    u_core/u_book/clk_core
    SLICE_X122Y522       FDCE                                         r  u_core/u_book/entry_valid_reg[186]/C
                         clock pessimism              0.000     0.018    
                         clock uncertainty            0.100     0.118    
    SLICE_X122Y522       FDCE (Hold_DFF_SLICEL_C_D)
                                                      0.046     0.164    u_core/u_book/entry_valid_reg[186]
  -------------------------------------------------------------------
                         required time                         -0.164    
                         arrival time                           0.178    
  -------------------------------------------------------------------
                         slack                                  0.014    

Slack (MET) :             0.015ns  (arrival time - required time)
  Source:                 u_core/u_book/entry_valid_reg[0]/C
                            (rising edge-triggered cell FDCE clocked by clk_core  {rise@0.000ns fall@2.000ns period=4.000ns})
  Destination:            u_core/u_book/entry_valid_reg[0]/D
                            (rising edge-triggered cell FDCE clocked by clk_core  {rise@0.000ns fall@2.000ns period=4.000ns})
  Path Group:             clk_core
  Path Type:              Hold (Min at Fast Process Corner)
  Requirement:            0.000ns  (clk_core rise@0.000ns - clk_core rise@0.000ns)
  Data Path Delay:        0.167ns  (logic 0.098ns (58.794%)  route 0.069ns (41.206%))
  Logic Levels:           1  (LUT6=1)
  Clock Path Skew:        0.006ns (DCD - SCD - CPR)
    Destination Clock Delay (DCD):    0.018ns
    Source Clock Delay      (SCD):    0.012ns
    Clock Pessimism Removal (CPR):    -0.000ns
  Clock Uncertainty:      0.100ns  ((TSJ^2 + TIJ^2)^1/2 + DJ) / 2 + PE + UU
    Total System Jitter     (TSJ):    0.000ns
    Total Input Jitter      (TIJ):    0.000ns
    Discrete Jitter          (DJ):    0.000ns
    Phase Error              (PE):    0.000ns
    User Uncertainty         (UU):    0.100ns

    Location             Delay type                Incr(ns)  Path(ns)    Netlist Resource(s)
  -------------------------------------------------------------------    -------------------
                         (clock clk_core rise edge)
                                                      0.000     0.000 r  
                                                      0.000     0.000 r  clk_core (IN)
                         net (fo=5569, unset)         0.012     0.012    u_core/u_book/clk_core
    SLICE_X124Y523       FDCE                                         r  u_core/u_book/entry_valid_reg[0]/C
  -------------------------------------------------------------------    -------------------
    SLICE_X124Y523       FDCE (Prop_DFF_SLICEL_C_Q)
                                                      0.039     0.051 r  u_core/u_book/entry_valid_reg[0]/Q
                         net (fo=3, routed)           0.053     0.104    u_core/u_book/entry_valid[0]
    SLICE_X124Y523       LUT6 (Prop_D6LUT_SLICEL_I5_O)
                                                      0.059     0.163 r  u_core/u_book/entry_valid[0]_i_1/O
                         net (fo=1, routed)           0.016     0.179    u_core/u_book/entry_valid[0]_i_1_n_0
    SLICE_X124Y523       FDCE                                         r  u_core/u_book/entry_valid_reg[0]/D
  -------------------------------------------------------------------    -------------------

                         (clock clk_core rise edge)
                                                      0.000     0.000 r  
                                                      0.000     0.000 r  clk_core (IN)
                         net (fo=5569, unset)         0.018     0.018    u_core/u_book/clk_core
    SLICE_X124Y523       FDCE                                         r  u_core/u_book/entry_valid_reg[0]/C
                         clock pessimism              0.000     0.018    
                         clock uncertainty            0.100     0.118    
    SLICE_X124Y523       FDCE (Hold_DFF_SLICEL_C_D)
                                                      0.046     0.164    u_core/u_book/entry_valid_reg[0]
  -------------------------------------------------------------------
                         required time                         -0.164    
                         arrival time                           0.179    
  -------------------------------------------------------------------
                         slack                                  0.015    

Slack (MET) :             0.016ns  (arrival time - required time)
  Source:                 u_core/u_book/entry_valid_reg[91]/C
                            (rising edge-triggered cell FDCE clocked by clk_core  {rise@0.000ns fall@2.000ns period=4.000ns})
  Destination:            u_core/u_book/entry_valid_reg[91]/D
                            (rising edge-triggered cell FDCE clocked by clk_core  {rise@0.000ns fall@2.000ns period=4.000ns})
  Path Group:             clk_core
  Path Type:              Hold (Min at Fast Process Corner)
  Requirement:            0.000ns  (clk_core rise@0.000ns - clk_core rise@0.000ns)
  Data Path Delay:        0.168ns  (logic 0.098ns (58.457%)  route 0.070ns (41.543%))
  Logic Levels:           1  (LUT6=1)
  Clock Path Skew:        0.006ns (DCD - SCD - CPR)
    Destination Clock Delay (DCD):    0.018ns
    Source Clock Delay      (SCD):    0.012ns
    Clock Pessimism Removal (CPR):    -0.000ns
  Clock Uncertainty:      0.100ns  ((TSJ^2 + TIJ^2)^1/2 + DJ) / 2 + PE + UU
    Total System Jitter     (TSJ):    0.000ns
    Total Input Jitter      (TIJ):    0.000ns
    Discrete Jitter          (DJ):    0.000ns
    Phase Error              (PE):    0.000ns
    User Uncertainty         (UU):    0.100ns

    Location             Delay type                Incr(ns)  Path(ns)    Netlist Resource(s)
  -------------------------------------------------------------------    -------------------
                         (clock clk_core rise edge)
                                                      0.000     0.000 r  
                                                      0.000     0.000 r  clk_core (IN)
                         net (fo=5569, unset)         0.012     0.012    u_core/u_book/clk_core
    SLICE_X118Y514       FDCE                                         r  u_core/u_book/entry_valid_reg[91]/C
  -------------------------------------------------------------------    -------------------
    SLICE_X118Y514       FDCE (Prop_CFF_SLICEL_C_Q)
                                                      0.039     0.051 r  u_core/u_book/entry_valid_reg[91]/Q
                         net (fo=3, routed)           0.053     0.104    u_core/u_book/entry_valid[91]
    SLICE_X118Y514       LUT6 (Prop_C6LUT_SLICEL_I5_O)
                                                      0.059     0.163 r  u_core/u_book/entry_valid[91]_i_1/O
                         net (fo=1, routed)           0.017     0.180    u_core/u_book/entry_valid[91]_i_1_n_0
    SLICE_X118Y514       FDCE                                         r  u_core/u_book/entry_valid_reg[91]/D
  -------------------------------------------------------------------    -------------------

                         (clock clk_core rise edge)
                                                      0.000     0.000 r  
                                                      0.000     0.000 r  clk_core (IN)
                         net (fo=5569, unset)         0.018     0.018    u_core/u_book/clk_core
    SLICE_X118Y514       FDCE                                         r  u_core/u_book/entry_valid_reg[91]/C
                         clock pessimism              0.000     0.018    
                         clock uncertainty            0.100     0.118    
    SLICE_X118Y514       FDCE (Hold_CFF_SLICEL_C_D)
                                                      0.046     0.164    u_core/u_book/entry_valid_reg[91]
  -------------------------------------------------------------------
                         required time                         -0.164    
                         arrival time                           0.180    
  -------------------------------------------------------------------
                         slack                                  0.016    

Slack (MET) :             0.017ns  (arrival time - required time)
  Source:                 u_ingress/u_fifo/rbin_reg[3]/C
                            (rising edge-triggered cell FDCE clocked by clk_core  {rise@0.000ns fall@2.000ns period=4.000ns})
  Destination:            u_ingress/u_fifo/rgray_reg[5]/D
                            (rising edge-triggered cell FDCE clocked by clk_core  {rise@0.000ns fall@2.000ns period=4.000ns})
  Path Group:             clk_core
  Path Type:              Hold (Min at Fast Process Corner)
  Requirement:            0.000ns  (clk_core rise@0.000ns - clk_core rise@0.000ns)
  Data Path Delay:        0.171ns  (logic 0.086ns (50.175%)  route 0.085ns (49.825%))
  Logic Levels:           1  (LUT5=1)
  Clock Path Skew:        0.007ns (DCD - SCD - CPR)
    Destination Clock Delay (DCD):    0.019ns
    Source Clock Delay      (SCD):    0.012ns
    Clock Pessimism Removal (CPR):    -0.000ns
  Clock Uncertainty:      0.100ns  ((TSJ^2 + TIJ^2)^1/2 + DJ) / 2 + PE + UU
    Total System Jitter     (TSJ):    0.000ns
    Total Input Jitter      (TIJ):    0.000ns
    Discrete Jitter          (DJ):    0.000ns
    Phase Error              (PE):    0.000ns
    User Uncertainty         (UU):    0.100ns

    Location             Delay type                Incr(ns)  Path(ns)    Netlist Resource(s)
  -------------------------------------------------------------------    -------------------
                         (clock clk_core rise edge)
                                                      0.000     0.000 r  
                                                      0.000     0.000 r  clk_core (IN)
                         net (fo=5569, unset)         0.012     0.012    u_ingress/u_fifo/clk_core
    SLICE_X103Y483       FDCE                                         r  u_ingress/u_fifo/rbin_reg[3]/C
  -------------------------------------------------------------------    -------------------
    SLICE_X103Y483       FDCE (Prop_CFF_SLICEL_C_Q)
                                                      0.039     0.051 r  u_ingress/u_fifo/rbin_reg[3]/Q
                         net (fo=94, routed)          0.079     0.130    u_ingress/u_fifo/rbin_reg[3]
    SLICE_X101Y482       LUT5 (Prop_H5LUT_SLICEL_I4_O)
                                                      0.047     0.177 r  u_ingress/u_fifo/rgray[5]_i_1__0/O
                         net (fo=1, routed)           0.006     0.183    u_ingress/u_fifo/bin2gray_return[5]
    SLICE_X101Y482       FDCE                                         r  u_ingress/u_fifo/rgray_reg[5]/D
  -------------------------------------------------------------------    -------------------

                         (clock clk_core rise edge)
                                                      0.000     0.000 r  
                                                      0.000     0.000 r  clk_core (IN)
                         net (fo=5569, unset)         0.019     0.019    u_ingress/u_fifo/clk_core
    SLICE_X101Y482       FDCE                                         r  u_ingress/u_fifo/rgray_reg[5]/C
                         clock pessimism              0.000     0.019    
                         clock uncertainty            0.100     0.119    
    SLICE_X101Y482       FDCE (Hold_HFF2_SLICEL_C_D)
                                                      0.047     0.166    u_ingress/u_fifo/rgray_reg[5]
  -------------------------------------------------------------------
                         required time                         -0.166    
                         arrival time                           0.183    
  -------------------------------------------------------------------
                         slack                                  0.017    

Slack (MET) :             0.018ns  (arrival time - required time)
  Source:                 u_core/u_book/entry_valid_reg[183]/C
                            (rising edge-triggered cell FDCE clocked by clk_core  {rise@0.000ns fall@2.000ns period=4.000ns})
  Destination:            u_core/u_book/entry_valid_reg[183]/D
                            (rising edge-triggered cell FDCE clocked by clk_core  {rise@0.000ns fall@2.000ns period=4.000ns})
  Path Group:             clk_core
  Path Type:              Hold (Min at Fast Process Corner)
  Requirement:            0.000ns  (clk_core rise@0.000ns - clk_core rise@0.000ns)
  Data Path Delay:        0.170ns  (logic 0.099ns (58.344%)  route 0.071ns (41.656%))
  Logic Levels:           1  (LUT6=1)
  Clock Path Skew:        0.006ns (DCD - SCD - CPR)
    Destination Clock Delay (DCD):    0.018ns
    Source Clock Delay      (SCD):    0.012ns
    Clock Pessimism Removal (CPR):    -0.000ns
  Clock Uncertainty:      0.100ns  ((TSJ^2 + TIJ^2)^1/2 + DJ) / 2 + PE + UU
    Total System Jitter     (TSJ):    0.000ns
    Total Input Jitter      (TIJ):    0.000ns
    Discrete Jitter          (DJ):    0.000ns
    Phase Error              (PE):    0.000ns
    User Uncertainty         (UU):    0.100ns

    Location             Delay type                Incr(ns)  Path(ns)    Netlist Resource(s)
  -------------------------------------------------------------------    -------------------
                         (clock clk_core rise edge)
                                                      0.000     0.000 r  
                                                      0.000     0.000 r  clk_core (IN)
                         net (fo=5569, unset)         0.012     0.012    u_core/u_book/clk_core
    SLICE_X120Y526       FDCE                                         r  u_core/u_book/entry_valid_reg[183]/C
  -------------------------------------------------------------------    -------------------
    SLICE_X120Y526       FDCE (Prop_BFF_SLICEL_C_Q)
                                                      0.039     0.051 r  u_core/u_book/entry_valid_reg[183]/Q
                         net (fo=3, routed)           0.056     0.107    u_core/u_book/entry_valid[183]
    SLICE_X120Y526       LUT6 (Prop_B6LUT_SLICEL_I5_O)
                                                      0.060     0.167 r  u_core/u_book/entry_valid[183]_i_1/O
                         net (fo=1, routed)           0.015     0.182    u_core/u_book/entry_valid[183]_i_1_n_0
    SLICE_X120Y526       FDCE                                         r  u_core/u_book/entry_valid_reg[183]/D
  -------------------------------------------------------------------    -------------------

                         (clock clk_core rise edge)
                                                      0.000     0.000 r  
                                                      0.000     0.000 r  clk_core (IN)
                         net (fo=5569, unset)         0.018     0.018    u_core/u_book/clk_core
    SLICE_X120Y526       FDCE                                         r  u_core/u_book/entry_valid_reg[183]/C
                         clock pessimism              0.000     0.018    
                         clock uncertainty            0.100     0.118    
    SLICE_X120Y526       FDCE (Hold_BFF_SLICEL_C_D)
                                                      0.046     0.164    u_core/u_book/entry_valid_reg[183]
  -------------------------------------------------------------------
                         required time                         -0.164    
                         arrival time                           0.182    
  -------------------------------------------------------------------
                         slack                                  0.018    

Slack (MET) :             0.018ns  (arrival time - required time)
  Source:                 u_core/u_parser/ref_sr_reg[7]/C
                            (rising edge-triggered cell FDCE clocked by clk_core  {rise@0.000ns fall@2.000ns period=4.000ns})
  Destination:            u_core/u_parser/new_order_ref_reg[7]/D
                            (rising edge-triggered cell FDRE clocked by clk_core  {rise@0.000ns fall@2.000ns period=4.000ns})
  Path Group:             clk_core
  Path Type:              Hold (Min at Fast Process Corner)
  Requirement:            0.000ns  (clk_core rise@0.000ns - clk_core rise@0.000ns)
  Data Path Delay:        0.170ns  (logic 0.079ns (46.557%)  route 0.091ns (53.443%))
  Logic Levels:           1  (LUT6=1)
  Clock Path Skew:        0.006ns (DCD - SCD - CPR)
    Destination Clock Delay (DCD):    0.019ns
    Source Clock Delay      (SCD):    0.013ns
    Clock Pessimism Removal (CPR):    -0.000ns
  Clock Uncertainty:      0.100ns  ((TSJ^2 + TIJ^2)^1/2 + DJ) / 2 + PE + UU
    Total System Jitter     (TSJ):    0.000ns
    Total Input Jitter      (TIJ):    0.000ns
    Discrete Jitter          (DJ):    0.000ns
    Phase Error              (PE):    0.000ns
    User Uncertainty         (UU):    0.100ns

    Location             Delay type                Incr(ns)  Path(ns)    Netlist Resource(s)
  -------------------------------------------------------------------    -------------------
                         (clock clk_core rise edge)
                                                      0.000     0.000 r  
                                                      0.000     0.000 r  clk_core (IN)
                         net (fo=5569, unset)         0.013     0.013    u_core/u_parser/clk_core
    SLICE_X113Y547       FDCE                                         r  u_core/u_parser/ref_sr_reg[7]/C
  -------------------------------------------------------------------    -------------------
    SLICE_X113Y547       FDCE (Prop_AFF2_SLICEM_C_Q)
                                                      0.039     0.052 r  u_core/u_parser/ref_sr_reg[7]/Q
                         net (fo=3, routed)           0.075     0.127    u_core/u_parser/ref_sr[7]
    SLICE_X114Y547       LUT6 (Prop_G6LUT_SLICEL_I5_O)
                                                      0.040     0.167 r  u_core/u_parser/new_order_ref[7]_i_1/O
                         net (fo=1, routed)           0.016     0.183    u_core/u_parser/p_0_in__0[7]
    SLICE_X114Y547       FDRE                                         r  u_core/u_parser/new_order_ref_reg[7]/D
  -------------------------------------------------------------------    -------------------

                         (clock clk_core rise edge)
                                                      0.000     0.000 r  
                                                      0.000     0.000 r  clk_core (IN)
                         net (fo=5569, unset)         0.019     0.019    u_core/u_parser/clk_core
    SLICE_X114Y547       FDRE                                         r  u_core/u_parser/new_order_ref_reg[7]/C
                         clock pessimism              0.000     0.019    
                         clock uncertainty            0.100     0.119    
    SLICE_X114Y547       FDRE (Hold_GFF_SLICEL_C_D)
                                                      0.046     0.165    u_core/u_parser/new_order_ref_reg[7]
  -------------------------------------------------------------------
                         required time                         -0.165    
                         arrival time                           0.183    
  -------------------------------------------------------------------
                         slack                                  0.018    

Slack (MET) :             0.019ns  (arrival time - required time)
  Source:                 u_core/u_strategy/u_ofi/ofi_sum_reg[45]/C
                            (rising edge-triggered cell FDCE clocked by clk_core  {rise@0.000ns fall@2.000ns period=4.000ns})
  Destination:            u_core/u_strategy/u_ofi/ofi_sum_reg[45]/D
                            (rising edge-triggered cell FDCE clocked by clk_core  {rise@0.000ns fall@2.000ns period=4.000ns})
  Path Group:             clk_core
  Path Type:              Hold (Min at Fast Process Corner)
  Requirement:            0.000ns  (clk_core rise@0.000ns - clk_core rise@0.000ns)
  Data Path Delay:        0.171ns  (logic 0.078ns (45.508%)  route 0.093ns (54.492%))
  Logic Levels:           2  (CARRY8=1 LUT2=1)
  Clock Path Skew:        0.006ns (DCD - SCD - CPR)
    Destination Clock Delay (DCD):    0.019ns
    Source Clock Delay      (SCD):    0.013ns
    Clock Pessimism Removal (CPR):    -0.000ns
  Clock Uncertainty:      0.100ns  ((TSJ^2 + TIJ^2)^1/2 + DJ) / 2 + PE + UU
    Total System Jitter     (TSJ):    0.000ns
    Total Input Jitter      (TIJ):    0.000ns
    Discrete Jitter          (DJ):    0.000ns
    Phase Error              (PE):    0.000ns
    User Uncertainty         (UU):    0.100ns

    Location             Delay type                Incr(ns)  Path(ns)    Netlist Resource(s)
  -------------------------------------------------------------------    -------------------
                         (clock clk_core rise edge)
                                                      0.000     0.000 r  
                                                      0.000     0.000 r  clk_core (IN)
                         net (fo=5569, unset)         0.013     0.013    u_core/u_strategy/u_ofi/clk_core
    SLICE_X98Y490        FDCE                                         r  u_core/u_strategy/u_ofi/ofi_sum_reg[45]/C
  -------------------------------------------------------------------    -------------------
    SLICE_X98Y490        FDCE (Prop_FFF_SLICEL_C_Q)
                                                      0.039     0.052 r  u_core/u_strategy/u_ofi/ofi_sum_reg[45]/Q
                         net (fo=3, routed)           0.077     0.129    u_core/u_strategy/ofi_sum[45]
    SLICE_X98Y490        LUT2 (Prop_F6LUT_SLICEL_I1_O)
                                                      0.022     0.151 r  u_core/u_strategy/i___237/O
                         net (fo=1, routed)           0.009     0.160    u_core/u_strategy/u_ofi/ofi_sum_reg[47]_0[5]
    SLICE_X98Y490        CARRY8 (Prop_CARRY8_SLICEL_S[5]_O[5])
                                                      0.017     0.177 r  u_core/u_strategy/u_ofi/mag_carry__4/O[5]
                         net (fo=10, routed)          0.007     0.184    u_core/u_strategy/u_ofi/mag[45]
    SLICE_X98Y490        FDCE                                         r  u_core/u_strategy/u_ofi/ofi_sum_reg[45]/D
  -------------------------------------------------------------------    -------------------

                         (clock clk_core rise edge)
                                                      0.000     0.000 r  
                                                      0.000     0.000 r  clk_core (IN)
                         net (fo=5569, unset)         0.019     0.019    u_core/u_strategy/u_ofi/clk_core
    SLICE_X98Y490        FDCE                                         r  u_core/u_strategy/u_ofi/ofi_sum_reg[45]/C
                         clock pessimism              0.000     0.019    
                         clock uncertainty            0.100     0.119    
    SLICE_X98Y490        FDCE (Hold_FFF_SLICEL_C_D)
                                                      0.046     0.165    u_core/u_strategy/u_ofi/ofi_sum_reg[45]
  -------------------------------------------------------------------
                         required time                         -0.165    
                         arrival time                           0.184    
  -------------------------------------------------------------------
                         slack                                  0.019    

Slack (MET) :             0.019ns  (arrival time - required time)
  Source:                 u_core/u_book/scan_bid_lv_reg[price][2][10]/C
                            (rising edge-triggered cell FDCE clocked by clk_core  {rise@0.000ns fall@2.000ns period=4.000ns})
  Destination:            u_core/u_book/scan_bid_lv_reg[price][3][10]/D
                            (rising edge-triggered cell FDCE clocked by clk_core  {rise@0.000ns fall@2.000ns period=4.000ns})
  Path Group:             clk_core
  Path Type:              Hold (Min at Fast Process Corner)
  Requirement:            0.000ns  (clk_core rise@0.000ns - clk_core rise@0.000ns)
  Data Path Delay:        0.171ns  (logic 0.054ns (31.502%)  route 0.117ns (68.498%))
  Logic Levels:           1  (LUT4=1)
  Clock Path Skew:        0.006ns (DCD - SCD - CPR)
    Destination Clock Delay (DCD):    0.019ns
    Source Clock Delay      (SCD):    0.013ns
    Clock Pessimism Removal (CPR):    -0.000ns
  Clock Uncertainty:      0.100ns  ((TSJ^2 + TIJ^2)^1/2 + DJ) / 2 + PE + UU
    Total System Jitter     (TSJ):    0.000ns
    Total Input Jitter      (TIJ):    0.000ns
    Discrete Jitter          (DJ):    0.000ns
    Phase Error              (PE):    0.000ns
    User Uncertainty         (UU):    0.100ns

    Location             Delay type                Incr(ns)  Path(ns)    Netlist Resource(s)
  -------------------------------------------------------------------    -------------------
                         (clock clk_core rise edge)
                                                      0.000     0.000 r  
                                                      0.000     0.000 r  clk_core (IN)
                         net (fo=5569, unset)         0.013     0.013    u_core/u_book/clk_core
    SLICE_X110Y536       FDCE                                         r  u_core/u_book/scan_bid_lv_reg[price][2][10]/C
  -------------------------------------------------------------------    -------------------
    SLICE_X110Y536       FDCE (Prop_DFF_SLICEM_C_Q)
                                                      0.039     0.052 r  u_core/u_book/scan_bid_lv_reg[price][2][10]/Q
                         net (fo=5, routed)           0.100     0.152    u_core/u_book/scan_bid_lv_reg[price][2]_5[10]
    SLICE_X109Y536       LUT4 (Prop_H6LUT_SLICEL_I0_O)
                                                      0.015     0.167 r  u_core/u_book/scan_bid_lv[price][3][10]_i_1/O
                         net (fo=1, routed)           0.017     0.184    u_core/u_book/scan_bid_lv[price][3][10]_i_1_n_0
    SLICE_X109Y536       FDCE                                         r  u_core/u_book/scan_bid_lv_reg[price][3][10]/D
  -------------------------------------------------------------------    -------------------

                         (clock clk_core rise edge)
                                                      0.000     0.000 r  
                                                      0.000     0.000 r  clk_core (IN)
                         net (fo=5569, unset)         0.019     0.019    u_core/u_book/clk_core
    SLICE_X109Y536       FDCE                                         r  u_core/u_book/scan_bid_lv_reg[price][3][10]/C
                         clock pessimism              0.000     0.019    
                         clock uncertainty            0.100     0.119    
    SLICE_X109Y536       FDCE (Hold_HFF_SLICEL_C_D)
                                                      0.046     0.165    u_core/u_book/scan_bid_lv_reg[price][3][10]
  -------------------------------------------------------------------
                         required time                         -0.165    
                         arrival time                           0.184    
  -------------------------------------------------------------------
                         slack                                  0.019    

Slack (MET) :             0.020ns  (arrival time - required time)
  Source:                 u_core/u_strategy/u_imbalance/cooldown_cnt_reg[12]/C
                            (rising edge-triggered cell FDCE clocked by clk_core  {rise@0.000ns fall@2.000ns period=4.000ns})
  Destination:            u_core/u_strategy/u_imbalance/cooldown_cnt_reg[12]/D
                            (rising edge-triggered cell FDCE clocked by clk_core  {rise@0.000ns fall@2.000ns period=4.000ns})
  Path Group:             clk_core
  Path Type:              Hold (Min at Fast Process Corner)
  Requirement:            0.000ns  (clk_core rise@0.000ns - clk_core rise@0.000ns)
  Data Path Delay:        0.172ns  (logic 0.096ns (55.695%)  route 0.076ns (44.305%))
  Logic Levels:           2  (CARRY8=1 LUT6=1)
  Clock Path Skew:        0.006ns (DCD - SCD - CPR)
    Destination Clock Delay (DCD):    0.019ns
    Source Clock Delay      (SCD):    0.013ns
    Clock Pessimism Removal (CPR):    -0.000ns
  Clock Uncertainty:      0.100ns  ((TSJ^2 + TIJ^2)^1/2 + DJ) / 2 + PE + UU
    Total System Jitter     (TSJ):    0.000ns
    Total Input Jitter      (TIJ):    0.000ns
    Discrete Jitter          (DJ):    0.000ns
    Phase Error              (PE):    0.000ns
    User Uncertainty         (UU):    0.100ns

    Location             Delay type                Incr(ns)  Path(ns)    Netlist Resource(s)
  -------------------------------------------------------------------    -------------------
                         (clock clk_core rise edge)
                                                      0.000     0.000 r  
                                                      0.000     0.000 r  clk_core (IN)
                         net (fo=5569, unset)         0.013     0.013    u_core/u_strategy/u_imbalance/clk_core
    SLICE_X102Y549       FDCE                                         r  u_core/u_strategy/u_imbalance/cooldown_cnt_reg[12]/C
  -------------------------------------------------------------------    -------------------
    SLICE_X102Y549       FDCE (Prop_EFF_SLICEM_C_Q)
                                                      0.038     0.051 r  u_core/u_strategy/u_imbalance/cooldown_cnt_reg[12]/Q
                         net (fo=4, routed)           0.058     0.109    u_core/u_strategy/u_imbalance/cooldown_cnt_reg[12]
    SLICE_X102Y549       LUT6 (Prop_E6LUT_SLICEM_I5_O)
                                                      0.040     0.149 r  u_core/u_strategy/u_imbalance/cooldown_cnt[8]_i_5/O
                         net (fo=1, routed)           0.011     0.160    u_core/u_strategy/u_imbalance/cooldown_cnt[8]_i_5_n_0
    SLICE_X102Y549       CARRY8 (Prop_CARRY8_SLICEM_S[4]_O[4])
                                                      0.018     0.178 r  u_core/u_strategy/u_imbalance/cooldown_cnt_reg[8]_i_1/O[4]
                         net (fo=1, routed)           0.007     0.185    u_core/u_strategy/u_imbalance/cooldown_cnt_reg[8]_i_1_n_11
    SLICE_X102Y549       FDCE                                         r  u_core/u_strategy/u_imbalance/cooldown_cnt_reg[12]/D
  -------------------------------------------------------------------    -------------------

                         (clock clk_core rise edge)
                                                      0.000     0.000 r  
                                                      0.000     0.000 r  clk_core (IN)
                         net (fo=5569, unset)         0.019     0.019    u_core/u_strategy/u_imbalance/clk_core
    SLICE_X102Y549       FDCE                                         r  u_core/u_strategy/u_imbalance/cooldown_cnt_reg[12]/C
                         clock pessimism              0.000     0.019    
                         clock uncertainty            0.100     0.119    
    SLICE_X102Y549       FDCE (Hold_EFF_SLICEM_C_D)
                                                      0.046     0.165    u_core/u_strategy/u_imbalance/cooldown_cnt_reg[12]
  -------------------------------------------------------------------
                         required time                         -0.165    
                         arrival time                           0.185    
  -------------------------------------------------------------------
                         slack                                  0.020    





Pulse Width Checks
--------------------------------------------------------------------------------------
Clock Name:         clk_core
Waveform(ns):       { 0.000 2.000 }
Period(ns):         4.000
Sources:            { clk_core }

Check Type        Corner  Lib Pin             Reference Pin  Required(ns)  Actual(ns)  Slack(ns)  Location        Pin
Min Period        n/a     RAMB36E2/CLKARDCLK  n/a            1.569         4.000       2.431      RAMB36_X8Y108   u_core/u_book/entries_reg[0][order_ref]/CLKARDCLK
Min Period        n/a     RAMB36E2/CLKBWRCLK  n/a            1.569         4.000       2.431      RAMB36_X8Y108   u_core/u_book/entries_reg[0][order_ref]/CLKBWRCLK
Min Period        n/a     RAMD32/CLK          n/a            1.064         4.000       2.936      SLICE_X100Y566  u_axil_r/u_fifo/mem_reg_0_3_0_13/RAMA/CLK
Min Period        n/a     RAMD32/CLK          n/a            1.064         4.000       2.936      SLICE_X100Y566  u_axil_r/u_fifo/mem_reg_0_3_0_13/RAMA_D1/CLK
Min Period        n/a     RAMD32/CLK          n/a            1.064         4.000       2.936      SLICE_X100Y566  u_axil_r/u_fifo/mem_reg_0_3_0_13/RAMB/CLK
Min Period        n/a     RAMD32/CLK          n/a            1.064         4.000       2.936      SLICE_X100Y566  u_axil_r/u_fifo/mem_reg_0_3_0_13/RAMB_D1/CLK
Min Period        n/a     RAMD32/CLK          n/a            1.064         4.000       2.936      SLICE_X100Y566  u_axil_r/u_fifo/mem_reg_0_3_0_13/RAMC/CLK
Min Period        n/a     RAMD32/CLK          n/a            1.064         4.000       2.936      SLICE_X100Y566  u_axil_r/u_fifo/mem_reg_0_3_0_13/RAMC_D1/CLK
Min Period        n/a     RAMD32/CLK          n/a            1.064         4.000       2.936      SLICE_X100Y566  u_axil_r/u_fifo/mem_reg_0_3_0_13/RAMD/CLK
Min Period        n/a     RAMD32/CLK          n/a            1.064         4.000       2.936      SLICE_X100Y566  u_axil_r/u_fifo/mem_reg_0_3_0_13/RAMD_D1/CLK
Low Pulse Width   Slow    RAMB36E2/CLKARDCLK  n/a            0.542         2.000       1.458      RAMB36_X8Y108   u_core/u_book/entries_reg[0][order_ref]/CLKARDCLK
Low Pulse Width   Fast    RAMB36E2/CLKARDCLK  n/a            0.542         2.000       1.458      RAMB36_X8Y108   u_core/u_book/entries_reg[0][order_ref]/CLKARDCLK
Low Pulse Width   Slow    RAMB36E2/CLKBWRCLK  n/a            0.542         2.000       1.458      RAMB36_X8Y108   u_core/u_book/entries_reg[0][order_ref]/CLKBWRCLK
Low Pulse Width   Fast    RAMB36E2/CLKBWRCLK  n/a            0.542         2.000       1.458      RAMB36_X8Y108   u_core/u_book/entries_reg[0][order_ref]/CLKBWRCLK
Low Pulse Width   Slow    RAMD32/CLK          n/a            0.532         2.000       1.468      SLICE_X100Y566  u_axil_r/u_fifo/mem_reg_0_3_0_13/RAMA/CLK
Low Pulse Width   Fast    RAMD32/CLK          n/a            0.532         2.000       1.468      SLICE_X100Y566  u_axil_r/u_fifo/mem_reg_0_3_0_13/RAMA/CLK
Low Pulse Width   Slow    RAMD32/CLK          n/a            0.532         2.000       1.468      SLICE_X100Y566  u_axil_r/u_fifo/mem_reg_0_3_0_13/RAMA_D1/CLK
Low Pulse Width   Fast    RAMD32/CLK          n/a            0.532         2.000       1.468      SLICE_X100Y566  u_axil_r/u_fifo/mem_reg_0_3_0_13/RAMA_D1/CLK
Low Pulse Width   Slow    RAMD32/CLK          n/a            0.532         2.000       1.468      SLICE_X100Y566  u_axil_r/u_fifo/mem_reg_0_3_0_13/RAMB/CLK
Low Pulse Width   Fast    RAMD32/CLK          n/a            0.532         2.000       1.468      SLICE_X100Y566  u_axil_r/u_fifo/mem_reg_0_3_0_13/RAMB/CLK
High Pulse Width  Slow    RAMB36E2/CLKARDCLK  n/a            0.542         2.000       1.458      RAMB36_X8Y108   u_core/u_book/entries_reg[0][order_ref]/CLKARDCLK
High Pulse Width  Fast    RAMB36E2/CLKARDCLK  n/a            0.542         2.000       1.458      RAMB36_X8Y108   u_core/u_book/entries_reg[0][order_ref]/CLKARDCLK
High Pulse Width  Slow    RAMB36E2/CLKBWRCLK  n/a            0.542         2.000       1.458      RAMB36_X8Y108   u_core/u_book/entries_reg[0][order_ref]/CLKBWRCLK
High Pulse Width  Fast    RAMB36E2/CLKBWRCLK  n/a            0.542         2.000       1.458      RAMB36_X8Y108   u_core/u_book/entries_reg[0][order_ref]/CLKBWRCLK
High Pulse Width  Slow    RAMD32/CLK          n/a            0.532         2.000       1.468      SLICE_X100Y566  u_axil_r/u_fifo/mem_reg_0_3_0_13/RAMA/CLK
High Pulse Width  Fast    RAMD32/CLK          n/a            0.532         2.000       1.468      SLICE_X100Y566  u_axil_r/u_fifo/mem_reg_0_3_0_13/RAMA/CLK
High Pulse Width  Slow    RAMD32/CLK          n/a            0.532         2.000       1.468      SLICE_X100Y566  u_axil_r/u_fifo/mem_reg_0_3_0_13/RAMA_D1/CLK
High Pulse Width  Fast    RAMD32/CLK          n/a            0.532         2.000       1.468      SLICE_X100Y566  u_axil_r/u_fifo/mem_reg_0_3_0_13/RAMA_D1/CLK
High Pulse Width  Slow    RAMD32/CLK          n/a            0.532         2.000       1.468      SLICE_X100Y566  u_axil_r/u_fifo/mem_reg_0_3_0_13/RAMB/CLK
High Pulse Width  Fast    RAMD32/CLK          n/a            0.532         2.000       1.468      SLICE_X100Y566  u_axil_r/u_fifo/mem_reg_0_3_0_13/RAMB/CLK



---------------------------------------------------------------------------------------------------
From Clock:  clk_host
  To Clock:  clk_host

Setup :            0  Failing Endpoints,  Worst Slack        5.684ns,  Total Violation        0.000ns
Hold  :            0  Failing Endpoints,  Worst Slack        0.032ns,  Total Violation        0.000ns
PW    :            0  Failing Endpoints,  Worst Slack        3.468ns,  Total Violation        0.000ns
---------------------------------------------------------------------------------------------------


Max Delay Paths
--------------------------------------------------------------------------------------
Slack (MET) :             5.684ns  (required time - arrival time)
  Source:                 u_cfg/u_ack/sync_reg[1]/C
                            (rising edge-triggered cell FDCE clocked by clk_host  {rise@0.000ns fall@4.000ns period=8.000ns})
  Destination:            cfg_valid_host_reg/D
                            (rising edge-triggered cell FDCE clocked by clk_host  {rise@0.000ns fall@4.000ns period=8.000ns})
  Path Group:             clk_host
  Path Type:              Setup (Max at Slow Process Corner)
  Requirement:            8.000ns  (clk_host rise@8.000ns - clk_host rise@0.000ns)
  Data Path Delay:        2.198ns  (logic 0.248ns (11.283%)  route 1.950ns (88.717%))
  Logic Levels:           2  (LUT2=1 LUT6=1)
  Clock Path Skew:        -0.008ns (DCD - SCD + CPR)
    Destination Clock Delay (DCD):    0.020ns = ( 8.020 - 8.000 ) 
    Source Clock Delay      (SCD):    0.028ns
    Clock Pessimism Removal (CPR):    0.000ns
  Clock Uncertainty:      0.135ns  ((TSJ^2 + TIJ^2)^1/2 + DJ) / 2 + PE + UU
    Total System Jitter     (TSJ):    0.071ns
    Total Input Jitter      (TIJ):    0.000ns
    Discrete Jitter          (DJ):    0.000ns
    Phase Error              (PE):    0.000ns
    User Uncertainty         (UU):    0.100ns

    Location             Delay type                Incr(ns)  Path(ns)    Netlist Resource(s)
  -------------------------------------------------------------------    -------------------
                         (clock clk_host rise edge)
                                                      0.000     0.000 r  
                                                      0.000     0.000 r  clk_host (IN)
                         net (fo=145, unset)          0.028     0.028    u_cfg/u_ack/clk_host
    SLICE_X111Y555       FDCE                                         r  u_cfg/u_ack/sync_reg[1]/C
  -------------------------------------------------------------------    -------------------
    SLICE_X111Y555       FDCE (Prop_AFF2_SLICEL_C_Q)
                                                      0.081     0.109 r  u_cfg/u_ack/sync_reg[1]/Q
                         net (fo=2, routed)           0.304     0.413    u_cfg/u_ack/sync[1]
    SLICE_X111Y555       LUT2 (Prop_C5LUT_SLICEL_I0_O)
                                                      0.068     0.481 r  u_cfg/u_ack/cfg_load_pending_i_2/O
                         net (fo=1, routed)           0.684     1.165    u_cfg/u_ack/cfg_ready_host
    SLICE_X110Y555       LUT6 (Prop_D6LUT_SLICEM_I0_O)
                                                      0.099     1.264 r  u_cfg/u_ack/cfg_load_pending_i_1/O
                         net (fo=4, routed)           0.962     2.226    cfg_valid_host0
    SLICE_X111Y555       FDCE                                         r  cfg_valid_host_reg/D
  -------------------------------------------------------------------    -------------------

                         (clock clk_host rise edge)
                                                      8.000     8.000 r  
                                                      0.000     8.000 r  clk_host (IN)
                         net (fo=145, unset)          0.020     8.020    clk_host
    SLICE_X111Y555       FDCE                                         r  cfg_valid_host_reg/C
                         clock pessimism              0.000     8.020    
                         clock uncertainty           -0.135     7.885    
    SLICE_X111Y555       FDCE (Setup_CFF2_SLICEL_C_D)
                                                      0.025     7.910    cfg_valid_host_reg
  -------------------------------------------------------------------
                         required time                          7.910    
                         arrival time                          -2.226    
  -------------------------------------------------------------------
                         slack                                  5.684    

Slack (MET) :             6.419ns  (required time - arrival time)
  Source:                 u_cfg/u_ack/sync_reg[1]/C
                            (rising edge-triggered cell FDCE clocked by clk_host  {rise@0.000ns fall@4.000ns period=8.000ns})
  Destination:            cfg_load_pending_reg/CE
                            (rising edge-triggered cell FDPE clocked by clk_host  {rise@0.000ns fall@4.000ns period=8.000ns})
  Path Group:             clk_host
  Path Type:              Setup (Max at Slow Process Corner)
  Requirement:            8.000ns  (clk_host rise@8.000ns - clk_host rise@0.000ns)
  Data Path Delay:        1.378ns  (logic 0.248ns (17.997%)  route 1.130ns (82.003%))
  Logic Levels:           2  (LUT2=1 LUT6=1)
  Clock Path Skew:        -0.007ns (DCD - SCD + CPR)
    Destination Clock Delay (DCD):    0.021ns = ( 8.021 - 8.000 ) 
    Source Clock Delay      (SCD):    0.028ns
    Clock Pessimism Removal (CPR):    0.000ns
  Clock Uncertainty:      0.135ns  ((TSJ^2 + TIJ^2)^1/2 + DJ) / 2 + PE + UU
    Total System Jitter     (TSJ):    0.071ns
    Total Input Jitter      (TIJ):    0.000ns
    Discrete Jitter          (DJ):    0.000ns
    Phase Error              (PE):    0.000ns
    User Uncertainty         (UU):    0.100ns

    Location             Delay type                Incr(ns)  Path(ns)    Netlist Resource(s)
  -------------------------------------------------------------------    -------------------
                         (clock clk_host rise edge)
                                                      0.000     0.000 r  
                                                      0.000     0.000 r  clk_host (IN)
                         net (fo=145, unset)          0.028     0.028    u_cfg/u_ack/clk_host
    SLICE_X111Y555       FDCE                                         r  u_cfg/u_ack/sync_reg[1]/C
  -------------------------------------------------------------------    -------------------
    SLICE_X111Y555       FDCE (Prop_AFF2_SLICEL_C_Q)
                                                      0.081     0.109 r  u_cfg/u_ack/sync_reg[1]/Q
                         net (fo=2, routed)           0.304     0.413    u_cfg/u_ack/sync[1]
    SLICE_X111Y555       LUT2 (Prop_C5LUT_SLICEL_I0_O)
                                                      0.068     0.481 r  u_cfg/u_ack/cfg_load_pending_i_2/O
                         net (fo=1, routed)           0.684     1.165    u_cfg/u_ack/cfg_ready_host
    SLICE_X110Y555       LUT6 (Prop_D6LUT_SLICEM_I0_O)
                                                      0.099     1.264 r  u_cfg/u_ack/cfg_load_pending_i_1/O
                         net (fo=4, routed)           0.142     1.406    cfg_valid_host0
    SLICE_X110Y555       FDPE                                         r  cfg_load_pending_reg/CE
  -------------------------------------------------------------------    -------------------

                         (clock clk_host rise edge)
                                                      8.000     8.000 r  
                                                      0.000     8.000 r  clk_host (IN)
                         net (fo=145, unset)          0.021     8.021    clk_host
    SLICE_X110Y555       FDPE                                         r  cfg_load_pending_reg/C
                         clock pessimism              0.000     8.021    
                         clock uncertainty           -0.135     7.886    
    SLICE_X110Y555       FDPE (Setup_HFF2_SLICEM_C_CE)
                                                     -0.061     7.825    cfg_load_pending_reg
  -------------------------------------------------------------------
                         required time                          7.825    
                         arrival time                          -1.406    
  -------------------------------------------------------------------
                         slack                                  6.419    

Slack (MET) :             6.419ns  (required time - arrival time)
  Source:                 u_cfg/u_ack/sync_reg[1]/C
                            (rising edge-triggered cell FDCE clocked by clk_host  {rise@0.000ns fall@4.000ns period=8.000ns})
  Destination:            cfg_sent_host_reg[0]/CE
                            (rising edge-triggered cell FDCE clocked by clk_host  {rise@0.000ns fall@4.000ns period=8.000ns})
  Path Group:             clk_host
  Path Type:              Setup (Max at Slow Process Corner)
  Requirement:            8.000ns  (clk_host rise@8.000ns - clk_host rise@0.000ns)
  Data Path Delay:        1.378ns  (logic 0.248ns (17.997%)  route 1.130ns (82.003%))
  Logic Levels:           2  (LUT2=1 LUT6=1)
  Clock Path Skew:        -0.007ns (DCD - SCD + CPR)
    Destination Clock Delay (DCD):    0.021ns = ( 8.021 - 8.000 ) 
    Source Clock Delay      (SCD):    0.028ns
    Clock Pessimism Removal (CPR):    0.000ns
  Clock Uncertainty:      0.135ns  ((TSJ^2 + TIJ^2)^1/2 + DJ) / 2 + PE + UU
    Total System Jitter     (TSJ):    0.071ns
    Total Input Jitter      (TIJ):    0.000ns
    Discrete Jitter          (DJ):    0.000ns
    Phase Error              (PE):    0.000ns
    User Uncertainty         (UU):    0.100ns

    Location             Delay type                Incr(ns)  Path(ns)    Netlist Resource(s)
  -------------------------------------------------------------------    -------------------
                         (clock clk_host rise edge)
                                                      0.000     0.000 r  
                                                      0.000     0.000 r  clk_host (IN)
                         net (fo=145, unset)          0.028     0.028    u_cfg/u_ack/clk_host
    SLICE_X111Y555       FDCE                                         r  u_cfg/u_ack/sync_reg[1]/C
  -------------------------------------------------------------------    -------------------
    SLICE_X111Y555       FDCE (Prop_AFF2_SLICEL_C_Q)
                                                      0.081     0.109 r  u_cfg/u_ack/sync_reg[1]/Q
                         net (fo=2, routed)           0.304     0.413    u_cfg/u_ack/sync[1]
    SLICE_X111Y555       LUT2 (Prop_C5LUT_SLICEL_I0_O)
                                                      0.068     0.481 r  u_cfg/u_ack/cfg_load_pending_i_2/O
                         net (fo=1, routed)           0.684     1.165    u_cfg/u_ack/cfg_ready_host
    SLICE_X110Y555       LUT6 (Prop_D6LUT_SLICEM_I0_O)
                                                      0.099     1.264 r  u_cfg/u_ack/cfg_load_pending_i_1/O
                         net (fo=4, routed)           0.142     1.406    cfg_valid_host0
    SLICE_X110Y555       FDCE                                         r  cfg_sent_host_reg[0]/CE
  -------------------------------------------------------------------    -------------------

                         (clock clk_host rise edge)
                                                      8.000     8.000 r  
                                                      0.000     8.000 r  clk_host (IN)
                         net (fo=145, unset)          0.021     8.021    clk_host
    SLICE_X110Y555       FDCE                                         r  cfg_sent_host_reg[0]/C
                         clock pessimism              0.000     8.021    
                         clock uncertainty           -0.135     7.886    
    SLICE_X110Y555       FDCE (Setup_GFF2_SLICEM_C_CE)
                                                     -0.061     7.825    cfg_sent_host_reg[0]
  -------------------------------------------------------------------
                         required time                          7.825    
                         arrival time                          -1.406    
  -------------------------------------------------------------------
                         slack                                  6.419    

Slack (MET) :             6.419ns  (required time - arrival time)
  Source:                 u_cfg/u_ack/sync_reg[1]/C
                            (rising edge-triggered cell FDCE clocked by clk_host  {rise@0.000ns fall@4.000ns period=8.000ns})
  Destination:            cfg_sent_host_reg[1]/CE
                            (rising edge-triggered cell FDCE clocked by clk_host  {rise@0.000ns fall@4.000ns period=8.000ns})
  Path Group:             clk_host
  Path Type:              Setup (Max at Slow Process Corner)
  Requirement:            8.000ns  (clk_host rise@8.000ns - clk_host rise@0.000ns)
  Data Path Delay:        1.378ns  (logic 0.248ns (17.997%)  route 1.130ns (82.003%))
  Logic Levels:           2  (LUT2=1 LUT6=1)
  Clock Path Skew:        -0.007ns (DCD - SCD + CPR)
    Destination Clock Delay (DCD):    0.021ns = ( 8.021 - 8.000 ) 
    Source Clock Delay      (SCD):    0.028ns
    Clock Pessimism Removal (CPR):    0.000ns
  Clock Uncertainty:      0.135ns  ((TSJ^2 + TIJ^2)^1/2 + DJ) / 2 + PE + UU
    Total System Jitter     (TSJ):    0.071ns
    Total Input Jitter      (TIJ):    0.000ns
    Discrete Jitter          (DJ):    0.000ns
    Phase Error              (PE):    0.000ns
    User Uncertainty         (UU):    0.100ns

    Location             Delay type                Incr(ns)  Path(ns)    Netlist Resource(s)
  -------------------------------------------------------------------    -------------------
                         (clock clk_host rise edge)
                                                      0.000     0.000 r  
                                                      0.000     0.000 r  clk_host (IN)
                         net (fo=145, unset)          0.028     0.028    u_cfg/u_ack/clk_host
    SLICE_X111Y555       FDCE                                         r  u_cfg/u_ack/sync_reg[1]/C
  -------------------------------------------------------------------    -------------------
    SLICE_X111Y555       FDCE (Prop_AFF2_SLICEL_C_Q)
                                                      0.081     0.109 r  u_cfg/u_ack/sync_reg[1]/Q
                         net (fo=2, routed)           0.304     0.413    u_cfg/u_ack/sync[1]
    SLICE_X111Y555       LUT2 (Prop_C5LUT_SLICEL_I0_O)
                                                      0.068     0.481 r  u_cfg/u_ack/cfg_load_pending_i_2/O
                         net (fo=1, routed)           0.684     1.165    u_cfg/u_ack/cfg_ready_host
    SLICE_X110Y555       LUT6 (Prop_D6LUT_SLICEM_I0_O)
                                                      0.099     1.264 r  u_cfg/u_ack/cfg_load_pending_i_1/O
                         net (fo=4, routed)           0.142     1.406    cfg_valid_host0
    SLICE_X110Y555       FDCE                                         r  cfg_sent_host_reg[1]/CE
  -------------------------------------------------------------------    -------------------

                         (clock clk_host rise edge)
                                                      8.000     8.000 r  
                                                      0.000     8.000 r  clk_host (IN)
                         net (fo=145, unset)          0.021     8.021    clk_host
    SLICE_X110Y555       FDCE                                         r  cfg_sent_host_reg[1]/C
                         clock pessimism              0.000     8.021    
                         clock uncertainty           -0.135     7.886    
    SLICE_X110Y555       FDCE (Setup_FFF2_SLICEM_C_CE)
                                                     -0.061     7.825    cfg_sent_host_reg[1]
  -------------------------------------------------------------------
                         required time                          7.825    
                         arrival time                          -1.406    
  -------------------------------------------------------------------
                         slack                                  6.419    

Slack (MET) :             6.464ns  (required time - arrival time)
  Source:                 u_egress/u_fifo/rbin_reg[1]/C
                            (rising edge-triggered cell FDCE clocked by clk_host  {rise@0.000ns fall@4.000ns period=8.000ns})
  Destination:            u_egress/u_fifo/empty_reg/D
                            (rising edge-triggered cell FDPE clocked by clk_host  {rise@0.000ns fall@4.000ns period=8.000ns})
  Path Group:             clk_host
  Path Type:              Setup (Max at Slow Process Corner)
  Requirement:            8.000ns  (clk_host rise@8.000ns - clk_host rise@0.000ns)
  Data Path Delay:        1.418ns  (logic 0.355ns (25.037%)  route 1.063ns (74.963%))
  Logic Levels:           3  (LUT5=1 LUT6=2)
  Clock Path Skew:        -0.008ns (DCD - SCD + CPR)
    Destination Clock Delay (DCD):    0.021ns = ( 8.021 - 8.000 ) 
    Source Clock Delay      (SCD):    0.029ns
    Clock Pessimism Removal (CPR):    0.000ns
  Clock Uncertainty:      0.135ns  ((TSJ^2 + TIJ^2)^1/2 + DJ) / 2 + PE + UU
    Total System Jitter     (TSJ):    0.071ns
    Total Input Jitter      (TIJ):    0.000ns
    Discrete Jitter          (DJ):    0.000ns
    Phase Error              (PE):    0.000ns
    User Uncertainty         (UU):    0.100ns

    Location             Delay type                Incr(ns)  Path(ns)    Netlist Resource(s)
  -------------------------------------------------------------------    -------------------
                         (clock clk_host rise edge)
                                                      0.000     0.000 r  
                                                      0.000     0.000 r  clk_host (IN)
                         net (fo=145, unset)          0.029     0.029    u_egress/u_fifo/clk_host
    SLICE_X101Y552       FDCE                                         r  u_egress/u_fifo/rbin_reg[1]/C
  -------------------------------------------------------------------    -------------------
    SLICE_X101Y552       FDCE (Prop_GFF2_SLICEL_C_Q)
                                                      0.081     0.110 r  u_egress/u_fifo/rbin_reg[1]/Q
                         net (fo=50, routed)          0.441     0.551    u_egress/u_fifo/rbin_reg[1]
    SLICE_X101Y553       LUT5 (Prop_C6LUT_SLICEL_I1_O)
                                                      0.096     0.647 r  u_egress/u_fifo/rgray[1]_i_1/O
                         net (fo=2, routed)           0.334     0.981    u_egress/u_fifo/bin2gray0_return[1]
    SLICE_X102Y553       LUT6 (Prop_H6LUT_SLICEM_I5_O)
                                                      0.090     1.071 r  u_egress/u_fifo/empty_i_3/O
                         net (fo=1, routed)           0.216     1.287    u_egress/u_fifo/empty_i_3_n_0
    SLICE_X100Y551       LUT6 (Prop_D6LUT_SLICEM_I5_O)
                                                      0.088     1.375 r  u_egress/u_fifo/empty_i_1/O
                         net (fo=1, routed)           0.072     1.447    u_egress/u_fifo/empty_i_1_n_0
    SLICE_X100Y551       FDPE                                         r  u_egress/u_fifo/empty_reg/D
  -------------------------------------------------------------------    -------------------

                         (clock clk_host rise edge)
                                                      8.000     8.000 r  
                                                      0.000     8.000 r  clk_host (IN)
                         net (fo=145, unset)          0.021     8.021    u_egress/u_fifo/clk_host
    SLICE_X100Y551       FDPE                                         r  u_egress/u_fifo/empty_reg/C
                         clock pessimism              0.000     8.021    
                         clock uncertainty           -0.135     7.886    
    SLICE_X100Y551       FDPE (Setup_DFF_SLICEM_C_D)
                                                      0.025     7.911    u_egress/u_fifo/empty_reg
  -------------------------------------------------------------------
                         required time                          7.911    
                         arrival time                          -1.447    
  -------------------------------------------------------------------
                         slack                                  6.464    

Slack (MET) :             6.633ns  (required time - arrival time)
  Source:                 u_egress/u_fifo/rbin_reg[1]/C
                            (rising edge-triggered cell FDCE clocked by clk_host  {rise@0.000ns fall@4.000ns period=8.000ns})
  Destination:            u_egress/u_fifo/rgray_reg[3]/D
                            (rising edge-triggered cell FDCE clocked by clk_host  {rise@0.000ns fall@4.000ns period=8.000ns})
  Path Group:             clk_host
  Path Type:              Setup (Max at Slow Process Corner)
  Requirement:            8.000ns  (clk_host rise@8.000ns - clk_host rise@0.000ns)
  Data Path Delay:        1.249ns  (logic 0.280ns (22.418%)  route 0.969ns (77.582%))
  Logic Levels:           2  (LUT3=1 LUT5=1)
  Clock Path Skew:        -0.008ns (DCD - SCD + CPR)
    Destination Clock Delay (DCD):    0.021ns = ( 8.021 - 8.000 ) 
    Source Clock Delay      (SCD):    0.029ns
    Clock Pessimism Removal (CPR):    0.000ns
  Clock Uncertainty:      0.135ns  ((TSJ^2 + TIJ^2)^1/2 + DJ) / 2 + PE + UU
    Total System Jitter     (TSJ):    0.071ns
    Total Input Jitter      (TIJ):    0.000ns
    Discrete Jitter          (DJ):    0.000ns
    Phase Error              (PE):    0.000ns
    User Uncertainty         (UU):    0.100ns

    Location             Delay type                Incr(ns)  Path(ns)    Netlist Resource(s)
  -------------------------------------------------------------------    -------------------
                         (clock clk_host rise edge)
                                                      0.000     0.000 r  
                                                      0.000     0.000 r  clk_host (IN)
                         net (fo=145, unset)          0.029     0.029    u_egress/u_fifo/clk_host
    SLICE_X101Y552       FDCE                                         r  u_egress/u_fifo/rbin_reg[1]/C
  -------------------------------------------------------------------    -------------------
    SLICE_X101Y552       FDCE (Prop_GFF2_SLICEL_C_Q)
                                                      0.081     0.110 r  u_egress/u_fifo/rbin_reg[1]/Q
                         net (fo=50, routed)          0.441     0.551    u_egress/u_fifo/rbin_reg[1]
    SLICE_X101Y553       LUT5 (Prop_C5LUT_SLICEL_I4_O)
                                                      0.110     0.661 r  u_egress/u_fifo/rgray[3]_i_2/O
                         net (fo=1, routed)           0.159     0.820    u_egress/u_fifo/rgray[3]_i_2_n_0
    SLICE_X101Y553       LUT3 (Prop_D6LUT_SLICEL_I2_O)
                                                      0.089     0.909 r  u_egress/u_fifo/rgray[3]_i_1/O
                         net (fo=2, routed)           0.369     1.278    u_egress/u_fifo/bin2gray0_return[3]
    SLICE_X100Y550       FDCE                                         r  u_egress/u_fifo/rgray_reg[3]/D
  -------------------------------------------------------------------    -------------------

                         (clock clk_host rise edge)
                                                      8.000     8.000 r  
                                                      0.000     8.000 r  clk_host (IN)
                         net (fo=145, unset)          0.021     8.021    u_egress/u_fifo/clk_host
    SLICE_X100Y550       FDCE                                         r  u_egress/u_fifo/rgray_reg[3]/C
                         clock pessimism              0.000     8.021    
                         clock uncertainty           -0.135     7.886    
    SLICE_X100Y550       FDCE (Setup_EFF2_SLICEM_C_D)
                                                      0.025     7.911    u_egress/u_fifo/rgray_reg[3]
  -------------------------------------------------------------------
                         required time                          7.911    
                         arrival time                          -1.278    
  -------------------------------------------------------------------
                         slack                                  6.633    

Slack (MET) :             6.661ns  (required time - arrival time)
  Source:                 u_cfg/u_ack/sync_reg[0]/C
                            (rising edge-triggered cell FDCE clocked by clk_host  {rise@0.000ns fall@4.000ns period=8.000ns})
  Destination:            u_cfg/u_ack/sync_reg[1]/D
                            (rising edge-triggered cell FDCE clocked by clk_host  {rise@0.000ns fall@4.000ns period=8.000ns})
  Path Group:             clk_host
  Path Type:              Setup (Max at Slow Process Corner)
  Requirement:            8.000ns  (clk_host rise@8.000ns - clk_host rise@0.000ns)
  Data Path Delay:        1.221ns  (logic 0.081ns (6.634%)  route 1.140ns (93.366%))
  Logic Levels:           0  
  Clock Path Skew:        -0.008ns (DCD - SCD + CPR)
    Destination Clock Delay (DCD):    0.020ns = ( 8.020 - 8.000 ) 
    Source Clock Delay      (SCD):    0.028ns
    Clock Pessimism Removal (CPR):    0.000ns
  Clock Uncertainty:      0.135ns  ((TSJ^2 + TIJ^2)^1/2 + DJ) / 2 + PE + UU
    Total System Jitter     (TSJ):    0.071ns
    Total Input Jitter      (TIJ):    0.000ns
    Discrete Jitter          (DJ):    0.000ns
    Phase Error              (PE):    0.000ns
    User Uncertainty         (UU):    0.100ns

    Location             Delay type                Incr(ns)  Path(ns)    Netlist Resource(s)
  -------------------------------------------------------------------    -------------------
                         (clock clk_host rise edge)
                                                      0.000     0.000 r  
                                                      0.000     0.000 r  clk_host (IN)
                         net (fo=145, unset)          0.028     0.028    u_cfg/u_ack/clk_host
    SLICE_X111Y555       FDCE                                         r  u_cfg/u_ack/sync_reg[0]/C
  -------------------------------------------------------------------    -------------------
    SLICE_X111Y555       FDCE (Prop_DFF2_SLICEL_C_Q)
                                                      0.081     0.109 r  u_cfg/u_ack/sync_reg[0]/Q
                         net (fo=1, routed)           1.140     1.249    u_cfg/u_ack/sync[0]
    SLICE_X111Y555       FDCE                                         r  u_cfg/u_ack/sync_reg[1]/D
  -------------------------------------------------------------------    -------------------

                         (clock clk_host rise edge)
                                                      8.000     8.000 r  
                                                      0.000     8.000 r  clk_host (IN)
                         net (fo=145, unset)          0.020     8.020    u_cfg/u_ack/clk_host
    SLICE_X111Y555       FDCE                                         r  u_cfg/u_ack/sync_reg[1]/C
                         clock pessimism              0.000     8.020    
                         clock uncertainty           -0.135     7.885    
    SLICE_X111Y555       FDCE (Setup_AFF2_SLICEL_C_D)
                                                      0.025     7.910    u_cfg/u_ack/sync_reg[1]
  -------------------------------------------------------------------
                         required time                          7.910    
                         arrival time                          -1.249    
  -------------------------------------------------------------------
                         slack                                  6.661    

Slack (MET) :             6.676ns  (required time - arrival time)
  Source:                 u_axil_ar/u_fifo/wbin_reg[0]/C
                            (rising edge-triggered cell FDCE clocked by clk_host  {rise@0.000ns fall@4.000ns period=8.000ns})
  Destination:            u_axil_ar/u_fifo/wbin_reg[2]/D
                            (rising edge-triggered cell FDCE clocked by clk_host  {rise@0.000ns fall@4.000ns period=8.000ns})
  Path Group:             clk_host
  Path Type:              Setup (Max at Slow Process Corner)
  Requirement:            8.000ns  (clk_host rise@8.000ns - clk_host rise@0.000ns)
  Data Path Delay:        1.206ns  (logic 0.129ns (10.698%)  route 1.077ns (89.302%))
  Logic Levels:           1  (LUT5=1)
  Clock Path Skew:        -0.008ns (DCD - SCD + CPR)
    Destination Clock Delay (DCD):    0.020ns = ( 8.020 - 8.000 ) 
    Source Clock Delay      (SCD):    0.028ns
    Clock Pessimism Removal (CPR):    0.000ns
  Clock Uncertainty:      0.135ns  ((TSJ^2 + TIJ^2)^1/2 + DJ) / 2 + PE + UU
    Total System Jitter     (TSJ):    0.071ns
    Total Input Jitter      (TIJ):    0.000ns
    Discrete Jitter          (DJ):    0.000ns
    Phase Error              (PE):    0.000ns
    User Uncertainty         (UU):    0.100ns

    Location             Delay type                Incr(ns)  Path(ns)    Netlist Resource(s)
  -------------------------------------------------------------------    -------------------
                         (clock clk_host rise edge)
                                                      0.000     0.000 r  
                                                      0.000     0.000 r  clk_host (IN)
                         net (fo=145, unset)          0.028     0.028    u_axil_ar/u_fifo/clk_host
    SLICE_X98Y553        FDCE                                         r  u_axil_ar/u_fifo/wbin_reg[0]/C
  -------------------------------------------------------------------    -------------------
    SLICE_X98Y553        FDCE (Prop_DFF_SLICEL_C_Q)
                                                      0.079     0.107 r  u_axil_ar/u_fifo/wbin_reg[0]/Q
                         net (fo=21, routed)          0.576     0.683    u_axil_ar/u_fifo/wbin_reg_n_0_[0]
    SLICE_X98Y554        LUT5 (Prop_A6LUT_SLICEL_I2_O)
                                                      0.050     0.733 r  u_axil_ar/u_fifo/wbin[2]_i_1__2/O
                         net (fo=2, routed)           0.501     1.234    u_axil_ar/u_fifo/b1_in[2]
    SLICE_X98Y554        FDCE                                         r  u_axil_ar/u_fifo/wbin_reg[2]/D
  -------------------------------------------------------------------    -------------------

                         (clock clk_host rise edge)
                                                      8.000     8.000 r  
                                                      0.000     8.000 r  clk_host (IN)
                         net (fo=145, unset)          0.020     8.020    u_axil_ar/u_fifo/clk_host
    SLICE_X98Y554        FDCE                                         r  u_axil_ar/u_fifo/wbin_reg[2]/C
                         clock pessimism              0.000     8.020    
                         clock uncertainty           -0.135     7.885    
    SLICE_X98Y554        FDCE (Setup_EFF_SLICEL_C_D)
                                                      0.025     7.910    u_axil_ar/u_fifo/wbin_reg[2]
  -------------------------------------------------------------------
                         required time                          7.910    
                         arrival time                          -1.234    
  -------------------------------------------------------------------
                         slack                                  6.676    

Slack (MET) :             6.677ns  (required time - arrival time)
  Source:                 u_cfg/req_tog_reg/C
                            (rising edge-triggered cell FDCE clocked by clk_host  {rise@0.000ns fall@4.000ns period=8.000ns})
  Destination:            u_cfg/req_tog_reg/D
                            (rising edge-triggered cell FDCE clocked by clk_host  {rise@0.000ns fall@4.000ns period=8.000ns})
  Path Group:             clk_host
  Path Type:              Setup (Max at Slow Process Corner)
  Requirement:            8.000ns  (clk_host rise@8.000ns - clk_host rise@0.000ns)
  Data Path Delay:        1.204ns  (logic 0.168ns (13.950%)  route 1.036ns (86.050%))
  Logic Levels:           1  (LUT1=1)
  Clock Path Skew:        -0.008ns (DCD - SCD + CPR)
    Destination Clock Delay (DCD):    0.020ns = ( 8.020 - 8.000 ) 
    Source Clock Delay      (SCD):    0.028ns
    Clock Pessimism Removal (CPR):    0.000ns
  Clock Uncertainty:      0.135ns  ((TSJ^2 + TIJ^2)^1/2 + DJ) / 2 + PE + UU
    Total System Jitter     (TSJ):    0.071ns
    Total Input Jitter      (TIJ):    0.000ns
    Discrete Jitter          (DJ):    0.000ns
    Phase Error              (PE):    0.000ns
    User Uncertainty         (UU):    0.100ns

    Location             Delay type                Incr(ns)  Path(ns)    Netlist Resource(s)
  -------------------------------------------------------------------    -------------------
                         (clock clk_host rise edge)
                                                      0.000     0.000 r  
                                                      0.000     0.000 r  clk_host (IN)
                         net (fo=145, unset)          0.028     0.028    u_cfg/clk_host
    SLICE_X111Y555       FDCE                                         r  u_cfg/req_tog_reg/C
  -------------------------------------------------------------------    -------------------
    SLICE_X111Y555       FDCE (Prop_DFF_SLICEL_C_Q)
                                                      0.079     0.107 f  u_cfg/req_tog_reg/Q
                         net (fo=4, routed)           0.987     1.094    u_cfg/req_tog
    SLICE_X111Y555       LUT1 (Prop_D6LUT_SLICEL_I0_O)
                                                      0.089     1.183 r  u_cfg/req_tog_i_2/O
                         net (fo=1, routed)           0.049     1.232    u_cfg/p_1_in
    SLICE_X111Y555       FDCE                                         r  u_cfg/req_tog_reg/D
  -------------------------------------------------------------------    -------------------

                         (clock clk_host rise edge)
                                                      8.000     8.000 r  
                                                      0.000     8.000 r  clk_host (IN)
                         net (fo=145, unset)          0.020     8.020    u_cfg/clk_host
    SLICE_X111Y555       FDCE                                         r  u_cfg/req_tog_reg/C
                         clock pessimism              0.000     8.020    
                         clock uncertainty           -0.135     7.885    
    SLICE_X111Y555       FDCE (Setup_DFF_SLICEL_C_D)
                                                      0.025     7.910    u_cfg/req_tog_reg
  -------------------------------------------------------------------
                         required time                          7.910    
                         arrival time                          -1.232    
  -------------------------------------------------------------------
                         slack                                  6.677    

Slack (MET) :             6.683ns  (required time - arrival time)
  Source:                 u_axil_w/u_fifo/wbin_reg[0]/C
                            (rising edge-triggered cell FDCE clocked by clk_host  {rise@0.000ns fall@4.000ns period=8.000ns})
  Destination:            u_axil_w/u_fifo/full_reg/D
                            (rising edge-triggered cell FDCE clocked by clk_host  {rise@0.000ns fall@4.000ns period=8.000ns})
  Path Group:             clk_host
  Path Type:              Setup (Max at Slow Process Corner)
  Requirement:            8.000ns  (clk_host rise@8.000ns - clk_host rise@0.000ns)
  Data Path Delay:        1.197ns  (logic 0.310ns (25.890%)  route 0.887ns (74.110%))
  Logic Levels:           2  (LUT4=1 LUT6=1)
  Clock Path Skew:        -0.009ns (DCD - SCD + CPR)
    Destination Clock Delay (DCD):    0.021ns = ( 8.021 - 8.000 ) 
    Source Clock Delay      (SCD):    0.030ns
    Clock Pessimism Removal (CPR):    0.000ns
  Clock Uncertainty:      0.135ns  ((TSJ^2 + TIJ^2)^1/2 + DJ) / 2 + PE + UU
    Total System Jitter     (TSJ):    0.071ns
    Total Input Jitter      (TIJ):    0.000ns
    Discrete Jitter          (DJ):    0.000ns
    Phase Error              (PE):    0.000ns
    User Uncertainty         (UU):    0.100ns

    Location             Delay type                Incr(ns)  Path(ns)    Netlist Resource(s)
  -------------------------------------------------------------------    -------------------
                         (clock clk_host rise edge)
                                                      0.000     0.000 r  
                                                      0.000     0.000 r  clk_host (IN)
                         net (fo=145, unset)          0.030     0.030    u_axil_w/u_fifo/clk_host
    SLICE_X92Y553        FDCE                                         r  u_axil_w/u_fifo/wbin_reg[0]/C
  -------------------------------------------------------------------    -------------------
    SLICE_X92Y553        FDCE (Prop_FFF_SLICEM_C_Q)
                                                      0.076     0.106 r  u_axil_w/u_fifo/wbin_reg[0]/Q
                         net (fo=8, routed)           0.405     0.511    u_axil_w/u_fifo/wbin_reg_n_0_[0]
    SLICE_X92Y553        LUT4 (Prop_D5LUT_SLICEM_I3_O)
                                                      0.135     0.646 r  u_axil_w/u_fifo/wgray[0]_i_1__1/O
                         net (fo=2, routed)           0.411     1.056    u_axil_w/u_fifo/bin2gray2_return2_out[0]
    SLICE_X92Y552        LUT6 (Prop_D6LUT_SLICEM_I0_O)
                                                      0.099     1.155 r  u_axil_w/u_fifo/full_i_1__1/O
                         net (fo=1, routed)           0.072     1.227    u_axil_w/u_fifo/full_i_1__1_n_0
    SLICE_X92Y552        FDCE                                         r  u_axil_w/u_fifo/full_reg/D
  -------------------------------------------------------------------    -------------------

                         (clock clk_host rise edge)
                                                      8.000     8.000 r  
                                                      0.000     8.000 r  clk_host (IN)
                         net (fo=145, unset)          0.021     8.021    u_axil_w/u_fifo/clk_host
    SLICE_X92Y552        FDCE                                         r  u_axil_w/u_fifo/full_reg/C
                         clock pessimism              0.000     8.021    
                         clock uncertainty           -0.135     7.886    
    SLICE_X92Y552        FDCE (Setup_DFF_SLICEM_C_D)
                                                      0.025     7.911    u_axil_w/u_fifo/full_reg
  -------------------------------------------------------------------
                         required time                          7.911    
                         arrival time                          -1.227    
  -------------------------------------------------------------------
                         slack                                  6.683    





Min Delay Paths
--------------------------------------------------------------------------------------
Slack (MET) :             0.032ns  (arrival time - required time)
  Source:                 u_egress/u_fifo/rbin_reg[0]/C
                            (rising edge-triggered cell FDCE clocked by clk_host  {rise@0.000ns fall@4.000ns period=8.000ns})
  Destination:            u_egress/u_fifo/rbin_reg[3]/D
                            (rising edge-triggered cell FDCE clocked by clk_host  {rise@0.000ns fall@4.000ns period=8.000ns})
  Path Group:             clk_host
  Path Type:              Hold (Min at Fast Process Corner)
  Requirement:            0.000ns  (clk_host rise@0.000ns - clk_host rise@0.000ns)
  Data Path Delay:        0.184ns  (logic 0.061ns (33.093%)  route 0.123ns (66.907%))
  Logic Levels:           1  (LUT6=1)
  Clock Path Skew:        0.006ns (DCD - SCD - CPR)
    Destination Clock Delay (DCD):    0.019ns
    Source Clock Delay      (SCD):    0.013ns
    Clock Pessimism Removal (CPR):    -0.000ns
  Clock Uncertainty:      0.100ns  ((TSJ^2 + TIJ^2)^1/2 + DJ) / 2 + PE + UU
    Total System Jitter     (TSJ):    0.000ns
    Total Input Jitter      (TIJ):    0.000ns
    Discrete Jitter          (DJ):    0.000ns
    Phase Error              (PE):    0.000ns
    User Uncertainty         (UU):    0.100ns

    Location             Delay type                Incr(ns)  Path(ns)    Netlist Resource(s)
  -------------------------------------------------------------------    -------------------
                         (clock clk_host rise edge)
                                                      0.000     0.000 r  
                                                      0.000     0.000 r  clk_host (IN)
                         net (fo=145, unset)          0.013     0.013    u_egress/u_fifo/clk_host
    SLICE_X101Y552       FDCE                                         r  u_egress/u_fifo/rbin_reg[0]/C
  -------------------------------------------------------------------    -------------------
    SLICE_X101Y552       FDCE (Prop_GFF_SLICEL_C_Q)
                                                      0.039     0.052 r  u_egress/u_fifo/rbin_reg[0]/Q
                         net (fo=51, routed)          0.105     0.157    u_egress/u_fifo/rbin_reg[0]
    SLICE_X101Y552       LUT6 (Prop_F6LUT_SLICEL_I1_O)
                                                      0.022     0.179 r  u_egress/u_fifo/rbin[3]_i_1/O
                         net (fo=1, routed)           0.018     0.197    u_egress/u_fifo/b[3]
    SLICE_X101Y552       FDCE                                         r  u_egress/u_fifo/rbin_reg[3]/D
  -------------------------------------------------------------------    -------------------

                         (clock clk_host rise edge)
                                                      0.000     0.000 r  
                                                      0.000     0.000 r  clk_host (IN)
                         net (fo=145, unset)          0.019     0.019    u_egress/u_fifo/clk_host
    SLICE_X101Y552       FDCE                                         r  u_egress/u_fifo/rbin_reg[3]/C
                         clock pessimism              0.000     0.019    
                         clock uncertainty            0.100     0.119    
    SLICE_X101Y552       FDCE (Hold_FFF_SLICEL_C_D)
                                                      0.046     0.165    u_egress/u_fifo/rbin_reg[3]
  -------------------------------------------------------------------
                         required time                         -0.165    
                         arrival time                           0.197    
  -------------------------------------------------------------------
                         slack                                  0.032    

Slack (MET) :             0.039ns  (arrival time - required time)
  Source:                 u_egress/u_fifo/rbin_reg[0]/C
                            (rising edge-triggered cell FDCE clocked by clk_host  {rise@0.000ns fall@4.000ns period=8.000ns})
  Destination:            u_egress/u_fifo/rbin_reg[2]/D
                            (rising edge-triggered cell FDCE clocked by clk_host  {rise@0.000ns fall@4.000ns period=8.000ns})
  Path Group:             clk_host
  Path Type:              Hold (Min at Fast Process Corner)
  Requirement:            0.000ns  (clk_host rise@0.000ns - clk_host rise@0.000ns)
  Data Path Delay:        0.192ns  (logic 0.074ns (38.548%)  route 0.118ns (61.452%))
  Logic Levels:           1  (LUT5=1)
  Clock Path Skew:        0.006ns (DCD - SCD - CPR)
    Destination Clock Delay (DCD):    0.019ns
    Source Clock Delay      (SCD):    0.013ns
    Clock Pessimism Removal (CPR):    -0.000ns
  Clock Uncertainty:      0.100ns  ((TSJ^2 + TIJ^2)^1/2 + DJ) / 2 + PE + UU
    Total System Jitter     (TSJ):    0.000ns
    Total Input Jitter      (TIJ):    0.000ns
    Discrete Jitter          (DJ):    0.000ns
    Phase Error              (PE):    0.000ns
    User Uncertainty         (UU):    0.100ns

    Location             Delay type                Incr(ns)  Path(ns)    Netlist Resource(s)
  -------------------------------------------------------------------    -------------------
                         (clock clk_host rise edge)
                                                      0.000     0.000 r  
                                                      0.000     0.000 r  clk_host (IN)
                         net (fo=145, unset)          0.013     0.013    u_egress/u_fifo/clk_host
    SLICE_X101Y552       FDCE                                         r  u_egress/u_fifo/rbin_reg[0]/C
  -------------------------------------------------------------------    -------------------
    SLICE_X101Y552       FDCE (Prop_GFF_SLICEL_C_Q)
                                                      0.039     0.052 r  u_egress/u_fifo/rbin_reg[0]/Q
                         net (fo=51, routed)          0.103     0.155    u_egress/u_fifo/rbin_reg[0]
    SLICE_X101Y552       LUT5 (Prop_H6LUT_SLICEL_I2_O)
                                                      0.035     0.190 r  u_egress/u_fifo/rbin[2]_i_1/O
                         net (fo=1, routed)           0.015     0.205    u_egress/u_fifo/b[2]
    SLICE_X101Y552       FDCE                                         r  u_egress/u_fifo/rbin_reg[2]/D
  -------------------------------------------------------------------    -------------------

                         (clock clk_host rise edge)
                                                      0.000     0.000 r  
                                                      0.000     0.000 r  clk_host (IN)
                         net (fo=145, unset)          0.019     0.019    u_egress/u_fifo/clk_host
    SLICE_X101Y552       FDCE                                         r  u_egress/u_fifo/rbin_reg[2]/C
                         clock pessimism              0.000     0.019    
                         clock uncertainty            0.100     0.119    
    SLICE_X101Y552       FDCE (Hold_HFF2_SLICEL_C_D)
                                                      0.047     0.166    u_egress/u_fifo/rbin_reg[2]
  -------------------------------------------------------------------
                         required time                         -0.166    
                         arrival time                           0.205    
  -------------------------------------------------------------------
                         slack                                  0.039    

Slack (MET) :             0.048ns  (arrival time - required time)
  Source:                 u_egress/u_fifo/rbin_reg[0]/C
                            (rising edge-triggered cell FDCE clocked by clk_host  {rise@0.000ns fall@4.000ns period=8.000ns})
  Destination:            u_egress/u_fifo/rbin_reg[1]/D
                            (rising edge-triggered cell FDCE clocked by clk_host  {rise@0.000ns fall@4.000ns period=8.000ns})
  Path Group:             clk_host
  Path Type:              Hold (Min at Fast Process Corner)
  Requirement:            0.000ns  (clk_host rise@0.000ns - clk_host rise@0.000ns)
  Data Path Delay:        0.201ns  (logic 0.086ns (42.716%)  route 0.115ns (57.284%))
  Logic Levels:           1  (LUT4=1)
  Clock Path Skew:        0.006ns (DCD - SCD - CPR)
    Destination Clock Delay (DCD):    0.019ns
    Source Clock Delay      (SCD):    0.013ns
    Clock Pessimism Removal (CPR):    -0.000ns
  Clock Uncertainty:      0.100ns  ((TSJ^2 + TIJ^2)^1/2 + DJ) / 2 + PE + UU
    Total System Jitter     (TSJ):    0.000ns
    Total Input Jitter      (TIJ):    0.000ns
    Discrete Jitter          (DJ):    0.000ns
    Phase Error              (PE):    0.000ns
    User Uncertainty         (UU):    0.100ns

    Location             Delay type                Incr(ns)  Path(ns)    Netlist Resource(s)
  -------------------------------------------------------------------    -------------------
                         (clock clk_host rise edge)
                                                      0.000     0.000 r  
                                                      0.000     0.000 r  clk_host (IN)
                         net (fo=145, unset)          0.013     0.013    u_egress/u_fifo/clk_host
    SLICE_X101Y552       FDCE                                         r  u_egress/u_fifo/rbin_reg[0]/C
  -------------------------------------------------------------------    -------------------
    SLICE_X101Y552       FDCE (Prop_GFF_SLICEL_C_Q)
                                                      0.039     0.052 r  u_egress/u_fifo/rbin_reg[0]/Q
                         net (fo=51, routed)          0.109     0.161    u_egress/u_fifo/rbin_reg[0]
    SLICE_X101Y552       LUT4 (Prop_G5LUT_SLICEL_I0_O)
                                                      0.047     0.208 r  u_egress/u_fifo/rbin[1]_i_1/O
                         net (fo=1, routed)           0.006     0.214    u_egress/u_fifo/b[1]
    SLICE_X101Y552       FDCE                                         r  u_egress/u_fifo/rbin_reg[1]/D
  -------------------------------------------------------------------    -------------------

                         (clock clk_host rise edge)
                                                      0.000     0.000 r  
                                                      0.000     0.000 r  clk_host (IN)
                         net (fo=145, unset)          0.019     0.019    u_egress/u_fifo/clk_host
    SLICE_X101Y552       FDCE                                         r  u_egress/u_fifo/rbin_reg[1]/C
                         clock pessimism              0.000     0.019    
                         clock uncertainty            0.100     0.119    
    SLICE_X101Y552       FDCE (Hold_GFF2_SLICEL_C_D)
                                                      0.047     0.166    u_egress/u_fifo/rbin_reg[1]
  -------------------------------------------------------------------
                         required time                         -0.166    
                         arrival time                           0.214    
  -------------------------------------------------------------------
                         slack                                  0.048    

Slack (MET) :             0.057ns  (arrival time - required time)
  Source:                 u_cfg/req_tog_reg/C
                            (rising edge-triggered cell FDCE clocked by clk_host  {rise@0.000ns fall@4.000ns period=8.000ns})
  Destination:            u_cfg/req_tog_reg/CE
                            (rising edge-triggered cell FDCE clocked by clk_host  {rise@0.000ns fall@4.000ns period=8.000ns})
  Path Group:             clk_host
  Path Type:              Hold (Min at Fast Process Corner)
  Requirement:            0.000ns  (clk_host rise@0.000ns - clk_host rise@0.000ns)
  Data Path Delay:        0.155ns  (logic 0.074ns (47.765%)  route 0.081ns (52.235%))
  Logic Levels:           1  (LUT3=1)
  Clock Path Skew:        0.006ns (DCD - SCD - CPR)
    Destination Clock Delay (DCD):    0.018ns
    Source Clock Delay      (SCD):    0.012ns
    Clock Pessimism Removal (CPR):    -0.000ns
  Clock Uncertainty:      0.100ns  ((TSJ^2 + TIJ^2)^1/2 + DJ) / 2 + PE + UU
    Total System Jitter     (TSJ):    0.000ns
    Total Input Jitter      (TIJ):    0.000ns
    Discrete Jitter          (DJ):    0.000ns
    Phase Error              (PE):    0.000ns
    User Uncertainty         (UU):    0.100ns

    Location             Delay type                Incr(ns)  Path(ns)    Netlist Resource(s)
  -------------------------------------------------------------------    -------------------
                         (clock clk_host rise edge)
                                                      0.000     0.000 r  
                                                      0.000     0.000 r  clk_host (IN)
                         net (fo=145, unset)          0.012     0.012    u_cfg/clk_host
    SLICE_X111Y555       FDCE                                         r  u_cfg/req_tog_reg/C
  -------------------------------------------------------------------    -------------------
    SLICE_X111Y555       FDCE (Prop_DFF_SLICEL_C_Q)
                                                      0.039     0.051 r  u_cfg/req_tog_reg/Q
                         net (fo=4, routed)           0.027     0.078    u_cfg/u_ack/req_tog
    SLICE_X111Y555       LUT3 (Prop_C6LUT_SLICEL_I1_O)
                                                      0.035     0.113 r  u_cfg/u_ack/req_tog_i_1/O
                         net (fo=3, routed)           0.054     0.167    u_cfg/u_ack_n_0
    SLICE_X111Y555       FDCE                                         r  u_cfg/req_tog_reg/CE
  -------------------------------------------------------------------    -------------------

                         (clock clk_host rise edge)
                                                      0.000     0.000 r  
                                                      0.000     0.000 r  clk_host (IN)
                         net (fo=145, unset)          0.018     0.018    u_cfg/clk_host
    SLICE_X111Y555       FDCE                                         r  u_cfg/req_tog_reg/C
                         clock pessimism              0.000     0.018    
                         clock uncertainty            0.100     0.118    
    SLICE_X111Y555       FDCE (Hold_DFF_SLICEL_C_CE)
                                                     -0.008     0.110    u_cfg/req_tog_reg
  -------------------------------------------------------------------
                         required time                         -0.110    
                         arrival time                           0.167    
  -------------------------------------------------------------------
                         slack                                  0.057    

Slack (MET) :             0.057ns  (arrival time - required time)
  Source:                 u_axil_r/u_fifo/rbin_reg[0]/C
                            (rising edge-triggered cell FDCE clocked by clk_host  {rise@0.000ns fall@4.000ns period=8.000ns})
  Destination:            u_axil_r/u_fifo/rbin_reg[0]/D
                            (rising edge-triggered cell FDCE clocked by clk_host  {rise@0.000ns fall@4.000ns period=8.000ns})
  Path Group:             clk_host
  Path Type:              Hold (Min at Fast Process Corner)
  Requirement:            0.000ns  (clk_host rise@0.000ns - clk_host rise@0.000ns)
  Data Path Delay:        0.209ns  (logic 0.078ns (37.322%)  route 0.131ns (62.678%))
  Logic Levels:           1  (LUT3=1)
  Clock Path Skew:        0.006ns (DCD - SCD - CPR)
    Destination Clock Delay (DCD):    0.019ns
    Source Clock Delay      (SCD):    0.013ns
    Clock Pessimism Removal (CPR):    -0.000ns
  Clock Uncertainty:      0.100ns  ((TSJ^2 + TIJ^2)^1/2 + DJ) / 2 + PE + UU
    Total System Jitter     (TSJ):    0.000ns
    Total Input Jitter      (TIJ):    0.000ns
    Discrete Jitter          (DJ):    0.000ns
    Phase Error              (PE):    0.000ns
    User Uncertainty         (UU):    0.100ns

    Location             Delay type                Incr(ns)  Path(ns)    Netlist Resource(s)
  -------------------------------------------------------------------    -------------------
                         (clock clk_host rise edge)
                                                      0.000     0.000 r  
                                                      0.000     0.000 r  clk_host (IN)
                         net (fo=145, unset)          0.013     0.013    u_axil_r/u_fifo/clk_host
    SLICE_X97Y555        FDCE                                         r  u_axil_r/u_fifo/rbin_reg[0]/C
  -------------------------------------------------------------------    -------------------
    SLICE_X97Y555        FDCE (Prop_CFF_SLICEM_C_Q)
                                                      0.038     0.051 r  u_axil_r/u_fifo/rbin_reg[0]/Q
                         net (fo=39, routed)          0.107     0.158    u_axil_r/u_fifo/rbin_reg_n_0_[0]
    SLICE_X97Y555        LUT3 (Prop_C6LUT_SLICEM_I0_O)
                                                      0.040     0.198 r  u_axil_r/u_fifo/rbin[0]_i_1__1/O
                         net (fo=1, routed)           0.024     0.222    u_axil_r/u_fifo/b__0[0]
    SLICE_X97Y555        FDCE                                         r  u_axil_r/u_fifo/rbin_reg[0]/D
  -------------------------------------------------------------------    -------------------

                         (clock clk_host rise edge)
                                                      0.000     0.000 r  
                                                      0.000     0.000 r  clk_host (IN)
                         net (fo=145, unset)          0.019     0.019    u_axil_r/u_fifo/clk_host
    SLICE_X97Y555        FDCE                                         r  u_axil_r/u_fifo/rbin_reg[0]/C
                         clock pessimism              0.000     0.019    
                         clock uncertainty            0.100     0.119    
    SLICE_X97Y555        FDCE (Hold_CFF_SLICEM_C_D)
                                                      0.046     0.165    u_axil_r/u_fifo/rbin_reg[0]
  -------------------------------------------------------------------
                         required time                         -0.165    
                         arrival time                           0.222    
  -------------------------------------------------------------------
                         slack                                  0.057    

Slack (MET) :             0.059ns  (arrival time - required time)
  Source:                 u_axil_aw/u_fifo/rq_reg[0][1]/C
                            (rising edge-triggered cell FDCE clocked by clk_host  {rise@0.000ns fall@4.000ns period=8.000ns})
  Destination:            u_axil_aw/u_fifo/rq_reg[1][1]/D
                            (rising edge-triggered cell FDCE clocked by clk_host  {rise@0.000ns fall@4.000ns period=8.000ns})
  Path Group:             clk_host
  Path Type:              Hold (Min at Fast Process Corner)
  Requirement:            0.000ns  (clk_host rise@0.000ns - clk_host rise@0.000ns)
  Data Path Delay:        0.212ns  (logic 0.039ns (18.396%)  route 0.173ns (81.604%))
  Logic Levels:           0  
  Clock Path Skew:        0.006ns (DCD - SCD - CPR)
    Destination Clock Delay (DCD):    0.019ns
    Source Clock Delay      (SCD):    0.013ns
    Clock Pessimism Removal (CPR):    -0.000ns
  Clock Uncertainty:      0.100ns  ((TSJ^2 + TIJ^2)^1/2 + DJ) / 2 + PE + UU
    Total System Jitter     (TSJ):    0.000ns
    Total Input Jitter      (TIJ):    0.000ns
    Discrete Jitter          (DJ):    0.000ns
    Phase Error              (PE):    0.000ns
    User Uncertainty         (UU):    0.100ns

    Location             Delay type                Incr(ns)  Path(ns)    Netlist Resource(s)
  -------------------------------------------------------------------    -------------------
                         (clock clk_host rise edge)
                                                      0.000     0.000 r  
                                                      0.000     0.000 r  clk_host (IN)
                         net (fo=145, unset)          0.013     0.013    u_axil_aw/u_fifo/clk_host
    SLICE_X92Y557        FDCE                                         r  u_axil_aw/u_fifo/rq_reg[0][1]/C
  -------------------------------------------------------------------    -------------------
    SLICE_X92Y557        FDCE (Prop_HFF2_SLICEM_C_Q)
                                                      0.039     0.052 r  u_axil_aw/u_fifo/rq_reg[0][1]/Q
                         net (fo=1, routed)           0.173     0.225    u_axil_aw/u_fifo/rq[0]_2[1]
    SLICE_X92Y557        FDCE                                         r  u_axil_aw/u_fifo/rq_reg[1][1]/D
  -------------------------------------------------------------------    -------------------

                         (clock clk_host rise edge)
                                                      0.000     0.000 r  
                                                      0.000     0.000 r  clk_host (IN)
                         net (fo=145, unset)          0.019     0.019    u_axil_aw/u_fifo/clk_host
    SLICE_X92Y557        FDCE                                         r  u_axil_aw/u_fifo/rq_reg[1][1]/C
                         clock pessimism              0.000     0.019    
                         clock uncertainty            0.100     0.119    
    SLICE_X92Y557        FDCE (Hold_EFF2_SLICEM_C_D)
                                                      0.047     0.166    u_axil_aw/u_fifo/rq_reg[1][1]
  -------------------------------------------------------------------
                         required time                         -0.166    
                         arrival time                           0.225    
  -------------------------------------------------------------------
                         slack                                  0.059    

Slack (MET) :             0.060ns  (arrival time - required time)
  Source:                 u_axil_aw/u_fifo/wbin_reg[1]/C
                            (rising edge-triggered cell FDCE clocked by clk_host  {rise@0.000ns fall@4.000ns period=8.000ns})
  Destination:            u_axil_aw/u_fifo/mem_reg_0_3_0_8/RAMA/WADR1
                            (rising edge-triggered cell RAMD32 clocked by clk_host  {rise@0.000ns fall@4.000ns period=8.000ns})
  Path Group:             clk_host
  Path Type:              Hold (Min at Fast Process Corner)
  Requirement:            0.000ns  (clk_host rise@0.000ns - clk_host rise@0.000ns)
  Data Path Delay:        0.247ns  (logic 0.038ns (15.399%)  route 0.209ns (84.601%))
  Logic Levels:           0  
  Clock Path Skew:        0.026ns (DCD - SCD - CPR)
    Destination Clock Delay (DCD):    0.039ns
    Source Clock Delay      (SCD):    0.013ns
    Clock Pessimism Removal (CPR):    -0.000ns
  Clock Uncertainty:      0.100ns  ((TSJ^2 + TIJ^2)^1/2 + DJ) / 2 + PE + UU
    Total System Jitter     (TSJ):    0.000ns
    Total Input Jitter      (TIJ):    0.000ns
    Discrete Jitter          (DJ):    0.000ns
    Phase Error              (PE):    0.000ns
    User Uncertainty         (UU):    0.100ns

    Location             Delay type                Incr(ns)  Path(ns)    Netlist Resource(s)
  -------------------------------------------------------------------    -------------------
                         (clock clk_host rise edge)
                                                      0.000     0.000 r  
                                                      0.000     0.000 r  clk_host (IN)
                         net (fo=145, unset)          0.013     0.013    u_axil_aw/u_fifo/clk_host
    SLICE_X92Y557        FDCE                                         r  u_axil_aw/u_fifo/wbin_reg[1]/C
  -------------------------------------------------------------------    -------------------
    SLICE_X92Y557        FDCE (Prop_EFF_SLICEM_C_Q)
                                                      0.038     0.051 r  u_axil_aw/u_fifo/wbin_reg[1]/Q
                         net (fo=20, routed)          0.209     0.260    u_axil_aw/u_fifo/mem_reg_0_3_0_8/ADDRH1
    SLICE_X92Y555        RAMD32                                       r  u_axil_aw/u_fifo/mem_reg_0_3_0_8/RAMA/WADR1
  -------------------------------------------------------------------    -------------------

                         (clock clk_host rise edge)
                                                      0.000     0.000 r  
                                                      0.000     0.000 r  clk_host (IN)
                         net (fo=145, unset)          0.039     0.039    u_axil_aw/u_fifo/mem_reg_0_3_0_8/WCLK
    SLICE_X92Y555        RAMD32                                       r  u_axil_aw/u_fifo/mem_reg_0_3_0_8/RAMA/CLK
                         clock pessimism              0.000     0.039    
                         clock uncertainty            0.100     0.139    
    SLICE_X92Y555        RAMD32 (Hold_A5LUT_SLICEM_CLK_WADR1)
                                                      0.061     0.200    u_axil_aw/u_fifo/mem_reg_0_3_0_8/RAMA
  -------------------------------------------------------------------
                         required time                         -0.200    
                         arrival time                           0.260    
  -------------------------------------------------------------------
                         slack                                  0.060    

Slack (MET) :             0.060ns  (arrival time - required time)
  Source:                 u_axil_aw/u_fifo/wbin_reg[1]/C
                            (rising edge-triggered cell FDCE clocked by clk_host  {rise@0.000ns fall@4.000ns period=8.000ns})
  Destination:            u_axil_aw/u_fifo/mem_reg_0_3_0_8/RAMA_D1/WADR1
                            (rising edge-triggered cell RAMD32 clocked by clk_host  {rise@0.000ns fall@4.000ns period=8.000ns})
  Path Group:             clk_host
  Path Type:              Hold (Min at Fast Process Corner)
  Requirement:            0.000ns  (clk_host rise@0.000ns - clk_host rise@0.000ns)
  Data Path Delay:        0.247ns  (logic 0.038ns (15.399%)  route 0.209ns (84.601%))
  Logic Levels:           0  
  Clock Path Skew:        0.026ns (DCD - SCD - CPR)
    Destination Clock Delay (DCD):    0.039ns
    Source Clock Delay      (SCD):    0.013ns
    Clock Pessimism Removal (CPR):    -0.000ns
  Clock Uncertainty:      0.100ns  ((TSJ^2 + TIJ^2)^1/2 + DJ) / 2 + PE + UU
    Total System Jitter     (TSJ):    0.000ns
    Total Input Jitter      (TIJ):    0.000ns
    Discrete Jitter          (DJ):    0.000ns
    Phase Error              (PE):    0.000ns
    User Uncertainty         (UU):    0.100ns

    Location             Delay type                Incr(ns)  Path(ns)    Netlist Resource(s)
  -------------------------------------------------------------------    -------------------
                         (clock clk_host rise edge)
                                                      0.000     0.000 r  
                                                      0.000     0.000 r  clk_host (IN)
                         net (fo=145, unset)          0.013     0.013    u_axil_aw/u_fifo/clk_host
    SLICE_X92Y557        FDCE                                         r  u_axil_aw/u_fifo/wbin_reg[1]/C
  -------------------------------------------------------------------    -------------------
    SLICE_X92Y557        FDCE (Prop_EFF_SLICEM_C_Q)
                                                      0.038     0.051 r  u_axil_aw/u_fifo/wbin_reg[1]/Q
                         net (fo=20, routed)          0.209     0.260    u_axil_aw/u_fifo/mem_reg_0_3_0_8/ADDRH1
    SLICE_X92Y555        RAMD32                                       r  u_axil_aw/u_fifo/mem_reg_0_3_0_8/RAMA_D1/WADR1
  -------------------------------------------------------------------    -------------------

                         (clock clk_host rise edge)
                                                      0.000     0.000 r  
                                                      0.000     0.000 r  clk_host (IN)
                         net (fo=145, unset)          0.039     0.039    u_axil_aw/u_fifo/mem_reg_0_3_0_8/WCLK
    SLICE_X92Y555        RAMD32                                       r  u_axil_aw/u_fifo/mem_reg_0_3_0_8/RAMA_D1/CLK
                         clock pessimism              0.000     0.039    
                         clock uncertainty            0.100     0.139    
    SLICE_X92Y555        RAMD32 (Hold_A6LUT_SLICEM_CLK_WADR1)
                                                      0.061     0.200    u_axil_aw/u_fifo/mem_reg_0_3_0_8/RAMA_D1
  -------------------------------------------------------------------
                         required time                         -0.200    
                         arrival time                           0.260    
  -------------------------------------------------------------------
                         slack                                  0.060    

Slack (MET) :             0.060ns  (arrival time - required time)
  Source:                 u_axil_aw/u_fifo/wbin_reg[1]/C
                            (rising edge-triggered cell FDCE clocked by clk_host  {rise@0.000ns fall@4.000ns period=8.000ns})
  Destination:            u_axil_aw/u_fifo/mem_reg_0_3_0_8/RAMB/WADR1
                            (rising edge-triggered cell RAMD32 clocked by clk_host  {rise@0.000ns fall@4.000ns period=8.000ns})
  Path Group:             clk_host
  Path Type:              Hold (Min at Fast Process Corner)
  Requirement:            0.000ns  (clk_host rise@0.000ns - clk_host rise@0.000ns)
  Data Path Delay:        0.247ns  (logic 0.038ns (15.399%)  route 0.209ns (84.601%))
  Logic Levels:           0  
  Clock Path Skew:        0.026ns (DCD - SCD - CPR)
    Destination Clock Delay (DCD):    0.039ns
    Source Clock Delay      (SCD):    0.013ns
    Clock Pessimism Removal (CPR):    -0.000ns
  Clock Uncertainty:      0.100ns  ((TSJ^2 + TIJ^2)^1/2 + DJ) / 2 + PE + UU
    Total System Jitter     (TSJ):    0.000ns
    Total Input Jitter      (TIJ):    0.000ns
    Discrete Jitter          (DJ):    0.000ns
    Phase Error              (PE):    0.000ns
    User Uncertainty         (UU):    0.100ns

    Location             Delay type                Incr(ns)  Path(ns)    Netlist Resource(s)
  -------------------------------------------------------------------    -------------------
                         (clock clk_host rise edge)
                                                      0.000     0.000 r  
                                                      0.000     0.000 r  clk_host (IN)
                         net (fo=145, unset)          0.013     0.013    u_axil_aw/u_fifo/clk_host
    SLICE_X92Y557        FDCE                                         r  u_axil_aw/u_fifo/wbin_reg[1]/C
  -------------------------------------------------------------------    -------------------
    SLICE_X92Y557        FDCE (Prop_EFF_SLICEM_C_Q)
                                                      0.038     0.051 r  u_axil_aw/u_fifo/wbin_reg[1]/Q
                         net (fo=20, routed)          0.209     0.260    u_axil_aw/u_fifo/mem_reg_0_3_0_8/ADDRH1
    SLICE_X92Y555        RAMD32                                       r  u_axil_aw/u_fifo/mem_reg_0_3_0_8/RAMB/WADR1
  -------------------------------------------------------------------    -------------------

                         (clock clk_host rise edge)
                                                      0.000     0.000 r  
                                                      0.000     0.000 r  clk_host (IN)
                         net (fo=145, unset)          0.039     0.039    u_axil_aw/u_fifo/mem_reg_0_3_0_8/WCLK
    SLICE_X92Y555        RAMD32                                       r  u_axil_aw/u_fifo/mem_reg_0_3_0_8/RAMB/CLK
                         clock pessimism              0.000     0.039    
                         clock uncertainty            0.100     0.139    
    SLICE_X92Y555        RAMD32 (Hold_B5LUT_SLICEM_CLK_WADR1)
                                                      0.061     0.200    u_axil_aw/u_fifo/mem_reg_0_3_0_8/RAMB
  -------------------------------------------------------------------
                         required time                         -0.200    
                         arrival time                           0.260    
  -------------------------------------------------------------------
                         slack                                  0.060    

Slack (MET) :             0.060ns  (arrival time - required time)
  Source:                 u_axil_aw/u_fifo/wbin_reg[1]/C
                            (rising edge-triggered cell FDCE clocked by clk_host  {rise@0.000ns fall@4.000ns period=8.000ns})
  Destination:            u_axil_aw/u_fifo/mem_reg_0_3_0_8/RAMB_D1/WADR1
                            (rising edge-triggered cell RAMD32 clocked by clk_host  {rise@0.000ns fall@4.000ns period=8.000ns})
  Path Group:             clk_host
  Path Type:              Hold (Min at Fast Process Corner)
  Requirement:            0.000ns  (clk_host rise@0.000ns - clk_host rise@0.000ns)
  Data Path Delay:        0.247ns  (logic 0.038ns (15.399%)  route 0.209ns (84.601%))
  Logic Levels:           0  
  Clock Path Skew:        0.026ns (DCD - SCD - CPR)
    Destination Clock Delay (DCD):    0.039ns
    Source Clock Delay      (SCD):    0.013ns
    Clock Pessimism Removal (CPR):    -0.000ns
  Clock Uncertainty:      0.100ns  ((TSJ^2 + TIJ^2)^1/2 + DJ) / 2 + PE + UU
    Total System Jitter     (TSJ):    0.000ns
    Total Input Jitter      (TIJ):    0.000ns
    Discrete Jitter          (DJ):    0.000ns
    Phase Error              (PE):    0.000ns
    User Uncertainty         (UU):    0.100ns

    Location             Delay type                Incr(ns)  Path(ns)    Netlist Resource(s)
  -------------------------------------------------------------------    -------------------
                         (clock clk_host rise edge)
                                                      0.000     0.000 r  
                                                      0.000     0.000 r  clk_host (IN)
                         net (fo=145, unset)          0.013     0.013    u_axil_aw/u_fifo/clk_host
    SLICE_X92Y557        FDCE                                         r  u_axil_aw/u_fifo/wbin_reg[1]/C
  -------------------------------------------------------------------    -------------------
    SLICE_X92Y557        FDCE (Prop_EFF_SLICEM_C_Q)
                                                      0.038     0.051 r  u_axil_aw/u_fifo/wbin_reg[1]/Q
                         net (fo=20, routed)          0.209     0.260    u_axil_aw/u_fifo/mem_reg_0_3_0_8/ADDRH1
    SLICE_X92Y555        RAMD32                                       r  u_axil_aw/u_fifo/mem_reg_0_3_0_8/RAMB_D1/WADR1
  -------------------------------------------------------------------    -------------------

                         (clock clk_host rise edge)
                                                      0.000     0.000 r  
                                                      0.000     0.000 r  clk_host (IN)
                         net (fo=145, unset)          0.039     0.039    u_axil_aw/u_fifo/mem_reg_0_3_0_8/WCLK
    SLICE_X92Y555        RAMD32                                       r  u_axil_aw/u_fifo/mem_reg_0_3_0_8/RAMB_D1/CLK
                         clock pessimism              0.000     0.039    
                         clock uncertainty            0.100     0.139    
    SLICE_X92Y555        RAMD32 (Hold_B6LUT_SLICEM_CLK_WADR1)
                                                      0.061     0.200    u_axil_aw/u_fifo/mem_reg_0_3_0_8/RAMB_D1
  -------------------------------------------------------------------
                         required time                         -0.200    
                         arrival time                           0.260    
  -------------------------------------------------------------------
                         slack                                  0.060    





Pulse Width Checks
--------------------------------------------------------------------------------------
Clock Name:         clk_host
Waveform(ns):       { 0.000 4.000 }
Period(ns):         8.000
Sources:            { clk_host }

Check Type        Corner  Lib Pin     Reference Pin  Required(ns)  Actual(ns)  Slack(ns)  Location       Pin
Min Period        n/a     RAMD32/CLK  n/a            1.064         8.000       6.936      SLICE_X99Y556  u_axil_ar/u_fifo/mem_reg_0_3_0_8/RAMA/CLK
Min Period        n/a     RAMD32/CLK  n/a            1.064         8.000       6.936      SLICE_X99Y556  u_axil_ar/u_fifo/mem_reg_0_3_0_8/RAMA_D1/CLK
Min Period        n/a     RAMD32/CLK  n/a            1.064         8.000       6.936      SLICE_X99Y556  u_axil_ar/u_fifo/mem_reg_0_3_0_8/RAMB/CLK
Min Period        n/a     RAMD32/CLK  n/a            1.064         8.000       6.936      SLICE_X99Y556  u_axil_ar/u_fifo/mem_reg_0_3_0_8/RAMB_D1/CLK
Min Period        n/a     RAMD32/CLK  n/a            1.064         8.000       6.936      SLICE_X99Y556  u_axil_ar/u_fifo/mem_reg_0_3_0_8/RAMC/CLK
Min Period        n/a     RAMD32/CLK  n/a            1.064         8.000       6.936      SLICE_X99Y556  u_axil_ar/u_fifo/mem_reg_0_3_0_8/RAMC_D1/CLK
Min Period        n/a     RAMD32/CLK  n/a            1.064         8.000       6.936      SLICE_X99Y556  u_axil_ar/u_fifo/mem_reg_0_3_0_8/RAMD/CLK
Min Period        n/a     RAMD32/CLK  n/a            1.064         8.000       6.936      SLICE_X99Y556  u_axil_ar/u_fifo/mem_reg_0_3_0_8/RAMD_D1/CLK
Min Period        n/a     RAMD32/CLK  n/a            1.064         8.000       6.936      SLICE_X99Y556  u_axil_ar/u_fifo/mem_reg_0_3_0_8/RAME/CLK
Min Period        n/a     RAMD32/CLK  n/a            1.064         8.000       6.936      SLICE_X99Y556  u_axil_ar/u_fifo/mem_reg_0_3_0_8/RAME_D1/CLK
Low Pulse Width   Slow    RAMD32/CLK  n/a            0.532         4.000       3.468      SLICE_X99Y556  u_axil_ar/u_fifo/mem_reg_0_3_0_8/RAMA/CLK
Low Pulse Width   Fast    RAMD32/CLK  n/a            0.532         4.000       3.468      SLICE_X99Y556  u_axil_ar/u_fifo/mem_reg_0_3_0_8/RAMA/CLK
Low Pulse Width   Slow    RAMD32/CLK  n/a            0.532         4.000       3.468      SLICE_X99Y556  u_axil_ar/u_fifo/mem_reg_0_3_0_8/RAMA_D1/CLK
Low Pulse Width   Fast    RAMD32/CLK  n/a            0.532         4.000       3.468      SLICE_X99Y556  u_axil_ar/u_fifo/mem_reg_0_3_0_8/RAMA_D1/CLK
Low Pulse Width   Slow    RAMD32/CLK  n/a            0.532         4.000       3.468      SLICE_X99Y556  u_axil_ar/u_fifo/mem_reg_0_3_0_8/RAMB/CLK
Low Pulse Width   Fast    RAMD32/CLK  n/a            0.532         4.000       3.468      SLICE_X99Y556  u_axil_ar/u_fifo/mem_reg_0_3_0_8/RAMB/CLK
Low Pulse Width   Slow    RAMD32/CLK  n/a            0.532         4.000       3.468      SLICE_X99Y556  u_axil_ar/u_fifo/mem_reg_0_3_0_8/RAMB_D1/CLK
Low Pulse Width   Fast    RAMD32/CLK  n/a            0.532         4.000       3.468      SLICE_X99Y556  u_axil_ar/u_fifo/mem_reg_0_3_0_8/RAMB_D1/CLK
Low Pulse Width   Slow    RAMD32/CLK  n/a            0.532         4.000       3.468      SLICE_X99Y556  u_axil_ar/u_fifo/mem_reg_0_3_0_8/RAMC/CLK
Low Pulse Width   Fast    RAMD32/CLK  n/a            0.532         4.000       3.468      SLICE_X99Y556  u_axil_ar/u_fifo/mem_reg_0_3_0_8/RAMC/CLK
High Pulse Width  Slow    RAMD32/CLK  n/a            0.532         4.000       3.468      SLICE_X99Y556  u_axil_ar/u_fifo/mem_reg_0_3_0_8/RAMA/CLK
High Pulse Width  Fast    RAMD32/CLK  n/a            0.532         4.000       3.468      SLICE_X99Y556  u_axil_ar/u_fifo/mem_reg_0_3_0_8/RAMA/CLK
High Pulse Width  Slow    RAMD32/CLK  n/a            0.532         4.000       3.468      SLICE_X99Y556  u_axil_ar/u_fifo/mem_reg_0_3_0_8/RAMA_D1/CLK
High Pulse Width  Fast    RAMD32/CLK  n/a            0.532         4.000       3.468      SLICE_X99Y556  u_axil_ar/u_fifo/mem_reg_0_3_0_8/RAMA_D1/CLK
High Pulse Width  Slow    RAMD32/CLK  n/a            0.532         4.000       3.468      SLICE_X99Y556  u_axil_ar/u_fifo/mem_reg_0_3_0_8/RAMB/CLK
High Pulse Width  Fast    RAMD32/CLK  n/a            0.532         4.000       3.468      SLICE_X99Y556  u_axil_ar/u_fifo/mem_reg_0_3_0_8/RAMB/CLK
High Pulse Width  Slow    RAMD32/CLK  n/a            0.532         4.000       3.468      SLICE_X99Y556  u_axil_ar/u_fifo/mem_reg_0_3_0_8/RAMB_D1/CLK
High Pulse Width  Fast    RAMD32/CLK  n/a            0.532         4.000       3.468      SLICE_X99Y556  u_axil_ar/u_fifo/mem_reg_0_3_0_8/RAMB_D1/CLK
High Pulse Width  Slow    RAMD32/CLK  n/a            0.532         4.000       3.468      SLICE_X99Y556  u_axil_ar/u_fifo/mem_reg_0_3_0_8/RAMC/CLK
High Pulse Width  Fast    RAMD32/CLK  n/a            0.532         4.000       3.468      SLICE_X99Y556  u_axil_ar/u_fifo/mem_reg_0_3_0_8/RAMC/CLK



---------------------------------------------------------------------------------------------------
From Clock:  clk_line
  To Clock:  clk_line

Setup :            0  Failing Endpoints,  Worst Slack        4.003ns,  Total Violation        0.000ns
Hold  :            0  Failing Endpoints,  Worst Slack        0.057ns,  Total Violation        0.000ns
PW    :            0  Failing Endpoints,  Worst Slack        2.668ns,  Total Violation        0.000ns
---------------------------------------------------------------------------------------------------


Max Delay Paths
--------------------------------------------------------------------------------------
Slack (MET) :             4.003ns  (required time - arrival time)
  Source:                 u_ingress/u_fifo/wbin_reg[0]/C
                            (rising edge-triggered cell FDCE clocked by clk_line  {rise@0.000ns fall@3.200ns period=6.400ns})
  Destination:            u_ingress/u_fifo/full_reg/D
                            (rising edge-triggered cell FDCE clocked by clk_line  {rise@0.000ns fall@3.200ns period=6.400ns})
  Path Group:             clk_line
  Path Type:              Setup (Max at Slow Process Corner)
  Requirement:            6.400ns  (clk_line rise@6.400ns - clk_line rise@0.000ns)
  Data Path Delay:        2.278ns  (logic 0.643ns (28.230%)  route 1.635ns (71.770%))
  Logic Levels:           5  (LUT4=1 LUT6=4)
  Clock Path Skew:        -0.009ns (DCD - SCD + CPR)
    Destination Clock Delay (DCD):    0.020ns = ( 6.420 - 6.400 ) 
    Source Clock Delay      (SCD):    0.029ns
    Clock Pessimism Removal (CPR):    0.000ns
  Clock Uncertainty:      0.135ns  ((TSJ^2 + TIJ^2)^1/2 + DJ) / 2 + PE + UU
    Total System Jitter     (TSJ):    0.071ns
    Total Input Jitter      (TIJ):    0.000ns
    Discrete Jitter          (DJ):    0.000ns
    Phase Error              (PE):    0.000ns
    User Uncertainty         (UU):    0.100ns

    Location             Delay type                Incr(ns)  Path(ns)    Netlist Resource(s)
  -------------------------------------------------------------------    -------------------
                         (clock clk_line rise edge)
                                                      0.000     0.000 r  
                                                      0.000     0.000 r  clk_line (IN)
                         net (fo=138, unset)          0.029     0.029    u_ingress/u_fifo/clk_line
    SLICE_X103Y482       FDCE                                         r  u_ingress/u_fifo/wbin_reg[0]/C
  -------------------------------------------------------------------    -------------------
    SLICE_X103Y482       FDCE (Prop_EFF_SLICEL_C_Q)
                                                      0.079     0.108 r  u_ingress/u_fifo/wbin_reg[0]/Q
                         net (fo=122, routed)         0.666     0.774    u_ingress/u_fifo/wbin_reg_n_0_[0]
    SLICE_X101Y481       LUT6 (Prop_H6LUT_SLICEL_I2_O)
                                                      0.150     0.924 r  u_ingress/u_fifo/wbin[8]_i_2/O
                         net (fo=12, routed)          0.419     1.344    u_ingress/u_fifo/wbin[8]_i_2_n_0
    SLICE_X102Y479       LUT4 (Prop_D5LUT_SLICEM_I2_O)
                                                      0.110     1.454 r  u_ingress/u_fifo/full_i_8/O
                         net (fo=1, routed)           0.216     1.670    u_ingress/u_fifo/full_i_8_n_0
    SLICE_X102Y479       LUT6 (Prop_G6LUT_SLICEM_I4_O)
                                                      0.090     1.760 r  u_ingress/u_fifo/full_i_7/O
                         net (fo=1, routed)           0.140     1.900    u_ingress/u_fifo/full_i_7_n_0
    SLICE_X103Y481       LUT6 (Prop_H6LUT_SLICEL_I3_O)
                                                      0.090     1.990 f  u_ingress/u_fifo/full_i_4/O
                         net (fo=1, routed)           0.142     2.132    u_ingress/u_fifo/full_i_4_n_0
    SLICE_X103Y482       LUT6 (Prop_H6LUT_SLICEL_I5_O)
                                                      0.124     2.256 r  u_ingress/u_fifo/full_i_1/O
                         net (fo=1, routed)           0.051     2.307    u_ingress/u_fifo/full_nxt
    SLICE_X103Y482       FDCE                                         r  u_ingress/u_fifo/full_reg/D
  -------------------------------------------------------------------    -------------------

                         (clock clk_line rise edge)
                                                      6.400     6.400 r  
                                                      0.000     6.400 r  clk_line (IN)
                         net (fo=138, unset)          0.020     6.420    u_ingress/u_fifo/clk_line
    SLICE_X103Y482       FDCE                                         r  u_ingress/u_fifo/full_reg/C
                         clock pessimism              0.000     6.420    
                         clock uncertainty           -0.135     6.285    
    SLICE_X103Y482       FDCE (Setup_HFF_SLICEL_C_D)
                                                      0.025     6.310    u_ingress/u_fifo/full_reg
  -------------------------------------------------------------------
                         required time                          6.310    
                         arrival time                          -2.307    
  -------------------------------------------------------------------
                         slack                                  4.003    

Slack (MET) :             4.157ns  (required time - arrival time)
  Source:                 u_ingress/u_fifo/wbin_reg[0]/C
                            (rising edge-triggered cell FDCE clocked by clk_line  {rise@0.000ns fall@3.200ns period=6.400ns})
  Destination:            u_ingress/u_fifo/wgray_reg[8]/D
                            (rising edge-triggered cell FDCE clocked by clk_line  {rise@0.000ns fall@3.200ns period=6.400ns})
  Path Group:             clk_line
  Path Type:              Setup (Max at Slow Process Corner)
  Requirement:            6.400ns  (clk_line rise@6.400ns - clk_line rise@0.000ns)
  Data Path Delay:        2.124ns  (logic 0.473ns (22.273%)  route 1.651ns (77.727%))
  Logic Levels:           3  (LUT3=1 LUT5=1 LUT6=1)
  Clock Path Skew:        -0.009ns (DCD - SCD + CPR)
    Destination Clock Delay (DCD):    0.020ns = ( 6.420 - 6.400 ) 
    Source Clock Delay      (SCD):    0.029ns
    Clock Pessimism Removal (CPR):    0.000ns
  Clock Uncertainty:      0.135ns  ((TSJ^2 + TIJ^2)^1/2 + DJ) / 2 + PE + UU
    Total System Jitter     (TSJ):    0.071ns
    Total Input Jitter      (TIJ):    0.000ns
    Discrete Jitter          (DJ):    0.000ns
    Phase Error              (PE):    0.000ns
    User Uncertainty         (UU):    0.100ns

    Location             Delay type                Incr(ns)  Path(ns)    Netlist Resource(s)
  -------------------------------------------------------------------    -------------------
                         (clock clk_line rise edge)
                                                      0.000     0.000 r  
                                                      0.000     0.000 r  clk_line (IN)
                         net (fo=138, unset)          0.029     0.029    u_ingress/u_fifo/clk_line
    SLICE_X103Y482       FDCE                                         r  u_ingress/u_fifo/wbin_reg[0]/C
  -------------------------------------------------------------------    -------------------
    SLICE_X103Y482       FDCE (Prop_EFF_SLICEL_C_Q)
                                                      0.079     0.108 r  u_ingress/u_fifo/wbin_reg[0]/Q
                         net (fo=122, routed)         0.666     0.774    u_ingress/u_fifo/wbin_reg_n_0_[0]
    SLICE_X101Y481       LUT6 (Prop_H6LUT_SLICEL_I2_O)
                                                      0.150     0.924 r  u_ingress/u_fifo/wbin[8]_i_2/O
                         net (fo=12, routed)          0.317     1.242    u_ingress/u_fifo/wbin[8]_i_2_n_0
    SLICE_X103Y480       LUT5 (Prop_G5LUT_SLICEL_I2_O)
                                                      0.135     1.377 r  u_ingress/u_fifo/wgray[8]_i_2/O
                         net (fo=2, routed)           0.213     1.590    u_ingress/u_fifo/wgray[8]_i_2_n_0
    SLICE_X103Y480       LUT3 (Prop_H5LUT_SLICEL_I2_O)
                                                      0.109     1.699 r  u_ingress/u_fifo/wgray[8]_i_1/O
                         net (fo=1, routed)           0.454     2.153    u_ingress/u_fifo/bin2gray_return2_out[8]
    SLICE_X103Y480       FDCE                                         r  u_ingress/u_fifo/wgray_reg[8]/D
  -------------------------------------------------------------------    -------------------

                         (clock clk_line rise edge)
                                                      6.400     6.400 r  
                                                      0.000     6.400 r  clk_line (IN)
                         net (fo=138, unset)          0.020     6.420    u_ingress/u_fifo/clk_line
    SLICE_X103Y480       FDCE                                         r  u_ingress/u_fifo/wgray_reg[8]/C
                         clock pessimism              0.000     6.420    
                         clock uncertainty           -0.135     6.285    
    SLICE_X103Y480       FDCE (Setup_BFF_SLICEL_C_D)
                                                      0.025     6.310    u_ingress/u_fifo/wgray_reg[8]
  -------------------------------------------------------------------
                         required time                          6.310    
                         arrival time                          -2.153    
  -------------------------------------------------------------------
                         slack                                  4.157    

Slack (MET) :             4.165ns  (required time - arrival time)
  Source:                 u_ingress/u_fifo/wbin_reg[0]/C
                            (rising edge-triggered cell FDCE clocked by clk_line  {rise@0.000ns fall@3.200ns period=6.400ns})
  Destination:            u_ingress/u_fifo/wbin_reg[9]/D
                            (rising edge-triggered cell FDCE clocked by clk_line  {rise@0.000ns fall@3.200ns period=6.400ns})
  Path Group:             clk_line
  Path Type:              Setup (Max at Slow Process Corner)
  Requirement:            6.400ns  (clk_line rise@6.400ns - clk_line rise@0.000ns)
  Data Path Delay:        2.116ns  (logic 0.463ns (21.886%)  route 1.653ns (78.114%))
  Logic Levels:           3  (LUT3=1 LUT5=1 LUT6=1)
  Clock Path Skew:        -0.009ns (DCD - SCD + CPR)
    Destination Clock Delay (DCD):    0.020ns = ( 6.420 - 6.400 ) 
    Source Clock Delay      (SCD):    0.029ns
    Clock Pessimism Removal (CPR):    0.000ns
  Clock Uncertainty:      0.135ns  ((TSJ^2 + TIJ^2)^1/2 + DJ) / 2 + PE + UU
    Total System Jitter     (TSJ):    0.071ns
    Total Input Jitter      (TIJ):    0.000ns
    Discrete Jitter          (DJ):    0.000ns
    Phase Error              (PE):    0.000ns
    User Uncertainty         (UU):    0.100ns

    Location             Delay type                Incr(ns)  Path(ns)    Netlist Resource(s)
  -------------------------------------------------------------------    -------------------
                         (clock clk_line rise edge)
                                                      0.000     0.000 r  
                                                      0.000     0.000 r  clk_line (IN)
                         net (fo=138, unset)          0.029     0.029    u_ingress/u_fifo/clk_line
    SLICE_X103Y482       FDCE                                         r  u_ingress/u_fifo/wbin_reg[0]/C
  -------------------------------------------------------------------    -------------------
    SLICE_X103Y482       FDCE (Prop_EFF_SLICEL_C_Q)
                                                      0.079     0.108 r  u_ingress/u_fifo/wbin_reg[0]/Q
                         net (fo=122, routed)         0.666     0.774    u_ingress/u_fifo/wbin_reg_n_0_[0]
    SLICE_X101Y481       LUT6 (Prop_H6LUT_SLICEL_I2_O)
                                                      0.150     0.924 r  u_ingress/u_fifo/wbin[8]_i_2/O
                         net (fo=12, routed)          0.317     1.242    u_ingress/u_fifo/wbin[8]_i_2_n_0
    SLICE_X103Y480       LUT5 (Prop_G5LUT_SLICEL_I2_O)
                                                      0.135     1.377 r  u_ingress/u_fifo/wgray[8]_i_2/O
                         net (fo=2, routed)           0.213     1.590    u_ingress/u_fifo/wgray[8]_i_2_n_0
    SLICE_X103Y480       LUT3 (Prop_H6LUT_SLICEL_I0_O)
                                                      0.099     1.689 r  u_ingress/u_fifo/wbin[9]_i_1/O
                         net (fo=2, routed)           0.456     2.145    u_ingress/u_fifo/b1_in[9]
    SLICE_X103Y480       FDCE                                         r  u_ingress/u_fifo/wbin_reg[9]/D
  -------------------------------------------------------------------    -------------------

                         (clock clk_line rise edge)
                                                      6.400     6.400 r  
                                                      0.000     6.400 r  clk_line (IN)
                         net (fo=138, unset)          0.020     6.420    u_ingress/u_fifo/clk_line
    SLICE_X103Y480       FDCE                                         r  u_ingress/u_fifo/wbin_reg[9]/C
                         clock pessimism              0.000     6.420    
                         clock uncertainty           -0.135     6.285    
    SLICE_X103Y480       FDCE (Setup_AFF_SLICEL_C_D)
                                                      0.025     6.310    u_ingress/u_fifo/wbin_reg[9]
  -------------------------------------------------------------------
                         required time                          6.310    
                         arrival time                          -2.145    
  -------------------------------------------------------------------
                         slack                                  4.165    

Slack (MET) :             4.428ns  (required time - arrival time)
  Source:                 u_ingress/u_fifo/wbin_reg[1]/C
                            (rising edge-triggered cell FDCE clocked by clk_line  {rise@0.000ns fall@3.200ns period=6.400ns})
  Destination:            u_ingress/u_fifo/mem_reg_448_511_7_8/RAMA/WADR1
                            (rising edge-triggered cell RAMD64E clocked by clk_line  {rise@0.000ns fall@3.200ns period=6.400ns})
  Path Group:             clk_line
  Path Type:              Setup (Max at Slow Process Corner)
  Requirement:            6.400ns  (clk_line rise@6.400ns - clk_line rise@0.000ns)
  Data Path Delay:        1.736ns  (logic 0.079ns (4.550%)  route 1.657ns (95.450%))
  Logic Levels:           0  
  Clock Path Skew:        0.014ns (DCD - SCD + CPR)
    Destination Clock Delay (DCD):    0.043ns = ( 6.443 - 6.400 ) 
    Source Clock Delay      (SCD):    0.029ns
    Clock Pessimism Removal (CPR):    0.000ns
  Clock Uncertainty:      0.135ns  ((TSJ^2 + TIJ^2)^1/2 + DJ) / 2 + PE + UU
    Total System Jitter     (TSJ):    0.071ns
    Total Input Jitter      (TIJ):    0.000ns
    Discrete Jitter          (DJ):    0.000ns
    Phase Error              (PE):    0.000ns
    User Uncertainty         (UU):    0.100ns

    Location             Delay type                Incr(ns)  Path(ns)    Netlist Resource(s)
  -------------------------------------------------------------------    -------------------
                         (clock clk_line rise edge)
                                                      0.000     0.000 r  
                                                      0.000     0.000 r  clk_line (IN)
                         net (fo=138, unset)          0.029     0.029    u_ingress/u_fifo/clk_line
    SLICE_X103Y483       FDCE                                         r  u_ingress/u_fifo/wbin_reg[1]/C
  -------------------------------------------------------------------    -------------------
    SLICE_X103Y483       FDCE (Prop_EFF_SLICEL_C_Q)
                                                      0.079     0.108 r  u_ingress/u_fifo/wbin_reg[1]/Q
                         net (fo=121, routed)         1.657     1.765    u_ingress/u_fifo/mem_reg_448_511_7_8/ADDRD1
    SLICE_X100Y482       RAMD64E                                      r  u_ingress/u_fifo/mem_reg_448_511_7_8/RAMA/WADR1
  -------------------------------------------------------------------    -------------------

                         (clock clk_line rise edge)
                                                      6.400     6.400 r  
                                                      0.000     6.400 r  clk_line (IN)
                         net (fo=138, unset)          0.043     6.443    u_ingress/u_fifo/mem_reg_448_511_7_8/WCLK
    SLICE_X100Y482       RAMD64E                                      r  u_ingress/u_fifo/mem_reg_448_511_7_8/RAMA/CLK
                         clock pessimism              0.000     6.443    
                         clock uncertainty           -0.135     6.308    
    SLICE_X100Y482       RAMD64E (Setup_E6LUT_SLICEM_CLK_WADR1)
                                                     -0.114     6.194    u_ingress/u_fifo/mem_reg_448_511_7_8/RAMA
  -------------------------------------------------------------------
                         required time                          6.194    
                         arrival time                          -1.765    
  -------------------------------------------------------------------
                         slack                                  4.428    

Slack (MET) :             4.428ns  (required time - arrival time)
  Source:                 u_ingress/u_fifo/wbin_reg[1]/C
                            (rising edge-triggered cell FDCE clocked by clk_line  {rise@0.000ns fall@3.200ns period=6.400ns})
  Destination:            u_ingress/u_fifo/mem_reg_448_511_7_8/RAMB/WADR1
                            (rising edge-triggered cell RAMD64E clocked by clk_line  {rise@0.000ns fall@3.200ns period=6.400ns})
  Path Group:             clk_line
  Path Type:              Setup (Max at Slow Process Corner)
  Requirement:            6.400ns  (clk_line rise@6.400ns - clk_line rise@0.000ns)
  Data Path Delay:        1.736ns  (logic 0.079ns (4.550%)  route 1.657ns (95.450%))
  Logic Levels:           0  
  Clock Path Skew:        0.014ns (DCD - SCD + CPR)
    Destination Clock Delay (DCD):    0.043ns = ( 6.443 - 6.400 ) 
    Source Clock Delay      (SCD):    0.029ns
    Clock Pessimism Removal (CPR):    0.000ns
  Clock Uncertainty:      0.135ns  ((TSJ^2 + TIJ^2)^1/2 + DJ) / 2 + PE + UU
    Total System Jitter     (TSJ):    0.071ns
    Total Input Jitter      (TIJ):    0.000ns
    Discrete Jitter          (DJ):    0.000ns
    Phase Error              (PE):    0.000ns
    User Uncertainty         (UU):    0.100ns

    Location             Delay type                Incr(ns)  Path(ns)    Netlist Resource(s)
  -------------------------------------------------------------------    -------------------
                         (clock clk_line rise edge)
                                                      0.000     0.000 r  
                                                      0.000     0.000 r  clk_line (IN)
                         net (fo=138, unset)          0.029     0.029    u_ingress/u_fifo/clk_line
    SLICE_X103Y483       FDCE                                         r  u_ingress/u_fifo/wbin_reg[1]/C
  -------------------------------------------------------------------    -------------------
    SLICE_X103Y483       FDCE (Prop_EFF_SLICEL_C_Q)
                                                      0.079     0.108 r  u_ingress/u_fifo/wbin_reg[1]/Q
                         net (fo=121, routed)         1.657     1.765    u_ingress/u_fifo/mem_reg_448_511_7_8/ADDRD1
    SLICE_X100Y482       RAMD64E                                      r  u_ingress/u_fifo/mem_reg_448_511_7_8/RAMB/WADR1
  -------------------------------------------------------------------    -------------------

                         (clock clk_line rise edge)
                                                      6.400     6.400 r  
                                                      0.000     6.400 r  clk_line (IN)
                         net (fo=138, unset)          0.043     6.443    u_ingress/u_fifo/mem_reg_448_511_7_8/WCLK
    SLICE_X100Y482       RAMD64E                                      r  u_ingress/u_fifo/mem_reg_448_511_7_8/RAMB/CLK
                         clock pessimism              0.000     6.443    
                         clock uncertainty           -0.135     6.308    
    SLICE_X100Y482       RAMD64E (Setup_F6LUT_SLICEM_CLK_WADR1)
                                                     -0.114     6.194    u_ingress/u_fifo/mem_reg_448_511_7_8/RAMB
  -------------------------------------------------------------------
                         required time                          6.194    
                         arrival time                          -1.765    
  -------------------------------------------------------------------
                         slack                                  4.428    

Slack (MET) :             4.428ns  (required time - arrival time)
  Source:                 u_ingress/u_fifo/wbin_reg[1]/C
                            (rising edge-triggered cell FDCE clocked by clk_line  {rise@0.000ns fall@3.200ns period=6.400ns})
  Destination:            u_ingress/u_fifo/mem_reg_448_511_7_8/RAMC/WADR1
                            (rising edge-triggered cell RAMD64E clocked by clk_line  {rise@0.000ns fall@3.200ns period=6.400ns})
  Path Group:             clk_line
  Path Type:              Setup (Max at Slow Process Corner)
  Requirement:            6.400ns  (clk_line rise@6.400ns - clk_line rise@0.000ns)
  Data Path Delay:        1.736ns  (logic 0.079ns (4.550%)  route 1.657ns (95.450%))
  Logic Levels:           0  
  Clock Path Skew:        0.014ns (DCD - SCD + CPR)
    Destination Clock Delay (DCD):    0.043ns = ( 6.443 - 6.400 ) 
    Source Clock Delay      (SCD):    0.029ns
    Clock Pessimism Removal (CPR):    0.000ns
  Clock Uncertainty:      0.135ns  ((TSJ^2 + TIJ^2)^1/2 + DJ) / 2 + PE + UU
    Total System Jitter     (TSJ):    0.071ns
    Total Input Jitter      (TIJ):    0.000ns
    Discrete Jitter          (DJ):    0.000ns
    Phase Error              (PE):    0.000ns
    User Uncertainty         (UU):    0.100ns

    Location             Delay type                Incr(ns)  Path(ns)    Netlist Resource(s)
  -------------------------------------------------------------------    -------------------
                         (clock clk_line rise edge)
                                                      0.000     0.000 r  
                                                      0.000     0.000 r  clk_line (IN)
                         net (fo=138, unset)          0.029     0.029    u_ingress/u_fifo/clk_line
    SLICE_X103Y483       FDCE                                         r  u_ingress/u_fifo/wbin_reg[1]/C
  -------------------------------------------------------------------    -------------------
    SLICE_X103Y483       FDCE (Prop_EFF_SLICEL_C_Q)
                                                      0.079     0.108 r  u_ingress/u_fifo/wbin_reg[1]/Q
                         net (fo=121, routed)         1.657     1.765    u_ingress/u_fifo/mem_reg_448_511_7_8/ADDRD1
    SLICE_X100Y482       RAMD64E                                      r  u_ingress/u_fifo/mem_reg_448_511_7_8/RAMC/WADR1
  -------------------------------------------------------------------    -------------------

                         (clock clk_line rise edge)
                                                      6.400     6.400 r  
                                                      0.000     6.400 r  clk_line (IN)
                         net (fo=138, unset)          0.043     6.443    u_ingress/u_fifo/mem_reg_448_511_7_8/WCLK
    SLICE_X100Y482       RAMD64E                                      r  u_ingress/u_fifo/mem_reg_448_511_7_8/RAMC/CLK
                         clock pessimism              0.000     6.443    
                         clock uncertainty           -0.135     6.308    
    SLICE_X100Y482       RAMD64E (Setup_G6LUT_SLICEM_CLK_WADR1)
                                                     -0.114     6.194    u_ingress/u_fifo/mem_reg_448_511_7_8/RAMC
  -------------------------------------------------------------------
                         required time                          6.194    
                         arrival time                          -1.765    
  -------------------------------------------------------------------
                         slack                                  4.428    

Slack (MET) :             4.428ns  (required time - arrival time)
  Source:                 u_ingress/u_fifo/wbin_reg[1]/C
                            (rising edge-triggered cell FDCE clocked by clk_line  {rise@0.000ns fall@3.200ns period=6.400ns})
  Destination:            u_ingress/u_fifo/mem_reg_448_511_7_8/RAMD/WADR1
                            (rising edge-triggered cell RAMD64E clocked by clk_line  {rise@0.000ns fall@3.200ns period=6.400ns})
  Path Group:             clk_line
  Path Type:              Setup (Max at Slow Process Corner)
  Requirement:            6.400ns  (clk_line rise@6.400ns - clk_line rise@0.000ns)
  Data Path Delay:        1.736ns  (logic 0.079ns (4.550%)  route 1.657ns (95.450%))
  Logic Levels:           0  
  Clock Path Skew:        0.014ns (DCD - SCD + CPR)
    Destination Clock Delay (DCD):    0.043ns = ( 6.443 - 6.400 ) 
    Source Clock Delay      (SCD):    0.029ns
    Clock Pessimism Removal (CPR):    0.000ns
  Clock Uncertainty:      0.135ns  ((TSJ^2 + TIJ^2)^1/2 + DJ) / 2 + PE + UU
    Total System Jitter     (TSJ):    0.071ns
    Total Input Jitter      (TIJ):    0.000ns
    Discrete Jitter          (DJ):    0.000ns
    Phase Error              (PE):    0.000ns
    User Uncertainty         (UU):    0.100ns

    Location             Delay type                Incr(ns)  Path(ns)    Netlist Resource(s)
  -------------------------------------------------------------------    -------------------
                         (clock clk_line rise edge)
                                                      0.000     0.000 r  
                                                      0.000     0.000 r  clk_line (IN)
                         net (fo=138, unset)          0.029     0.029    u_ingress/u_fifo/clk_line
    SLICE_X103Y483       FDCE                                         r  u_ingress/u_fifo/wbin_reg[1]/C
  -------------------------------------------------------------------    -------------------
    SLICE_X103Y483       FDCE (Prop_EFF_SLICEL_C_Q)
                                                      0.079     0.108 r  u_ingress/u_fifo/wbin_reg[1]/Q
                         net (fo=121, routed)         1.657     1.765    u_ingress/u_fifo/mem_reg_448_511_7_8/ADDRD1
    SLICE_X100Y482       RAMD64E                                      r  u_ingress/u_fifo/mem_reg_448_511_7_8/RAMD/WADR1
  -------------------------------------------------------------------    -------------------

                         (clock clk_line rise edge)
                                                      6.400     6.400 r  
                                                      0.000     6.400 r  clk_line (IN)
                         net (fo=138, unset)          0.043     6.443    u_ingress/u_fifo/mem_reg_448_511_7_8/WCLK
    SLICE_X100Y482       RAMD64E                                      r  u_ingress/u_fifo/mem_reg_448_511_7_8/RAMD/CLK
                         clock pessimism              0.000     6.443    
                         clock uncertainty           -0.135     6.308    
    SLICE_X100Y482       RAMD64E (Setup_H6LUT_SLICEM_CLK_WADR1)
                                                     -0.114     6.194    u_ingress/u_fifo/mem_reg_448_511_7_8/RAMD
  -------------------------------------------------------------------
                         required time                          6.194    
                         arrival time                          -1.765    
  -------------------------------------------------------------------
                         slack                                  4.428    

Slack (MET) :             4.512ns  (required time - arrival time)
  Source:                 u_ingress/u_fifo/wbin_reg[2]/C
                            (rising edge-triggered cell FDCE clocked by clk_line  {rise@0.000ns fall@3.200ns period=6.400ns})
  Destination:            u_ingress/u_fifo/wgray_reg[3]/D
                            (rising edge-triggered cell FDCE clocked by clk_line  {rise@0.000ns fall@3.200ns period=6.400ns})
  Path Group:             clk_line
  Path Type:              Setup (Max at Slow Process Corner)
  Requirement:            6.400ns  (clk_line rise@6.400ns - clk_line rise@0.000ns)
  Data Path Delay:        1.769ns  (logic 0.347ns (19.621%)  route 1.422ns (80.379%))
  Logic Levels:           2  (LUT3=1 LUT5=1)
  Clock Path Skew:        -0.009ns (DCD - SCD + CPR)
    Destination Clock Delay (DCD):    0.020ns = ( 6.420 - 6.400 ) 
    Source Clock Delay      (SCD):    0.029ns
    Clock Pessimism Removal (CPR):    0.000ns
  Clock Uncertainty:      0.135ns  ((TSJ^2 + TIJ^2)^1/2 + DJ) / 2 + PE + UU
    Total System Jitter     (TSJ):    0.071ns
    Total Input Jitter      (TIJ):    0.000ns
    Discrete Jitter          (DJ):    0.000ns
    Phase Error              (PE):    0.000ns
    User Uncertainty         (UU):    0.100ns

    Location             Delay type                Incr(ns)  Path(ns)    Netlist Resource(s)
  -------------------------------------------------------------------    -------------------
                         (clock clk_line rise edge)
                                                      0.000     0.000 r  
                                                      0.000     0.000 r  clk_line (IN)
                         net (fo=138, unset)          0.029     0.029    u_ingress/u_fifo/clk_line
    SLICE_X103Y481       FDCE                                         r  u_ingress/u_fifo/wbin_reg[2]/C
  -------------------------------------------------------------------    -------------------
    SLICE_X103Y481       FDCE (Prop_EFF_SLICEL_C_Q)
                                                      0.079     0.108 r  u_ingress/u_fifo/wbin_reg[2]/Q
                         net (fo=119, routed)         0.963     1.071    u_ingress/u_fifo/wbin_reg_n_0_[2]
    SLICE_X103Y481       LUT5 (Prop_D5LUT_SLICEL_I0_O)
                                                      0.110     1.181 r  u_ingress/u_fifo/wgray[3]_i_2/O
                         net (fo=1, routed)           0.164     1.345    u_ingress/u_fifo/wgray[3]_i_2_n_0
    SLICE_X103Y481       LUT3 (Prop_C5LUT_SLICEL_I2_O)
                                                      0.158     1.503 r  u_ingress/u_fifo/wgray[3]_i_1/O
                         net (fo=2, routed)           0.294     1.798    u_ingress/u_fifo/bin2gray_return2_out[3]
    SLICE_X103Y481       FDCE                                         r  u_ingress/u_fifo/wgray_reg[3]/D
  -------------------------------------------------------------------    -------------------

                         (clock clk_line rise edge)
                                                      6.400     6.400 r  
                                                      0.000     6.400 r  clk_line (IN)
                         net (fo=138, unset)          0.020     6.420    u_ingress/u_fifo/clk_line
    SLICE_X103Y481       FDCE                                         r  u_ingress/u_fifo/wgray_reg[3]/C
                         clock pessimism              0.000     6.420    
                         clock uncertainty           -0.135     6.285    
    SLICE_X103Y481       FDCE (Setup_GFF_SLICEL_C_D)
                                                      0.025     6.310    u_ingress/u_fifo/wgray_reg[3]
  -------------------------------------------------------------------
                         required time                          6.310    
                         arrival time                          -1.798    
  -------------------------------------------------------------------
                         slack                                  4.512    

Slack (MET) :             4.673ns  (required time - arrival time)
  Source:                 u_ingress/u_fifo/wbin_reg[0]/C
                            (rising edge-triggered cell FDCE clocked by clk_line  {rise@0.000ns fall@3.200ns period=6.400ns})
  Destination:            u_ingress/u_fifo/wgray_reg[6]/D
                            (rising edge-triggered cell FDCE clocked by clk_line  {rise@0.000ns fall@3.200ns period=6.400ns})
  Path Group:             clk_line
  Path Type:              Setup (Max at Slow Process Corner)
  Requirement:            6.400ns  (clk_line rise@6.400ns - clk_line rise@0.000ns)
  Data Path Delay:        1.608ns  (logic 0.352ns (21.893%)  route 1.256ns (78.107%))
  Logic Levels:           2  (LUT5=1 LUT6=1)
  Clock Path Skew:        -0.009ns (DCD - SCD + CPR)
    Destination Clock Delay (DCD):    0.020ns = ( 6.420 - 6.400 ) 
    Source Clock Delay      (SCD):    0.029ns
    Clock Pessimism Removal (CPR):    0.000ns
  Clock Uncertainty:      0.135ns  ((TSJ^2 + TIJ^2)^1/2 + DJ) / 2 + PE + UU
    Total System Jitter     (TSJ):    0.071ns
    Total Input Jitter      (TIJ):    0.000ns
    Discrete Jitter          (DJ):    0.000ns
    Phase Error              (PE):    0.000ns
    User Uncertainty         (UU):    0.100ns

    Location             Delay type                Incr(ns)  Path(ns)    Netlist Resource(s)
  -------------------------------------------------------------------    -------------------
                         (clock clk_line rise edge)
                                                      0.000     0.000 r  
                                                      0.000     0.000 r  clk_line (IN)
                         net (fo=138, unset)          0.029     0.029    u_ingress/u_fifo/clk_line
    SLICE_X103Y482       FDCE                                         r  u_ingress/u_fifo/wbin_reg[0]/C
  -------------------------------------------------------------------    -------------------
    SLICE_X103Y482       FDCE (Prop_EFF_SLICEL_C_Q)
                                                      0.079     0.108 r  u_ingress/u_fifo/wbin_reg[0]/Q
                         net (fo=122, routed)         0.666     0.774    u_ingress/u_fifo/wbin_reg_n_0_[0]
    SLICE_X101Y481       LUT6 (Prop_H6LUT_SLICEL_I2_O)
                                                      0.150     0.924 r  u_ingress/u_fifo/wbin[8]_i_2/O
                         net (fo=12, routed)          0.317     1.242    u_ingress/u_fifo/wbin[8]_i_2_n_0
    SLICE_X103Y480       LUT5 (Prop_G6LUT_SLICEL_I3_O)
                                                      0.123     1.365 r  u_ingress/u_fifo/wgray[6]_i_1/O
                         net (fo=2, routed)           0.272     1.637    u_ingress/u_fifo/bin2gray_return2_out[6]
    SLICE_X103Y480       FDCE                                         r  u_ingress/u_fifo/wgray_reg[6]/D
  -------------------------------------------------------------------    -------------------

                         (clock clk_line rise edge)
                                                      6.400     6.400 r  
                                                      0.000     6.400 r  clk_line (IN)
                         net (fo=138, unset)          0.020     6.420    u_ingress/u_fifo/clk_line
    SLICE_X103Y480       FDCE                                         r  u_ingress/u_fifo/wgray_reg[6]/C
                         clock pessimism              0.000     6.420    
                         clock uncertainty           -0.135     6.285    
    SLICE_X103Y480       FDCE (Setup_AFF2_SLICEL_C_D)
                                                      0.025     6.310    u_ingress/u_fifo/wgray_reg[6]
  -------------------------------------------------------------------
                         required time                          6.310    
                         arrival time                          -1.637    
  -------------------------------------------------------------------
                         slack                                  4.673    

Slack (MET) :             4.781ns  (required time - arrival time)
  Source:                 u_ingress/u_fifo/wbin_reg[0]/C
                            (rising edge-triggered cell FDCE clocked by clk_line  {rise@0.000ns fall@3.200ns period=6.400ns})
  Destination:            u_ingress/u_fifo/wbin_reg[4]/D
                            (rising edge-triggered cell FDCE clocked by clk_line  {rise@0.000ns fall@3.200ns period=6.400ns})
  Path Group:             clk_line
  Path Type:              Setup (Max at Slow Process Corner)
  Requirement:            6.400ns  (clk_line rise@6.400ns - clk_line rise@0.000ns)
  Data Path Delay:        1.500ns  (logic 0.302ns (20.135%)  route 1.198ns (79.865%))
  Logic Levels:           2  (LUT2=1 LUT6=1)
  Clock Path Skew:        -0.009ns (DCD - SCD + CPR)
    Destination Clock Delay (DCD):    0.020ns = ( 6.420 - 6.400 ) 
    Source Clock Delay      (SCD):    0.029ns
    Clock Pessimism Removal (CPR):    0.000ns
  Clock Uncertainty:      0.135ns  ((TSJ^2 + TIJ^2)^1/2 + DJ) / 2 + PE + UU
    Total System Jitter     (TSJ):    0.071ns
    Total Input Jitter      (TIJ):    0.000ns
    Discrete Jitter          (DJ):    0.000ns
    Phase Error              (PE):    0.000ns
    User Uncertainty         (UU):    0.100ns

    Location             Delay type                Incr(ns)  Path(ns)    Netlist Resource(s)
  -------------------------------------------------------------------    -------------------
                         (clock clk_line rise edge)
                                                      0.000     0.000 r  
                                                      0.000     0.000 r  clk_line (IN)
                         net (fo=138, unset)          0.029     0.029    u_ingress/u_fifo/clk_line
    SLICE_X103Y482       FDCE                                         r  u_ingress/u_fifo/wbin_reg[0]/C
  -------------------------------------------------------------------    -------------------
    SLICE_X103Y482       FDCE (Prop_EFF_SLICEL_C_Q)
                                                      0.079     0.108 r  u_ingress/u_fifo/wbin_reg[0]/Q
                         net (fo=122, routed)         0.666     0.774    u_ingress/u_fifo/wbin_reg_n_0_[0]
    SLICE_X101Y481       LUT6 (Prop_H6LUT_SLICEL_I2_O)
                                                      0.150     0.924 r  u_ingress/u_fifo/wbin[8]_i_2/O
                         net (fo=12, routed)          0.269     1.194    u_ingress/u_fifo/wbin[8]_i_2_n_0
    SLICE_X103Y481       LUT2 (Prop_B5LUT_SLICEL_I0_O)
                                                      0.073     1.267 r  u_ingress/u_fifo/wbin[4]_i_1/O
                         net (fo=1, routed)           0.262     1.529    u_ingress/u_fifo/b1_in__0[4]
    SLICE_X103Y481       FDCE                                         r  u_ingress/u_fifo/wbin_reg[4]/D
  -------------------------------------------------------------------    -------------------

                         (clock clk_line rise edge)
                                                      6.400     6.400 r  
                                                      0.000     6.400 r  clk_line (IN)
                         net (fo=138, unset)          0.020     6.420    u_ingress/u_fifo/clk_line
    SLICE_X103Y481       FDCE                                         r  u_ingress/u_fifo/wbin_reg[4]/C
                         clock pessimism              0.000     6.420    
                         clock uncertainty           -0.135     6.285    
    SLICE_X103Y481       FDCE (Setup_FFF_SLICEL_C_D)
                                                      0.025     6.310    u_ingress/u_fifo/wbin_reg[4]
  -------------------------------------------------------------------
                         required time                          6.310    
                         arrival time                          -1.529    
  -------------------------------------------------------------------
                         slack                                  4.781    





Min Delay Paths
--------------------------------------------------------------------------------------
Slack (MET) :             0.057ns  (arrival time - required time)
  Source:                 u_rst_line/sync_reg[0]/C
                            (rising edge-triggered cell FDCE clocked by clk_line  {rise@0.000ns fall@3.200ns period=6.400ns})
  Destination:            u_rst_line/sync_reg[1]/D
                            (rising edge-triggered cell FDCE clocked by clk_line  {rise@0.000ns fall@3.200ns period=6.400ns})
  Path Group:             clk_line
  Path Type:              Hold (Min at Fast Process Corner)
  Requirement:            0.000ns  (clk_line rise@0.000ns - clk_line rise@0.000ns)
  Data Path Delay:        0.210ns  (logic 0.039ns (18.571%)  route 0.171ns (81.429%))
  Logic Levels:           0  
  Clock Path Skew:        0.006ns (DCD - SCD - CPR)
    Destination Clock Delay (DCD):    0.019ns
    Source Clock Delay      (SCD):    0.013ns
    Clock Pessimism Removal (CPR):    -0.000ns
  Clock Uncertainty:      0.100ns  ((TSJ^2 + TIJ^2)^1/2 + DJ) / 2 + PE + UU
    Total System Jitter     (TSJ):    0.000ns
    Total Input Jitter      (TIJ):    0.000ns
    Discrete Jitter          (DJ):    0.000ns
    Phase Error              (PE):    0.000ns
    User Uncertainty         (UU):    0.100ns

    Location             Delay type                Incr(ns)  Path(ns)    Netlist Resource(s)
  -------------------------------------------------------------------    -------------------
                         (clock clk_line rise edge)
                                                      0.000     0.000 r  
                                                      0.000     0.000 r  clk_line (IN)
                         net (fo=138, unset)          0.013     0.013    u_rst_line/clk_line
    SLICE_X103Y484       FDCE                                         r  u_rst_line/sync_reg[0]/C
  -------------------------------------------------------------------    -------------------
    SLICE_X103Y484       FDCE (Prop_HFF2_SLICEL_C_Q)
                                                      0.039     0.052 r  u_rst_line/sync_reg[0]/Q
                         net (fo=1, routed)           0.171     0.223    u_rst_line/sync[0]
    SLICE_X103Y484       FDCE                                         r  u_rst_line/sync_reg[1]/D
  -------------------------------------------------------------------    -------------------

                         (clock clk_line rise edge)
                                                      0.000     0.000 r  
                                                      0.000     0.000 r  clk_line (IN)
                         net (fo=138, unset)          0.019     0.019    u_rst_line/clk_line
    SLICE_X103Y484       FDCE                                         r  u_rst_line/sync_reg[1]/C
                         clock pessimism              0.000     0.019    
                         clock uncertainty            0.100     0.119    
    SLICE_X103Y484       FDCE (Hold_EFF2_SLICEL_C_D)
                                                      0.047     0.166    u_rst_line/sync_reg[1]
  -------------------------------------------------------------------
                         required time                         -0.166    
                         arrival time                           0.223    
  -------------------------------------------------------------------
                         slack                                  0.057    

Slack (MET) :             0.059ns  (arrival time - required time)
  Source:                 u_ingress/u_fifo/wbin_reg[1]/C
                            (rising edge-triggered cell FDCE clocked by clk_line  {rise@0.000ns fall@3.200ns period=6.400ns})
  Destination:            u_ingress/u_fifo/mem_reg_384_447_0_6/RAMA/WADR1
                            (rising edge-triggered cell RAMD64E clocked by clk_line  {rise@0.000ns fall@3.200ns period=6.400ns})
  Path Group:             clk_line
  Path Type:              Hold (Min at Fast Process Corner)
  Requirement:            0.000ns  (clk_line rise@0.000ns - clk_line rise@0.000ns)
  Data Path Delay:        0.246ns  (logic 0.039ns (15.863%)  route 0.207ns (84.137%))
  Logic Levels:           0  
  Clock Path Skew:        0.026ns (DCD - SCD - CPR)
    Destination Clock Delay (DCD):    0.039ns
    Source Clock Delay      (SCD):    0.013ns
    Clock Pessimism Removal (CPR):    -0.000ns
  Clock Uncertainty:      0.100ns  ((TSJ^2 + TIJ^2)^1/2 + DJ) / 2 + PE + UU
    Total System Jitter     (TSJ):    0.000ns
    Total Input Jitter      (TIJ):    0.000ns
    Discrete Jitter          (DJ):    0.000ns
    Phase Error              (PE):    0.000ns
    User Uncertainty         (UU):    0.100ns

    Location             Delay type                Incr(ns)  Path(ns)    Netlist Resource(s)
  -------------------------------------------------------------------    -------------------
                         (clock clk_line rise edge)
                                                      0.000     0.000 r  
                                                      0.000     0.000 r  clk_line (IN)
                         net (fo=138, unset)          0.013     0.013    u_ingress/u_fifo/clk_line
    SLICE_X103Y483       FDCE                                         r  u_ingress/u_fifo/wbin_reg[1]/C
  -------------------------------------------------------------------    -------------------
    SLICE_X103Y483       FDCE (Prop_EFF_SLICEL_C_Q)
                                                      0.039     0.052 r  u_ingress/u_fifo/wbin_reg[1]/Q
                         net (fo=121, routed)         0.207     0.259    u_ingress/u_fifo/mem_reg_384_447_0_6/ADDRH1
    SLICE_X100Y483       RAMD64E                                      r  u_ingress/u_fifo/mem_reg_384_447_0_6/RAMA/WADR1
  -------------------------------------------------------------------    -------------------

                         (clock clk_line rise edge)
                                                      0.000     0.000 r  
                                                      0.000     0.000 r  clk_line (IN)
                         net (fo=138, unset)          0.039     0.039    u_ingress/u_fifo/mem_reg_384_447_0_6/WCLK
    SLICE_X100Y483       RAMD64E                                      r  u_ingress/u_fifo/mem_reg_384_447_0_6/RAMA/CLK
                         clock pessimism              0.000     0.039    
                         clock uncertainty            0.100     0.139    
    SLICE_X100Y483       RAMD64E (Hold_A6LUT_SLICEM_CLK_WADR1)
                                                      0.061     0.200    u_ingress/u_fifo/mem_reg_384_447_0_6/RAMA
  -------------------------------------------------------------------
                         required time                         -0.200    
                         arrival time                           0.259    
  -------------------------------------------------------------------
                         slack                                  0.059    

Slack (MET) :             0.059ns  (arrival time - required time)
  Source:                 u_ingress/u_fifo/wbin_reg[1]/C
                            (rising edge-triggered cell FDCE clocked by clk_line  {rise@0.000ns fall@3.200ns period=6.400ns})
  Destination:            u_ingress/u_fifo/mem_reg_384_447_0_6/RAMB/WADR1
                            (rising edge-triggered cell RAMD64E clocked by clk_line  {rise@0.000ns fall@3.200ns period=6.400ns})
  Path Group:             clk_line
  Path Type:              Hold (Min at Fast Process Corner)
  Requirement:            0.000ns  (clk_line rise@0.000ns - clk_line rise@0.000ns)
  Data Path Delay:        0.246ns  (logic 0.039ns (15.863%)  route 0.207ns (84.137%))
  Logic Levels:           0  
  Clock Path Skew:        0.026ns (DCD - SCD - CPR)
    Destination Clock Delay (DCD):    0.039ns
    Source Clock Delay      (SCD):    0.013ns
    Clock Pessimism Removal (CPR):    -0.000ns
  Clock Uncertainty:      0.100ns  ((TSJ^2 + TIJ^2)^1/2 + DJ) / 2 + PE + UU
    Total System Jitter     (TSJ):    0.000ns
    Total Input Jitter      (TIJ):    0.000ns
    Discrete Jitter          (DJ):    0.000ns
    Phase Error              (PE):    0.000ns
    User Uncertainty         (UU):    0.100ns

    Location             Delay type                Incr(ns)  Path(ns)    Netlist Resource(s)
  -------------------------------------------------------------------    -------------------
                         (clock clk_line rise edge)
                                                      0.000     0.000 r  
                                                      0.000     0.000 r  clk_line (IN)
                         net (fo=138, unset)          0.013     0.013    u_ingress/u_fifo/clk_line
    SLICE_X103Y483       FDCE                                         r  u_ingress/u_fifo/wbin_reg[1]/C
  -------------------------------------------------------------------    -------------------
    SLICE_X103Y483       FDCE (Prop_EFF_SLICEL_C_Q)
                                                      0.039     0.052 r  u_ingress/u_fifo/wbin_reg[1]/Q
                         net (fo=121, routed)         0.207     0.259    u_ingress/u_fifo/mem_reg_384_447_0_6/ADDRH1
    SLICE_X100Y483       RAMD64E                                      r  u_ingress/u_fifo/mem_reg_384_447_0_6/RAMB/WADR1
  -------------------------------------------------------------------    -------------------

                         (clock clk_line rise edge)
                                                      0.000     0.000 r  
                                                      0.000     0.000 r  clk_line (IN)
                         net (fo=138, unset)          0.039     0.039    u_ingress/u_fifo/mem_reg_384_447_0_6/WCLK
    SLICE_X100Y483       RAMD64E                                      r  u_ingress/u_fifo/mem_reg_384_447_0_6/RAMB/CLK
                         clock pessimism              0.000     0.039    
                         clock uncertainty            0.100     0.139    
    SLICE_X100Y483       RAMD64E (Hold_B6LUT_SLICEM_CLK_WADR1)
                                                      0.061     0.200    u_ingress/u_fifo/mem_reg_384_447_0_6/RAMB
  -------------------------------------------------------------------
                         required time                         -0.200    
                         arrival time                           0.259    
  -------------------------------------------------------------------
                         slack                                  0.059    

Slack (MET) :             0.059ns  (arrival time - required time)
  Source:                 u_ingress/u_fifo/wbin_reg[1]/C
                            (rising edge-triggered cell FDCE clocked by clk_line  {rise@0.000ns fall@3.200ns period=6.400ns})
  Destination:            u_ingress/u_fifo/mem_reg_384_447_0_6/RAMC/WADR1
                            (rising edge-triggered cell RAMD64E clocked by clk_line  {rise@0.000ns fall@3.200ns period=6.400ns})
  Path Group:             clk_line
  Path Type:              Hold (Min at Fast Process Corner)
  Requirement:            0.000ns  (clk_line rise@0.000ns - clk_line rise@0.000ns)
  Data Path Delay:        0.246ns  (logic 0.039ns (15.863%)  route 0.207ns (84.137%))
  Logic Levels:           0  
  Clock Path Skew:        0.026ns (DCD - SCD - CPR)
    Destination Clock Delay (DCD):    0.039ns
    Source Clock Delay      (SCD):    0.013ns
    Clock Pessimism Removal (CPR):    -0.000ns
  Clock Uncertainty:      0.100ns  ((TSJ^2 + TIJ^2)^1/2 + DJ) / 2 + PE + UU
    Total System Jitter     (TSJ):    0.000ns
    Total Input Jitter      (TIJ):    0.000ns
    Discrete Jitter          (DJ):    0.000ns
    Phase Error              (PE):    0.000ns
    User Uncertainty         (UU):    0.100ns

    Location             Delay type                Incr(ns)  Path(ns)    Netlist Resource(s)
  -------------------------------------------------------------------    -------------------
                         (clock clk_line rise edge)
                                                      0.000     0.000 r  
                                                      0.000     0.000 r  clk_line (IN)
                         net (fo=138, unset)          0.013     0.013    u_ingress/u_fifo/clk_line
    SLICE_X103Y483       FDCE                                         r  u_ingress/u_fifo/wbin_reg[1]/C
  -------------------------------------------------------------------    -------------------
    SLICE_X103Y483       FDCE (Prop_EFF_SLICEL_C_Q)
                                                      0.039     0.052 r  u_ingress/u_fifo/wbin_reg[1]/Q
                         net (fo=121, routed)         0.207     0.259    u_ingress/u_fifo/mem_reg_384_447_0_6/ADDRH1
    SLICE_X100Y483       RAMD64E                                      r  u_ingress/u_fifo/mem_reg_384_447_0_6/RAMC/WADR1
  -------------------------------------------------------------------    -------------------

                         (clock clk_line rise edge)
                                                      0.000     0.000 r  
                                                      0.000     0.000 r  clk_line (IN)
                         net (fo=138, unset)          0.039     0.039    u_ingress/u_fifo/mem_reg_384_447_0_6/WCLK
    SLICE_X100Y483       RAMD64E                                      r  u_ingress/u_fifo/mem_reg_384_447_0_6/RAMC/CLK
                         clock pessimism              0.000     0.039    
                         clock uncertainty            0.100     0.139    
    SLICE_X100Y483       RAMD64E (Hold_C6LUT_SLICEM_CLK_WADR1)
                                                      0.061     0.200    u_ingress/u_fifo/mem_reg_384_447_0_6/RAMC
  -------------------------------------------------------------------
                         required time                         -0.200    
                         arrival time                           0.259    
  -------------------------------------------------------------------
                         slack                                  0.059    

Slack (MET) :             0.059ns  (arrival time - required time)
  Source:                 u_ingress/u_fifo/wbin_reg[1]/C
                            (rising edge-triggered cell FDCE clocked by clk_line  {rise@0.000ns fall@3.200ns period=6.400ns})
  Destination:            u_ingress/u_fifo/mem_reg_384_447_0_6/RAMD/WADR1
                            (rising edge-triggered cell RAMD64E clocked by clk_line  {rise@0.000ns fall@3.200ns period=6.400ns})
  Path Group:             clk_line
  Path Type:              Hold (Min at Fast Process Corner)
  Requirement:            0.000ns  (clk_line rise@0.000ns - clk_line rise@0.000ns)
  Data Path Delay:        0.246ns  (logic 0.039ns (15.863%)  route 0.207ns (84.137%))
  Logic Levels:           0  
  Clock Path Skew:        0.026ns (DCD - SCD - CPR)
    Destination Clock Delay (DCD):    0.039ns
    Source Clock Delay      (SCD):    0.013ns
    Clock Pessimism Removal (CPR):    -0.000ns
  Clock Uncertainty:      0.100ns  ((TSJ^2 + TIJ^2)^1/2 + DJ) / 2 + PE + UU
    Total System Jitter     (TSJ):    0.000ns
    Total Input Jitter      (TIJ):    0.000ns
    Discrete Jitter          (DJ):    0.000ns
    Phase Error              (PE):    0.000ns
    User Uncertainty         (UU):    0.100ns

    Location             Delay type                Incr(ns)  Path(ns)    Netlist Resource(s)
  -------------------------------------------------------------------    -------------------
                         (clock clk_line rise edge)
                                                      0.000     0.000 r  
                                                      0.000     0.000 r  clk_line (IN)
                         net (fo=138, unset)          0.013     0.013    u_ingress/u_fifo/clk_line
    SLICE_X103Y483       FDCE                                         r  u_ingress/u_fifo/wbin_reg[1]/C
  -------------------------------------------------------------------    -------------------
    SLICE_X103Y483       FDCE (Prop_EFF_SLICEL_C_Q)
                                                      0.039     0.052 r  u_ingress/u_fifo/wbin_reg[1]/Q
                         net (fo=121, routed)         0.207     0.259    u_ingress/u_fifo/mem_reg_384_447_0_6/ADDRH1
    SLICE_X100Y483       RAMD64E                                      r  u_ingress/u_fifo/mem_reg_384_447_0_6/RAMD/WADR1
  -------------------------------------------------------------------    -------------------

                         (clock clk_line rise edge)
                                                      0.000     0.000 r  
                                                      0.000     0.000 r  clk_line (IN)
                         net (fo=138, unset)          0.039     0.039    u_ingress/u_fifo/mem_reg_384_447_0_6/WCLK
    SLICE_X100Y483       RAMD64E                                      r  u_ingress/u_fifo/mem_reg_384_447_0_6/RAMD/CLK
                         clock pessimism              0.000     0.039    
                         clock uncertainty            0.100     0.139    
    SLICE_X100Y483       RAMD64E (Hold_D6LUT_SLICEM_CLK_WADR1)
                                                      0.061     0.200    u_ingress/u_fifo/mem_reg_384_447_0_6/RAMD
  -------------------------------------------------------------------
                         required time                         -0.200    
                         arrival time                           0.259    
  -------------------------------------------------------------------
                         slack                                  0.059    

Slack (MET) :             0.059ns  (arrival time - required time)
  Source:                 u_ingress/u_fifo/wbin_reg[1]/C
                            (rising edge-triggered cell FDCE clocked by clk_line  {rise@0.000ns fall@3.200ns period=6.400ns})
  Destination:            u_ingress/u_fifo/mem_reg_384_447_0_6/RAME/WADR1
                            (rising edge-triggered cell RAMD64E clocked by clk_line  {rise@0.000ns fall@3.200ns period=6.400ns})
  Path Group:             clk_line
  Path Type:              Hold (Min at Fast Process Corner)
  Requirement:            0.000ns  (clk_line rise@0.000ns - clk_line rise@0.000ns)
  Data Path Delay:        0.246ns  (logic 0.039ns (15.863%)  route 0.207ns (84.137%))
  Logic Levels:           0  
  Clock Path Skew:        0.026ns (DCD - SCD - CPR)
    Destination Clock Delay (DCD):    0.039ns
    Source Clock Delay      (SCD):    0.013ns
    Clock Pessimism Removal (CPR):    -0.000ns
  Clock Uncertainty:      0.100ns  ((TSJ^2 + TIJ^2)^1/2 + DJ) / 2 + PE + UU
    Total System Jitter     (TSJ):    0.000ns
    Total Input Jitter      (TIJ):    0.000ns
    Discrete Jitter          (DJ):    0.000ns
    Phase Error              (PE):    0.000ns
    User Uncertainty         (UU):    0.100ns

    Location             Delay type                Incr(ns)  Path(ns)    Netlist Resource(s)
  -------------------------------------------------------------------    -------------------
                         (clock clk_line rise edge)
                                                      0.000     0.000 r  
                                                      0.000     0.000 r  clk_line (IN)
                         net (fo=138, unset)          0.013     0.013    u_ingress/u_fifo/clk_line
    SLICE_X103Y483       FDCE                                         r  u_ingress/u_fifo/wbin_reg[1]/C
  -------------------------------------------------------------------    -------------------
    SLICE_X103Y483       FDCE (Prop_EFF_SLICEL_C_Q)
                                                      0.039     0.052 r  u_ingress/u_fifo/wbin_reg[1]/Q
                         net (fo=121, routed)         0.207     0.259    u_ingress/u_fifo/mem_reg_384_447_0_6/ADDRH1
    SLICE_X100Y483       RAMD64E                                      r  u_ingress/u_fifo/mem_reg_384_447_0_6/RAME/WADR1
  -------------------------------------------------------------------    -------------------

                         (clock clk_line rise edge)
                                                      0.000     0.000 r  
                                                      0.000     0.000 r  clk_line (IN)
                         net (fo=138, unset)          0.039     0.039    u_ingress/u_fifo/mem_reg_384_447_0_6/WCLK
    SLICE_X100Y483       RAMD64E                                      r  u_ingress/u_fifo/mem_reg_384_447_0_6/RAME/CLK
                         clock pessimism              0.000     0.039    
                         clock uncertainty            0.100     0.139    
    SLICE_X100Y483       RAMD64E (Hold_E6LUT_SLICEM_CLK_WADR1)
                                                      0.061     0.200    u_ingress/u_fifo/mem_reg_384_447_0_6/RAME
  -------------------------------------------------------------------
                         required time                         -0.200    
                         arrival time                           0.259    
  -------------------------------------------------------------------
                         slack                                  0.059    

Slack (MET) :             0.059ns  (arrival time - required time)
  Source:                 u_ingress/u_fifo/wbin_reg[1]/C
                            (rising edge-triggered cell FDCE clocked by clk_line  {rise@0.000ns fall@3.200ns period=6.400ns})
  Destination:            u_ingress/u_fifo/mem_reg_384_447_0_6/RAMF/WADR1
                            (rising edge-triggered cell RAMD64E clocked by clk_line  {rise@0.000ns fall@3.200ns period=6.400ns})
  Path Group:             clk_line
  Path Type:              Hold (Min at Fast Process Corner)
  Requirement:            0.000ns  (clk_line rise@0.000ns - clk_line rise@0.000ns)
  Data Path Delay:        0.246ns  (logic 0.039ns (15.863%)  route 0.207ns (84.137%))
  Logic Levels:           0  
  Clock Path Skew:        0.026ns (DCD - SCD - CPR)
    Destination Clock Delay (DCD):    0.039ns
    Source Clock Delay      (SCD):    0.013ns
    Clock Pessimism Removal (CPR):    -0.000ns
  Clock Uncertainty:      0.100ns  ((TSJ^2 + TIJ^2)^1/2 + DJ) / 2 + PE + UU
    Total System Jitter     (TSJ):    0.000ns
    Total Input Jitter      (TIJ):    0.000ns
    Discrete Jitter          (DJ):    0.000ns
    Phase Error              (PE):    0.000ns
    User Uncertainty         (UU):    0.100ns

    Location             Delay type                Incr(ns)  Path(ns)    Netlist Resource(s)
  -------------------------------------------------------------------    -------------------
                         (clock clk_line rise edge)
                                                      0.000     0.000 r  
                                                      0.000     0.000 r  clk_line (IN)
                         net (fo=138, unset)          0.013     0.013    u_ingress/u_fifo/clk_line
    SLICE_X103Y483       FDCE                                         r  u_ingress/u_fifo/wbin_reg[1]/C
  -------------------------------------------------------------------    -------------------
    SLICE_X103Y483       FDCE (Prop_EFF_SLICEL_C_Q)
                                                      0.039     0.052 r  u_ingress/u_fifo/wbin_reg[1]/Q
                         net (fo=121, routed)         0.207     0.259    u_ingress/u_fifo/mem_reg_384_447_0_6/ADDRH1
    SLICE_X100Y483       RAMD64E                                      r  u_ingress/u_fifo/mem_reg_384_447_0_6/RAMF/WADR1
  -------------------------------------------------------------------    -------------------

                         (clock clk_line rise edge)
                                                      0.000     0.000 r  
                                                      0.000     0.000 r  clk_line (IN)
                         net (fo=138, unset)          0.039     0.039    u_ingress/u_fifo/mem_reg_384_447_0_6/WCLK
    SLICE_X100Y483       RAMD64E                                      r  u_ingress/u_fifo/mem_reg_384_447_0_6/RAMF/CLK
                         clock pessimism              0.000     0.039    
                         clock uncertainty            0.100     0.139    
    SLICE_X100Y483       RAMD64E (Hold_F6LUT_SLICEM_CLK_WADR1)
                                                      0.061     0.200    u_ingress/u_fifo/mem_reg_384_447_0_6/RAMF
  -------------------------------------------------------------------
                         required time                         -0.200    
                         arrival time                           0.259    
  -------------------------------------------------------------------
                         slack                                  0.059    

Slack (MET) :             0.059ns  (arrival time - required time)
  Source:                 u_ingress/u_fifo/wbin_reg[1]/C
                            (rising edge-triggered cell FDCE clocked by clk_line  {rise@0.000ns fall@3.200ns period=6.400ns})
  Destination:            u_ingress/u_fifo/mem_reg_384_447_0_6/RAMG/WADR1
                            (rising edge-triggered cell RAMD64E clocked by clk_line  {rise@0.000ns fall@3.200ns period=6.400ns})
  Path Group:             clk_line
  Path Type:              Hold (Min at Fast Process Corner)
  Requirement:            0.000ns  (clk_line rise@0.000ns - clk_line rise@0.000ns)
  Data Path Delay:        0.246ns  (logic 0.039ns (15.863%)  route 0.207ns (84.137%))
  Logic Levels:           0  
  Clock Path Skew:        0.026ns (DCD - SCD - CPR)
    Destination Clock Delay (DCD):    0.039ns
    Source Clock Delay      (SCD):    0.013ns
    Clock Pessimism Removal (CPR):    -0.000ns
  Clock Uncertainty:      0.100ns  ((TSJ^2 + TIJ^2)^1/2 + DJ) / 2 + PE + UU
    Total System Jitter     (TSJ):    0.000ns
    Total Input Jitter      (TIJ):    0.000ns
    Discrete Jitter          (DJ):    0.000ns
    Phase Error              (PE):    0.000ns
    User Uncertainty         (UU):    0.100ns

    Location             Delay type                Incr(ns)  Path(ns)    Netlist Resource(s)
  -------------------------------------------------------------------    -------------------
                         (clock clk_line rise edge)
                                                      0.000     0.000 r  
                                                      0.000     0.000 r  clk_line (IN)
                         net (fo=138, unset)          0.013     0.013    u_ingress/u_fifo/clk_line
    SLICE_X103Y483       FDCE                                         r  u_ingress/u_fifo/wbin_reg[1]/C
  -------------------------------------------------------------------    -------------------
    SLICE_X103Y483       FDCE (Prop_EFF_SLICEL_C_Q)
                                                      0.039     0.052 r  u_ingress/u_fifo/wbin_reg[1]/Q
                         net (fo=121, routed)         0.207     0.259    u_ingress/u_fifo/mem_reg_384_447_0_6/ADDRH1
    SLICE_X100Y483       RAMD64E                                      r  u_ingress/u_fifo/mem_reg_384_447_0_6/RAMG/WADR1
  -------------------------------------------------------------------    -------------------

                         (clock clk_line rise edge)
                                                      0.000     0.000 r  
                                                      0.000     0.000 r  clk_line (IN)
                         net (fo=138, unset)          0.039     0.039    u_ingress/u_fifo/mem_reg_384_447_0_6/WCLK
    SLICE_X100Y483       RAMD64E                                      r  u_ingress/u_fifo/mem_reg_384_447_0_6/RAMG/CLK
                         clock pessimism              0.000     0.039    
                         clock uncertainty            0.100     0.139    
    SLICE_X100Y483       RAMD64E (Hold_G6LUT_SLICEM_CLK_WADR1)
                                                      0.061     0.200    u_ingress/u_fifo/mem_reg_384_447_0_6/RAMG
  -------------------------------------------------------------------
                         required time                         -0.200    
                         arrival time                           0.259    
  -------------------------------------------------------------------
                         slack                                  0.059    

Slack (MET) :             0.059ns  (arrival time - required time)
  Source:                 u_ingress/u_fifo/wbin_reg[1]/C
                            (rising edge-triggered cell FDCE clocked by clk_line  {rise@0.000ns fall@3.200ns period=6.400ns})
  Destination:            u_ingress/u_fifo/mem_reg_384_447_0_6/RAMH/WADR1
                            (rising edge-triggered cell RAMD64E clocked by clk_line  {rise@0.000ns fall@3.200ns period=6.400ns})
  Path Group:             clk_line
  Path Type:              Hold (Min at Fast Process Corner)
  Requirement:            0.000ns  (clk_line rise@0.000ns - clk_line rise@0.000ns)
  Data Path Delay:        0.246ns  (logic 0.039ns (15.863%)  route 0.207ns (84.137%))
  Logic Levels:           0  
  Clock Path Skew:        0.026ns (DCD - SCD - CPR)
    Destination Clock Delay (DCD):    0.039ns
    Source Clock Delay      (SCD):    0.013ns
    Clock Pessimism Removal (CPR):    -0.000ns
  Clock Uncertainty:      0.100ns  ((TSJ^2 + TIJ^2)^1/2 + DJ) / 2 + PE + UU
    Total System Jitter     (TSJ):    0.000ns
    Total Input Jitter      (TIJ):    0.000ns
    Discrete Jitter          (DJ):    0.000ns
    Phase Error              (PE):    0.000ns
    User Uncertainty         (UU):    0.100ns

    Location             Delay type                Incr(ns)  Path(ns)    Netlist Resource(s)
  -------------------------------------------------------------------    -------------------
                         (clock clk_line rise edge)
                                                      0.000     0.000 r  
                                                      0.000     0.000 r  clk_line (IN)
                         net (fo=138, unset)          0.013     0.013    u_ingress/u_fifo/clk_line
    SLICE_X103Y483       FDCE                                         r  u_ingress/u_fifo/wbin_reg[1]/C
  -------------------------------------------------------------------    -------------------
    SLICE_X103Y483       FDCE (Prop_EFF_SLICEL_C_Q)
                                                      0.039     0.052 r  u_ingress/u_fifo/wbin_reg[1]/Q
                         net (fo=121, routed)         0.207     0.259    u_ingress/u_fifo/mem_reg_384_447_0_6/ADDRH1
    SLICE_X100Y483       RAMD64E                                      r  u_ingress/u_fifo/mem_reg_384_447_0_6/RAMH/WADR1
  -------------------------------------------------------------------    -------------------

                         (clock clk_line rise edge)
                                                      0.000     0.000 r  
                                                      0.000     0.000 r  clk_line (IN)
                         net (fo=138, unset)          0.039     0.039    u_ingress/u_fifo/mem_reg_384_447_0_6/WCLK
    SLICE_X100Y483       RAMD64E                                      r  u_ingress/u_fifo/mem_reg_384_447_0_6/RAMH/CLK
                         clock pessimism              0.000     0.039    
                         clock uncertainty            0.100     0.139    
    SLICE_X100Y483       RAMD64E (Hold_H6LUT_SLICEM_CLK_WADR1)
                                                      0.061     0.200    u_ingress/u_fifo/mem_reg_384_447_0_6/RAMH
  -------------------------------------------------------------------
                         required time                         -0.200    
                         arrival time                           0.259    
  -------------------------------------------------------------------
                         slack                                  0.059    

Slack (MET) :             0.061ns  (arrival time - required time)
  Source:                 u_ingress/u_fifo/wbin_reg[4]/C
                            (rising edge-triggered cell FDCE clocked by clk_line  {rise@0.000ns fall@3.200ns period=6.400ns})
  Destination:            u_ingress/u_fifo/mem_reg_256_319_0_6/RAMA/WADR4
                            (rising edge-triggered cell RAMD64E clocked by clk_line  {rise@0.000ns fall@3.200ns period=6.400ns})
  Path Group:             clk_line
  Path Type:              Hold (Min at Fast Process Corner)
  Requirement:            0.000ns  (clk_line rise@0.000ns - clk_line rise@0.000ns)
  Data Path Delay:        0.249ns  (logic 0.039ns (15.661%)  route 0.210ns (84.339%))
  Logic Levels:           0  
  Clock Path Skew:        0.026ns (DCD - SCD - CPR)
    Destination Clock Delay (DCD):    0.039ns
    Source Clock Delay      (SCD):    0.013ns
    Clock Pessimism Removal (CPR):    -0.000ns
  Clock Uncertainty:      0.100ns  ((TSJ^2 + TIJ^2)^1/2 + DJ) / 2 + PE + UU
    Total System Jitter     (TSJ):    0.000ns
    Total Input Jitter      (TIJ):    0.000ns
    Discrete Jitter          (DJ):    0.000ns
    Phase Error              (PE):    0.000ns
    User Uncertainty         (UU):    0.100ns

    Location             Delay type                Incr(ns)  Path(ns)    Netlist Resource(s)
  -------------------------------------------------------------------    -------------------
                         (clock clk_line rise edge)
                                                      0.000     0.000 r  
                                                      0.000     0.000 r  clk_line (IN)
                         net (fo=138, unset)          0.013     0.013    u_ingress/u_fifo/clk_line
    SLICE_X103Y481       FDCE                                         r  u_ingress/u_fifo/wbin_reg[4]/C
  -------------------------------------------------------------------    -------------------
    SLICE_X103Y481       FDCE (Prop_FFF_SLICEL_C_Q)
                                                      0.039     0.052 r  u_ingress/u_fifo/wbin_reg[4]/Q
                         net (fo=125, routed)         0.210     0.262    u_ingress/u_fifo/mem_reg_256_319_0_6/ADDRH4
    SLICE_X102Y485       RAMD64E                                      r  u_ingress/u_fifo/mem_reg_256_319_0_6/RAMA/WADR4
  -------------------------------------------------------------------    -------------------

                         (clock clk_line rise edge)
                                                      0.000     0.000 r  
                                                      0.000     0.000 r  clk_line (IN)
                         net (fo=138, unset)          0.039     0.039    u_ingress/u_fifo/mem_reg_256_319_0_6/WCLK
    SLICE_X102Y485       RAMD64E                                      r  u_ingress/u_fifo/mem_reg_256_319_0_6/RAMA/CLK
                         clock pessimism              0.000     0.039    
                         clock uncertainty            0.100     0.139    
    SLICE_X102Y485       RAMD64E (Hold_A6LUT_SLICEM_CLK_WADR4)
                                                      0.062     0.201    u_ingress/u_fifo/mem_reg_256_319_0_6/RAMA
  -------------------------------------------------------------------
                         required time                         -0.201    
                         arrival time                           0.262    
  -------------------------------------------------------------------
                         slack                                  0.061    





Pulse Width Checks
--------------------------------------------------------------------------------------
Clock Name:         clk_line
Waveform(ns):       { 0.000 3.200 }
Period(ns):         6.400
Sources:            { clk_line }

Check Type        Corner  Lib Pin      Reference Pin  Required(ns)  Actual(ns)  Slack(ns)  Location        Pin
Min Period        n/a     RAMD64E/CLK  n/a            1.064         6.400       5.336      SLICE_X102Y481  u_ingress/u_fifo/mem_reg_0_63_0_6/RAMA/CLK
Min Period        n/a     RAMD64E/CLK  n/a            1.064         6.400       5.336      SLICE_X102Y481  u_ingress/u_fifo/mem_reg_0_63_0_6/RAMB/CLK
Min Period        n/a     RAMD64E/CLK  n/a            1.064         6.400       5.336      SLICE_X102Y481  u_ingress/u_fifo/mem_reg_0_63_0_6/RAMC/CLK
Min Period        n/a     RAMD64E/CLK  n/a            1.064         6.400       5.336      SLICE_X102Y481  u_ingress/u_fifo/mem_reg_0_63_0_6/RAMD/CLK
Min Period        n/a     RAMD64E/CLK  n/a            1.064         6.400       5.336      SLICE_X102Y481  u_ingress/u_fifo/mem_reg_0_63_0_6/RAME/CLK
Min Period        n/a     RAMD64E/CLK  n/a            1.064         6.400       5.336      SLICE_X102Y481  u_ingress/u_fifo/mem_reg_0_63_0_6/RAMF/CLK
Min Period        n/a     RAMD64E/CLK  n/a            1.064         6.400       5.336      SLICE_X102Y481  u_ingress/u_fifo/mem_reg_0_63_0_6/RAMG/CLK
Min Period        n/a     RAMD64E/CLK  n/a            1.064         6.400       5.336      SLICE_X102Y481  u_ingress/u_fifo/mem_reg_0_63_0_6/RAMH/CLK
Min Period        n/a     RAMD64E/CLK  n/a            1.064         6.400       5.336      SLICE_X100Y480  u_ingress/u_fifo/mem_reg_0_63_7_8/RAMA/CLK
Min Period        n/a     RAMD64E/CLK  n/a            1.064         6.400       5.336      SLICE_X100Y480  u_ingress/u_fifo/mem_reg_0_63_7_8/RAMB/CLK
Low Pulse Width   Slow    RAMD64E/CLK  n/a            0.532         3.200       2.668      SLICE_X102Y481  u_ingress/u_fifo/mem_reg_0_63_0_6/RAMA/CLK
Low Pulse Width   Fast    RAMD64E/CLK  n/a            0.532         3.200       2.668      SLICE_X102Y481  u_ingress/u_fifo/mem_reg_0_63_0_6/RAMA/CLK
Low Pulse Width   Slow    RAMD64E/CLK  n/a            0.532         3.200       2.668      SLICE_X102Y481  u_ingress/u_fifo/mem_reg_0_63_0_6/RAMB/CLK
Low Pulse Width   Fast    RAMD64E/CLK  n/a            0.532         3.200       2.668      SLICE_X102Y481  u_ingress/u_fifo/mem_reg_0_63_0_6/RAMB/CLK
Low Pulse Width   Slow    RAMD64E/CLK  n/a            0.532         3.200       2.668      SLICE_X102Y481  u_ingress/u_fifo/mem_reg_0_63_0_6/RAMC/CLK
Low Pulse Width   Fast    RAMD64E/CLK  n/a            0.532         3.200       2.668      SLICE_X102Y481  u_ingress/u_fifo/mem_reg_0_63_0_6/RAMC/CLK
Low Pulse Width   Slow    RAMD64E/CLK  n/a            0.532         3.200       2.668      SLICE_X102Y481  u_ingress/u_fifo/mem_reg_0_63_0_6/RAMD/CLK
Low Pulse Width   Fast    RAMD64E/CLK  n/a            0.532         3.200       2.668      SLICE_X102Y481  u_ingress/u_fifo/mem_reg_0_63_0_6/RAMD/CLK
Low Pulse Width   Slow    RAMD64E/CLK  n/a            0.532         3.200       2.668      SLICE_X102Y481  u_ingress/u_fifo/mem_reg_0_63_0_6/RAME/CLK
Low Pulse Width   Fast    RAMD64E/CLK  n/a            0.532         3.200       2.668      SLICE_X102Y481  u_ingress/u_fifo/mem_reg_0_63_0_6/RAME/CLK
High Pulse Width  Slow    RAMD64E/CLK  n/a            0.532         3.200       2.668      SLICE_X102Y481  u_ingress/u_fifo/mem_reg_0_63_0_6/RAMA/CLK
High Pulse Width  Fast    RAMD64E/CLK  n/a            0.532         3.200       2.668      SLICE_X102Y481  u_ingress/u_fifo/mem_reg_0_63_0_6/RAMA/CLK
High Pulse Width  Slow    RAMD64E/CLK  n/a            0.532         3.200       2.668      SLICE_X102Y481  u_ingress/u_fifo/mem_reg_0_63_0_6/RAMB/CLK
High Pulse Width  Fast    RAMD64E/CLK  n/a            0.532         3.200       2.668      SLICE_X102Y481  u_ingress/u_fifo/mem_reg_0_63_0_6/RAMB/CLK
High Pulse Width  Slow    RAMD64E/CLK  n/a            0.532         3.200       2.668      SLICE_X102Y481  u_ingress/u_fifo/mem_reg_0_63_0_6/RAMC/CLK
High Pulse Width  Fast    RAMD64E/CLK  n/a            0.532         3.200       2.668      SLICE_X102Y481  u_ingress/u_fifo/mem_reg_0_63_0_6/RAMC/CLK
High Pulse Width  Slow    RAMD64E/CLK  n/a            0.532         3.200       2.668      SLICE_X102Y481  u_ingress/u_fifo/mem_reg_0_63_0_6/RAMD/CLK
High Pulse Width  Fast    RAMD64E/CLK  n/a            0.532         3.200       2.668      SLICE_X102Y481  u_ingress/u_fifo/mem_reg_0_63_0_6/RAMD/CLK
High Pulse Width  Slow    RAMD64E/CLK  n/a            0.532         3.200       2.668      SLICE_X102Y481  u_ingress/u_fifo/mem_reg_0_63_0_6/RAME/CLK
High Pulse Width  Fast    RAMD64E/CLK  n/a            0.532         3.200       2.668      SLICE_X102Y481  u_ingress/u_fifo/mem_reg_0_63_0_6/RAME/CLK



---------------------------------------------------------------------------------------------------
From Clock:  clk_host
  To Clock:  clk_core

Setup :            0  Failing Endpoints,  Worst Slack        2.797ns,  Total Violation        0.000ns
Hold  :           NA  Failing Endpoints,  Worst Slack           NA  ,  Total Violation           NA
---------------------------------------------------------------------------------------------------


Max Delay Paths
--------------------------------------------------------------------------------------
Slack (MET) :             2.797ns  (required time - arrival time)
  Source:                 u_cfg/req_tog_reg/C
                            (rising edge-triggered cell FDCE clocked by clk_host  {rise@0.000ns fall@4.000ns period=8.000ns})
  Destination:            u_cfg/u_req/sync_reg[0]/D
                            (rising edge-triggered cell FDCE clocked by clk_core  {rise@0.000ns fall@2.000ns period=4.000ns})
  Path Group:             clk_core
  Path Type:              Setup (Max at Slow Process Corner)
  Requirement:            4.000ns  (MaxDelay Path 4.000ns)
  Data Path Delay:        1.228ns  (logic 0.079ns (6.432%)  route 1.149ns (93.568%))
  Logic Levels:           0  
  Timing Exception:       MaxDelay Path 4.000ns -datapath_only

    Location             Delay type                Incr(ns)  Path(ns)    Netlist Resource(s)
  -------------------------------------------------------------------    -------------------
    SLICE_X111Y555                                    0.000     0.000 r  u_cfg/req_tog_reg/C
    SLICE_X111Y555       FDCE (Prop_DFF_SLICEL_C_Q)
                                                      0.079     0.079 r  u_cfg/req_tog_reg/Q
                         net (fo=4, routed)           1.149     1.228    u_cfg/u_req/D[0]
    SLICE_X111Y555       FDCE                                         r  u_cfg/u_req/sync_reg[0]/D
  -------------------------------------------------------------------    -------------------

                         max delay                    4.000     4.000    
    SLICE_X111Y555       FDCE (Setup_HFF2_SLICEL_C_D)
                                                      0.025     4.025    u_cfg/u_req/sync_reg[0]
  -------------------------------------------------------------------
                         required time                          4.025    
                         arrival time                          -1.228    
  -------------------------------------------------------------------
                         slack                                  2.797    

Slack (MET) :             2.876ns  (required time - arrival time)
  Source:                 u_cfg/data_hold_reg[0]/C
                            (rising edge-triggered cell FDCE clocked by clk_host  {rise@0.000ns fall@4.000ns period=8.000ns})
  Destination:            u_cfg/dst_data_reg[0]/D
                            (rising edge-triggered cell FDCE clocked by clk_core  {rise@0.000ns fall@2.000ns period=4.000ns})
  Path Group:             clk_core
  Path Type:              Setup (Max at Slow Process Corner)
  Requirement:            4.000ns  (MaxDelay Path 4.000ns)
  Data Path Delay:        1.149ns  (logic 0.079ns (6.876%)  route 1.070ns (93.124%))
  Logic Levels:           0  
  Timing Exception:       MaxDelay Path 4.000ns -datapath_only

    Location             Delay type                Incr(ns)  Path(ns)    Netlist Resource(s)
  -------------------------------------------------------------------    -------------------
    SLICE_X110Y555                                    0.000     0.000 r  u_cfg/data_hold_reg[0]/C
    SLICE_X110Y555       FDCE (Prop_HFF_SLICEM_C_Q)
                                                      0.079     0.079 r  u_cfg/data_hold_reg[0]/Q
                         net (fo=1, routed)           1.070     1.149    u_cfg/data_hold[0]
    SLICE_X110Y555       FDCE                                         r  u_cfg/dst_data_reg[0]/D
  -------------------------------------------------------------------    -------------------

                         max delay                    4.000     4.000    
    SLICE_X110Y555       FDCE (Setup_DFF2_SLICEM_C_D)
                                                      0.025     4.025    u_cfg/dst_data_reg[0]
  -------------------------------------------------------------------
                         required time                          4.025    
                         arrival time                          -1.149    
  -------------------------------------------------------------------
                         slack                                  2.876    

Slack (MET) :             2.938ns  (required time - arrival time)
  Source:                 u_axil_w/u_fifo/mem_reg_0_3_0_13/DP/CLK
                            (rising edge-triggered cell RAMD32 clocked by clk_host  {rise@0.000ns fall@4.000ns period=8.000ns})
  Destination:            u_core/u_lat/do_clear_reg/D
                            (rising edge-triggered cell FDCE clocked by clk_core  {rise@0.000ns fall@2.000ns period=4.000ns})
  Path Group:             clk_core
  Path Type:              Setup (Max at Slow Process Corner)
  Requirement:            4.000ns  (MaxDelay Path 4.000ns)
  Data Path Delay:        1.087ns  (logic 0.418ns (38.454%)  route 0.669ns (61.546%))
  Logic Levels:           1  (LUT6=1)
  Timing Exception:       MaxDelay Path 4.000ns -datapath_only

    Location             Delay type                Incr(ns)  Path(ns)    Netlist Resource(s)
  -------------------------------------------------------------------    -------------------
    SLICE_X92Y553                                     0.000     0.000 r  u_axil_w/u_fifo/mem_reg_0_3_0_13/DP/CLK
    SLICE_X92Y553        RAMD32 (Prop_G6LUT_SLICEM_CLK_O)
                                                      0.295     0.295 r  u_axil_w/u_fifo/mem_reg_0_3_0_13/DP/O
                         net (fo=1, routed)           0.096     0.391    u_core/u_lat/w_core[0]
    SLICE_X92Y554        LUT6 (Prop_C6LUT_SLICEM_I2_O)
                                                      0.123     0.514 r  u_core/u_lat/do_clear_i_1/O
                         net (fo=1, routed)           0.573     1.087    u_core/u_lat/do_clear
    SLICE_X97Y557        FDCE                                         r  u_core/u_lat/do_clear_reg/D
  -------------------------------------------------------------------    -------------------

                         max delay                    4.000     4.000    
    SLICE_X97Y557        FDCE (Setup_BFF_SLICEM_C_D)
                                                      0.025     4.025    u_core/u_lat/do_clear_reg
  -------------------------------------------------------------------
                         required time                          4.025    
                         arrival time                          -1.087    
  -------------------------------------------------------------------
                         slack                                  2.938    

Slack (MET) :             3.260ns  (required time - arrival time)
  Source:                 u_axil_ar/u_fifo/mem_reg_0_3_0_8/RAMC/CLK
                            (rising edge-triggered cell RAMD32 clocked by clk_host  {rise@0.000ns fall@4.000ns period=8.000ns})
  Destination:            u_core/u_lat/ar_addr_lat_reg[4]/D
                            (rising edge-triggered cell FDCE clocked by clk_core  {rise@0.000ns fall@2.000ns period=4.000ns})
  Path Group:             clk_core
  Path Type:              Setup (Max at Slow Process Corner)
  Requirement:            4.000ns  (MaxDelay Path 4.000ns)
  Data Path Delay:        0.765ns  (logic 0.288ns (37.653%)  route 0.477ns (62.347%))
  Logic Levels:           0  
  Timing Exception:       MaxDelay Path 4.000ns -datapath_only

    Location             Delay type                Incr(ns)  Path(ns)    Netlist Resource(s)
  -------------------------------------------------------------------    -------------------
    SLICE_X99Y556                                     0.000     0.000 r  u_axil_ar/u_fifo/mem_reg_0_3_0_8/RAMC/CLK
    SLICE_X99Y556        RAMD32 (Prop_C5LUT_SLICEM_CLK_O)
                                                      0.288     0.288 r  u_axil_ar/u_fifo/mem_reg_0_3_0_8/RAMC/O
                         net (fo=3, routed)           0.477     0.765    u_core/u_lat/s_axil_araddr[4]
    SLICE_X100Y562       FDCE                                         r  u_core/u_lat/ar_addr_lat_reg[4]/D
  -------------------------------------------------------------------    -------------------

                         max delay                    4.000     4.000    
    SLICE_X100Y562       FDCE (Setup_EFF_SLICEM_C_D)
                                                      0.025     4.025    u_core/u_lat/ar_addr_lat_reg[4]
  -------------------------------------------------------------------
                         required time                          4.025    
                         arrival time                          -0.765    
  -------------------------------------------------------------------
                         slack                                  3.260    

Slack (MET) :             3.294ns  (required time - arrival time)
  Source:                 u_axil_aw/u_fifo/mem_reg_0_3_0_8/RAMB_D1/CLK
                            (rising edge-triggered cell RAMD32 clocked by clk_host  {rise@0.000ns fall@4.000ns period=8.000ns})
  Destination:            u_core/u_lat/aw_addr_lat_reg[3]/D
                            (rising edge-triggered cell FDCE clocked by clk_core  {rise@0.000ns fall@2.000ns period=4.000ns})
  Path Group:             clk_core
  Path Type:              Setup (Max at Slow Process Corner)
  Requirement:            4.000ns  (MaxDelay Path 4.000ns)
  Data Path Delay:        0.731ns  (logic 0.307ns (41.997%)  route 0.424ns (58.003%))
  Logic Levels:           0  
  Timing Exception:       MaxDelay Path 4.000ns -datapath_only

    Location             Delay type                Incr(ns)  Path(ns)    Netlist Resource(s)
  -------------------------------------------------------------------    -------------------
    SLICE_X92Y555                                     0.000     0.000 r  u_axil_aw/u_fifo/mem_reg_0_3_0_8/RAMB_D1/CLK
    SLICE_X92Y555        RAMD32 (Prop_B6LUT_SLICEM_CLK_O)
                                                      0.307     0.307 r  u_axil_aw/u_fifo/mem_reg_0_3_0_8/RAMB_D1/O
                         net (fo=1, routed)           0.424     0.731    u_core/u_lat/s_axil_awaddr[3]
    SLICE_X92Y554        FDCE                                         r  u_core/u_lat/aw_addr_lat_reg[3]/D
  -------------------------------------------------------------------    -------------------

                         max delay                    4.000     4.000    
    SLICE_X92Y554        FDCE (Setup_BFF_SLICEM_C_D)
                                                      0.025     4.025    u_core/u_lat/aw_addr_lat_reg[3]
  -------------------------------------------------------------------
                         required time                          4.025    
                         arrival time                          -0.731    
  -------------------------------------------------------------------
                         slack                                  3.294    

Slack (MET) :             3.314ns  (required time - arrival time)
  Source:                 u_axil_ar/u_fifo/mem_reg_0_3_0_8/RAMC/CLK
                            (rising edge-triggered cell RAMD32 clocked by clk_host  {rise@0.000ns fall@4.000ns period=8.000ns})
  Destination:            u_core/u_lat/ar_addr_lat_reg[4]_rep__0/D
                            (rising edge-triggered cell FDCE clocked by clk_core  {rise@0.000ns fall@2.000ns period=4.000ns})
  Path Group:             clk_core
  Path Type:              Setup (Max at Slow Process Corner)
  Requirement:            4.000ns  (MaxDelay Path 4.000ns)
  Data Path Delay:        0.711ns  (logic 0.288ns (40.513%)  route 0.423ns (59.487%))
  Logic Levels:           0  
  Timing Exception:       MaxDelay Path 4.000ns -datapath_only

    Location             Delay type                Incr(ns)  Path(ns)    Netlist Resource(s)
  -------------------------------------------------------------------    -------------------
    SLICE_X99Y556                                     0.000     0.000 r  u_axil_ar/u_fifo/mem_reg_0_3_0_8/RAMC/CLK
    SLICE_X99Y556        RAMD32 (Prop_C5LUT_SLICEM_CLK_O)
                                                      0.288     0.288 r  u_axil_ar/u_fifo/mem_reg_0_3_0_8/RAMC/O
                         net (fo=3, routed)           0.423     0.711    u_core/u_lat/s_axil_araddr[4]
    SLICE_X100Y562       FDCE                                         r  u_core/u_lat/ar_addr_lat_reg[4]_rep__0/D
  -------------------------------------------------------------------    -------------------

                         max delay                    4.000     4.000    
    SLICE_X100Y562       FDCE (Setup_FFF_SLICEM_C_D)
                                                      0.025     4.025    u_core/u_lat/ar_addr_lat_reg[4]_rep__0
  -------------------------------------------------------------------
                         required time                          4.025    
                         arrival time                          -0.711    
  -------------------------------------------------------------------
                         slack                                  3.314    

Slack (MET) :             3.319ns  (required time - arrival time)
  Source:                 u_axil_ar/u_fifo/mem_reg_0_3_0_8/RAMB/CLK
                            (rising edge-triggered cell RAMD32 clocked by clk_host  {rise@0.000ns fall@4.000ns period=8.000ns})
  Destination:            u_core/u_lat/ar_addr_lat_reg[2]_rep__1/D
                            (rising edge-triggered cell FDCE clocked by clk_core  {rise@0.000ns fall@2.000ns period=4.000ns})
  Path Group:             clk_core
  Path Type:              Setup (Max at Slow Process Corner)
  Requirement:            4.000ns  (MaxDelay Path 4.000ns)
  Data Path Delay:        0.706ns  (logic 0.292ns (41.332%)  route 0.414ns (58.668%))
  Logic Levels:           0  
  Timing Exception:       MaxDelay Path 4.000ns -datapath_only

    Location             Delay type                Incr(ns)  Path(ns)    Netlist Resource(s)
  -------------------------------------------------------------------    -------------------
    SLICE_X99Y556                                     0.000     0.000 r  u_axil_ar/u_fifo/mem_reg_0_3_0_8/RAMB/CLK
    SLICE_X99Y556        RAMD32 (Prop_B5LUT_SLICEM_CLK_O)
                                                      0.292     0.292 r  u_axil_ar/u_fifo/mem_reg_0_3_0_8/RAMB/O
                         net (fo=5, routed)           0.414     0.706    u_core/u_lat/s_axil_araddr[2]
    SLICE_X99Y562        FDCE                                         r  u_core/u_lat/ar_addr_lat_reg[2]_rep__1/D
  -------------------------------------------------------------------    -------------------

                         max delay                    4.000     4.000    
    SLICE_X99Y562        FDCE (Setup_HFF_SLICEM_C_D)
                                                      0.025     4.025    u_core/u_lat/ar_addr_lat_reg[2]_rep__1
  -------------------------------------------------------------------
                         required time                          4.025    
                         arrival time                          -0.706    
  -------------------------------------------------------------------
                         slack                                  3.319    

Slack (MET) :             3.329ns  (required time - arrival time)
  Source:                 u_axil_r/u_fifo/rgray_reg[1]/C
                            (rising edge-triggered cell FDCE clocked by clk_host  {rise@0.000ns fall@4.000ns period=8.000ns})
  Destination:            u_axil_r/u_fifo/rq_reg[0][1]/D
                            (rising edge-triggered cell FDCE clocked by clk_core  {rise@0.000ns fall@2.000ns period=4.000ns})
  Path Group:             clk_core
  Path Type:              Setup (Max at Slow Process Corner)
  Requirement:            4.000ns  (MaxDelay Path 4.000ns)
  Data Path Delay:        0.696ns  (logic 0.079ns (11.351%)  route 0.617ns (88.649%))
  Logic Levels:           0  
  Timing Exception:       MaxDelay Path 4.000ns -datapath_only

    Location             Delay type                Incr(ns)  Path(ns)    Netlist Resource(s)
  -------------------------------------------------------------------    -------------------
    SLICE_X97Y556                                     0.000     0.000 r  u_axil_r/u_fifo/rgray_reg[1]/C
    SLICE_X97Y556        FDCE (Prop_EFF2_SLICEM_C_Q)
                                                      0.079     0.079 r  u_axil_r/u_fifo/rgray_reg[1]/Q
                         net (fo=1, routed)           0.617     0.696    u_axil_r/u_fifo/rgray_reg_n_0_[1]
    SLICE_X97Y556        FDCE                                         r  u_axil_r/u_fifo/rq_reg[0][1]/D
  -------------------------------------------------------------------    -------------------

                         max delay                    4.000     4.000    
    SLICE_X97Y556        FDCE (Setup_DFF2_SLICEM_C_D)
                                                      0.025     4.025    u_axil_r/u_fifo/rq_reg[0][1]
  -------------------------------------------------------------------
                         required time                          4.025    
                         arrival time                          -0.696    
  -------------------------------------------------------------------
                         slack                                  3.329    

Slack (MET) :             3.339ns  (required time - arrival time)
  Source:                 u_axil_ar/u_fifo/mem_reg_0_3_0_8/RAMB/CLK
                            (rising edge-triggered cell RAMD32 clocked by clk_host  {rise@0.000ns fall@4.000ns period=8.000ns})
  Destination:            u_core/u_lat/ar_addr_lat_reg[2]/D
                            (rising edge-triggered cell FDCE clocked by clk_core  {rise@0.000ns fall@2.000ns period=4.000ns})
  Path Group:             clk_core
  Path Type:              Setup (Max at Slow Process Corner)
  Requirement:            4.000ns  (MaxDelay Path 4.000ns)
  Data Path Delay:        0.686ns  (logic 0.292ns (42.553%)  route 0.394ns (57.447%))
  Logic Levels:           0  
  Timing Exception:       MaxDelay Path 4.000ns -datapath_only

    Location             Delay type                Incr(ns)  Path(ns)    Netlist Resource(s)
  -------------------------------------------------------------------    -------------------
    SLICE_X99Y556                                     0.000     0.000 r  u_axil_ar/u_fifo/mem_reg_0_3_0_8/RAMB/CLK
    SLICE_X99Y556        RAMD32 (Prop_B5LUT_SLICEM_CLK_O)
                                                      0.292     0.292 r  u_axil_ar/u_fifo/mem_reg_0_3_0_8/RAMB/O
                         net (fo=5, routed)           0.394     0.686    u_core/u_lat/s_axil_araddr[2]
    SLICE_X99Y561        FDCE                                         r  u_core/u_lat/ar_addr_lat_reg[2]/D
  -------------------------------------------------------------------    -------------------

                         max delay                    4.000     4.000    
    SLICE_X99Y561        FDCE (Setup_DFF_SLICEM_C_D)
                                                      0.025     4.025    u_core/u_lat/ar_addr_lat_reg[2]
  -------------------------------------------------------------------
                         required time                          4.025    
                         arrival time                          -0.686    
  -------------------------------------------------------------------
                         slack                                  3.339    

Slack (MET) :             3.344ns  (required time - arrival time)
  Source:                 u_axil_ar/u_fifo/mem_reg_0_3_0_8/RAMB/CLK
                            (rising edge-triggered cell RAMD32 clocked by clk_host  {rise@0.000ns fall@4.000ns period=8.000ns})
  Destination:            u_core/u_lat/ar_addr_lat_reg[2]_rep/D
                            (rising edge-triggered cell FDCE clocked by clk_core  {rise@0.000ns fall@2.000ns period=4.000ns})
  Path Group:             clk_core
  Path Type:              Setup (Max at Slow Process Corner)
  Requirement:            4.000ns  (MaxDelay Path 4.000ns)
  Data Path Delay:        0.681ns  (logic 0.292ns (42.866%)  route 0.389ns (57.134%))
  Logic Levels:           0  
  Timing Exception:       MaxDelay Path 4.000ns -datapath_only

    Location             Delay type                Incr(ns)  Path(ns)    Netlist Resource(s)
  -------------------------------------------------------------------    -------------------
    SLICE_X99Y556                                     0.000     0.000 r  u_axil_ar/u_fifo/mem_reg_0_3_0_8/RAMB/CLK
    SLICE_X99Y556        RAMD32 (Prop_B5LUT_SLICEM_CLK_O)
                                                      0.292     0.292 r  u_axil_ar/u_fifo/mem_reg_0_3_0_8/RAMB/O
                         net (fo=5, routed)           0.389     0.681    u_core/u_lat/s_axil_araddr[2]
    SLICE_X99Y561        FDCE                                         r  u_core/u_lat/ar_addr_lat_reg[2]_rep/D
  -------------------------------------------------------------------    -------------------

                         max delay                    4.000     4.000    
    SLICE_X99Y561        FDCE (Setup_CFF_SLICEM_C_D)
                                                      0.025     4.025    u_core/u_lat/ar_addr_lat_reg[2]_rep
  -------------------------------------------------------------------
                         required time                          4.025    
                         arrival time                          -0.681    
  -------------------------------------------------------------------
                         slack                                  3.344    





---------------------------------------------------------------------------------------------------
From Clock:  clk_line
  To Clock:  clk_core

Setup :            0  Failing Endpoints,  Worst Slack        0.996ns,  Total Violation        0.000ns
Hold  :           NA  Failing Endpoints,  Worst Slack           NA  ,  Total Violation           NA
---------------------------------------------------------------------------------------------------


Max Delay Paths
--------------------------------------------------------------------------------------
Slack (MET) :             0.996ns  (required time - arrival time)
  Source:                 u_ingress/u_fifo/mem_reg_64_127_7_8/RAMB/CLK
                            (rising edge-triggered cell RAMD64E clocked by clk_line  {rise@0.000ns fall@3.200ns period=6.400ns})
  Destination:            u_core/u_parser/order_ref_reg[16]/CE
                            (rising edge-triggered cell FDRE clocked by clk_core  {rise@0.000ns fall@2.000ns period=4.000ns})
  Path Group:             clk_core
  Path Type:              Setup (Max at Slow Process Corner)
  Requirement:            4.000ns  (MaxDelay Path 4.000ns)
  Data Path Delay:        2.943ns  (logic 0.514ns (17.465%)  route 2.429ns (82.535%))
  Logic Levels:           3  (LUT4=1 LUT6=1 MUXF7=1)
  Timing Exception:       MaxDelay Path 4.000ns -datapath_only

    Location             Delay type                Incr(ns)  Path(ns)    Netlist Resource(s)
  -------------------------------------------------------------------    -------------------
    SLICE_X102Y480                                    0.000     0.000 r  u_ingress/u_fifo/mem_reg_64_127_7_8/RAMB/CLK
    SLICE_X102Y480       RAMD64E (Prop_F6LUT_SLICEM_CLK_O)
                                                      0.304     0.304 r  u_ingress/u_fifo/mem_reg_64_127_7_8/RAMB/O
                         net (fo=1, routed)           0.299     0.603    u_ingress/u_fifo/mem_reg_64_127_7_8_n_1
    SLICE_X100Y481       LUT6 (Prop_D6LUT_SLICEM_I3_O)
                                                      0.051     0.654 r  u_ingress/u_fifo/msg_type[7]_i_5/O
                         net (fo=1, routed)           0.025     0.679    u_ingress/u_fifo/msg_type[7]_i_5_n_0
    SLICE_X100Y481       MUXF7 (Prop_F7MUX_CD_SLICEM_I0_O)
                                                      0.069     0.748 r  u_ingress/u_fifo/msg_type_reg[7]_i_3/O
                         net (fo=14, routed)          0.509     1.257    u_core/u_parser/core_s_tlast
    SLICE_X104Y508       LUT4 (Prop_G6LUT_SLICEM_I2_O)
                                                      0.090     1.347 r  u_core/u_parser/msg_type[7]_i_1/O
                         net (fo=202, routed)         1.596     2.943    u_core/u_parser/msg_type[7]_i_1_n_0
    SLICE_X116Y542       FDRE                                         r  u_core/u_parser/order_ref_reg[16]/CE
  -------------------------------------------------------------------    -------------------

                         max delay                    4.000     4.000    
    SLICE_X116Y542       FDRE (Setup_HFF2_SLICEM_C_CE)
                                                     -0.061     3.939    u_core/u_parser/order_ref_reg[16]
  -------------------------------------------------------------------
                         required time                          3.939    
                         arrival time                          -2.943    
  -------------------------------------------------------------------
                         slack                                  0.996    

Slack (MET) :             0.996ns  (required time - arrival time)
  Source:                 u_ingress/u_fifo/mem_reg_64_127_7_8/RAMB/CLK
                            (rising edge-triggered cell RAMD64E clocked by clk_line  {rise@0.000ns fall@3.200ns period=6.400ns})
  Destination:            u_core/u_parser/order_ref_reg[8]/CE
                            (rising edge-triggered cell FDRE clocked by clk_core  {rise@0.000ns fall@2.000ns period=4.000ns})
  Path Group:             clk_core
  Path Type:              Setup (Max at Slow Process Corner)
  Requirement:            4.000ns  (MaxDelay Path 4.000ns)
  Data Path Delay:        2.943ns  (logic 0.514ns (17.465%)  route 2.429ns (82.535%))
  Logic Levels:           3  (LUT4=1 LUT6=1 MUXF7=1)
  Timing Exception:       MaxDelay Path 4.000ns -datapath_only

    Location             Delay type                Incr(ns)  Path(ns)    Netlist Resource(s)
  -------------------------------------------------------------------    -------------------
    SLICE_X102Y480                                    0.000     0.000 r  u_ingress/u_fifo/mem_reg_64_127_7_8/RAMB/CLK
    SLICE_X102Y480       RAMD64E (Prop_F6LUT_SLICEM_CLK_O)
                                                      0.304     0.304 r  u_ingress/u_fifo/mem_reg_64_127_7_8/RAMB/O
                         net (fo=1, routed)           0.299     0.603    u_ingress/u_fifo/mem_reg_64_127_7_8_n_1
    SLICE_X100Y481       LUT6 (Prop_D6LUT_SLICEM_I3_O)
                                                      0.051     0.654 r  u_ingress/u_fifo/msg_type[7]_i_5/O
                         net (fo=1, routed)           0.025     0.679    u_ingress/u_fifo/msg_type[7]_i_5_n_0
    SLICE_X100Y481       MUXF7 (Prop_F7MUX_CD_SLICEM_I0_O)
                                                      0.069     0.748 r  u_ingress/u_fifo/msg_type_reg[7]_i_3/O
                         net (fo=14, routed)          0.509     1.257    u_core/u_parser/core_s_tlast
    SLICE_X104Y508       LUT4 (Prop_G6LUT_SLICEM_I2_O)
                                                      0.090     1.347 r  u_core/u_parser/msg_type[7]_i_1/O
                         net (fo=202, routed)         1.596     2.943    u_core/u_parser/msg_type[7]_i_1_n_0
    SLICE_X116Y542       FDRE                                         r  u_core/u_parser/order_ref_reg[8]/CE
  -------------------------------------------------------------------    -------------------

                         max delay                    4.000     4.000    
    SLICE_X116Y542       FDRE (Setup_GFF2_SLICEM_C_CE)
                                                     -0.061     3.939    u_core/u_parser/order_ref_reg[8]
  -------------------------------------------------------------------
                         required time                          3.939    
                         arrival time                          -2.943    
  -------------------------------------------------------------------
                         slack                                  0.996    

Slack (MET) :             1.003ns  (required time - arrival time)
  Source:                 u_ingress/u_fifo/mem_reg_64_127_7_8/RAMB/CLK
                            (rising edge-triggered cell RAMD64E clocked by clk_line  {rise@0.000ns fall@3.200ns period=6.400ns})
  Destination:            u_core/u_parser/order_ref_reg[62]/CE
                            (rising edge-triggered cell FDRE clocked by clk_core  {rise@0.000ns fall@2.000ns period=4.000ns})
  Path Group:             clk_core
  Path Type:              Setup (Max at Slow Process Corner)
  Requirement:            4.000ns  (MaxDelay Path 4.000ns)
  Data Path Delay:        2.937ns  (logic 0.514ns (17.501%)  route 2.423ns (82.499%))
  Logic Levels:           3  (LUT4=1 LUT6=1 MUXF7=1)
  Timing Exception:       MaxDelay Path 4.000ns -datapath_only

    Location             Delay type                Incr(ns)  Path(ns)    Netlist Resource(s)
  -------------------------------------------------------------------    -------------------
    SLICE_X102Y480                                    0.000     0.000 r  u_ingress/u_fifo/mem_reg_64_127_7_8/RAMB/CLK
    SLICE_X102Y480       RAMD64E (Prop_F6LUT_SLICEM_CLK_O)
                                                      0.304     0.304 r  u_ingress/u_fifo/mem_reg_64_127_7_8/RAMB/O
                         net (fo=1, routed)           0.299     0.603    u_ingress/u_fifo/mem_reg_64_127_7_8_n_1
    SLICE_X100Y481       LUT6 (Prop_D6LUT_SLICEM_I3_O)
                                                      0.051     0.654 r  u_ingress/u_fifo/msg_type[7]_i_5/O
                         net (fo=1, routed)           0.025     0.679    u_ingress/u_fifo/msg_type[7]_i_5_n_0
    SLICE_X100Y481       MUXF7 (Prop_F7MUX_CD_SLICEM_I0_O)
                                                      0.069     0.748 r  u_ingress/u_fifo/msg_type_reg[7]_i_3/O
                         net (fo=14, routed)          0.509     1.257    u_core/u_parser/core_s_tlast
    SLICE_X104Y508       LUT4 (Prop_G6LUT_SLICEM_I2_O)
                                                      0.090     1.347 r  u_core/u_parser/msg_type[7]_i_1/O
                         net (fo=202, routed)         1.590     2.937    u_core/u_parser/msg_type[7]_i_1_n_0
    SLICE_X120Y544       FDRE                                         r  u_core/u_parser/order_ref_reg[62]/CE
  -------------------------------------------------------------------    -------------------

                         max delay                    4.000     4.000    
    SLICE_X120Y544       FDRE (Setup_HFF_SLICEL_C_CE)
                                                     -0.060     3.940    u_core/u_parser/order_ref_reg[62]
  -------------------------------------------------------------------
                         required time                          3.940    
                         arrival time                          -2.937    
  -------------------------------------------------------------------
                         slack                                  1.003    

Slack (MET) :             1.036ns  (required time - arrival time)
  Source:                 u_ingress/u_fifo/mem_reg_64_127_7_8/RAMB/CLK
                            (rising edge-triggered cell RAMD64E clocked by clk_line  {rise@0.000ns fall@3.200ns period=6.400ns})
  Destination:            u_core/u_parser/order_ref_reg[41]/CE
                            (rising edge-triggered cell FDRE clocked by clk_core  {rise@0.000ns fall@2.000ns period=4.000ns})
  Path Group:             clk_core
  Path Type:              Setup (Max at Slow Process Corner)
  Requirement:            4.000ns  (MaxDelay Path 4.000ns)
  Data Path Delay:        2.903ns  (logic 0.514ns (17.705%)  route 2.389ns (82.295%))
  Logic Levels:           3  (LUT4=1 LUT6=1 MUXF7=1)
  Timing Exception:       MaxDelay Path 4.000ns -datapath_only

    Location             Delay type                Incr(ns)  Path(ns)    Netlist Resource(s)
  -------------------------------------------------------------------    -------------------
    SLICE_X102Y480                                    0.000     0.000 r  u_ingress/u_fifo/mem_reg_64_127_7_8/RAMB/CLK
    SLICE_X102Y480       RAMD64E (Prop_F6LUT_SLICEM_CLK_O)
                                                      0.304     0.304 r  u_ingress/u_fifo/mem_reg_64_127_7_8/RAMB/O
                         net (fo=1, routed)           0.299     0.603    u_ingress/u_fifo/mem_reg_64_127_7_8_n_1
    SLICE_X100Y481       LUT6 (Prop_D6LUT_SLICEM_I3_O)
                                                      0.051     0.654 r  u_ingress/u_fifo/msg_type[7]_i_5/O
                         net (fo=1, routed)           0.025     0.679    u_ingress/u_fifo/msg_type[7]_i_5_n_0
    SLICE_X100Y481       MUXF7 (Prop_F7MUX_CD_SLICEM_I0_O)
                                                      0.069     0.748 r  u_ingress/u_fifo/msg_type_reg[7]_i_3/O
                         net (fo=14, routed)          0.509     1.257    u_core/u_parser/core_s_tlast
    SLICE_X104Y508       LUT4 (Prop_G6LUT_SLICEM_I2_O)
                                                      0.090     1.347 r  u_core/u_parser/msg_type[7]_i_1/O
                         net (fo=202, routed)         1.556     2.903    u_core/u_parser/msg_type[7]_i_1_n_0
    SLICE_X117Y545       FDRE                                         r  u_core/u_parser/order_ref_reg[41]/CE
  -------------------------------------------------------------------    -------------------

                         max delay                    4.000     4.000    
    SLICE_X117Y545       FDRE (Setup_HFF_SLICEM_C_CE)
                                                     -0.061     3.939    u_core/u_parser/order_ref_reg[41]
  -------------------------------------------------------------------
                         required time                          3.939    
                         arrival time                          -2.903    
  -------------------------------------------------------------------
                         slack                                  1.036    

Slack (MET) :             1.036ns  (required time - arrival time)
  Source:                 u_ingress/u_fifo/mem_reg_64_127_7_8/RAMB/CLK
                            (rising edge-triggered cell RAMD64E clocked by clk_line  {rise@0.000ns fall@3.200ns period=6.400ns})
  Destination:            u_core/u_parser/order_ref_reg[45]/CE
                            (rising edge-triggered cell FDRE clocked by clk_core  {rise@0.000ns fall@2.000ns period=4.000ns})
  Path Group:             clk_core
  Path Type:              Setup (Max at Slow Process Corner)
  Requirement:            4.000ns  (MaxDelay Path 4.000ns)
  Data Path Delay:        2.903ns  (logic 0.514ns (17.705%)  route 2.389ns (82.295%))
  Logic Levels:           3  (LUT4=1 LUT6=1 MUXF7=1)
  Timing Exception:       MaxDelay Path 4.000ns -datapath_only

    Location             Delay type                Incr(ns)  Path(ns)    Netlist Resource(s)
  -------------------------------------------------------------------    -------------------
    SLICE_X102Y480                                    0.000     0.000 r  u_ingress/u_fifo/mem_reg_64_127_7_8/RAMB/CLK
    SLICE_X102Y480       RAMD64E (Prop_F6LUT_SLICEM_CLK_O)
                                                      0.304     0.304 r  u_ingress/u_fifo/mem_reg_64_127_7_8/RAMB/O
                         net (fo=1, routed)           0.299     0.603    u_ingress/u_fifo/mem_reg_64_127_7_8_n_1
    SLICE_X100Y481       LUT6 (Prop_D6LUT_SLICEM_I3_O)
                                                      0.051     0.654 r  u_ingress/u_fifo/msg_type[7]_i_5/O
                         net (fo=1, routed)           0.025     0.679    u_ingress/u_fifo/msg_type[7]_i_5_n_0
    SLICE_X100Y481       MUXF7 (Prop_F7MUX_CD_SLICEM_I0_O)
                                                      0.069     0.748 r  u_ingress/u_fifo/msg_type_reg[7]_i_3/O
                         net (fo=14, routed)          0.509     1.257    u_core/u_parser/core_s_tlast
    SLICE_X104Y508       LUT4 (Prop_G6LUT_SLICEM_I2_O)
                                                      0.090     1.347 r  u_core/u_parser/msg_type[7]_i_1/O
                         net (fo=202, routed)         1.556     2.903    u_core/u_parser/msg_type[7]_i_1_n_0
    SLICE_X117Y545       FDRE                                         r  u_core/u_parser/order_ref_reg[45]/CE
  -------------------------------------------------------------------    -------------------

                         max delay                    4.000     4.000    
    SLICE_X117Y545       FDRE (Setup_GFF_SLICEM_C_CE)
                                                     -0.061     3.939    u_core/u_parser/order_ref_reg[45]
  -------------------------------------------------------------------
                         required time                          3.939    
                         arrival time                          -2.903    
  -------------------------------------------------------------------
                         slack                                  1.036    

Slack (MET) :             1.036ns  (required time - arrival time)
  Source:                 u_ingress/u_fifo/mem_reg_64_127_7_8/RAMB/CLK
                            (rising edge-triggered cell RAMD64E clocked by clk_line  {rise@0.000ns fall@3.200ns period=6.400ns})
  Destination:            u_core/u_parser/order_ref_reg[57]/CE
                            (rising edge-triggered cell FDRE clocked by clk_core  {rise@0.000ns fall@2.000ns period=4.000ns})
  Path Group:             clk_core
  Path Type:              Setup (Max at Slow Process Corner)
  Requirement:            4.000ns  (MaxDelay Path 4.000ns)
  Data Path Delay:        2.903ns  (logic 0.514ns (17.705%)  route 2.389ns (82.295%))
  Logic Levels:           3  (LUT4=1 LUT6=1 MUXF7=1)
  Timing Exception:       MaxDelay Path 4.000ns -datapath_only

    Location             Delay type                Incr(ns)  Path(ns)    Netlist Resource(s)
  -------------------------------------------------------------------    -------------------
    SLICE_X102Y480                                    0.000     0.000 r  u_ingress/u_fifo/mem_reg_64_127_7_8/RAMB/CLK
    SLICE_X102Y480       RAMD64E (Prop_F6LUT_SLICEM_CLK_O)
                                                      0.304     0.304 r  u_ingress/u_fifo/mem_reg_64_127_7_8/RAMB/O
                         net (fo=1, routed)           0.299     0.603    u_ingress/u_fifo/mem_reg_64_127_7_8_n_1
    SLICE_X100Y481       LUT6 (Prop_D6LUT_SLICEM_I3_O)
                                                      0.051     0.654 r  u_ingress/u_fifo/msg_type[7]_i_5/O
                         net (fo=1, routed)           0.025     0.679    u_ingress/u_fifo/msg_type[7]_i_5_n_0
    SLICE_X100Y481       MUXF7 (Prop_F7MUX_CD_SLICEM_I0_O)
                                                      0.069     0.748 r  u_ingress/u_fifo/msg_type_reg[7]_i_3/O
                         net (fo=14, routed)          0.509     1.257    u_core/u_parser/core_s_tlast
    SLICE_X104Y508       LUT4 (Prop_G6LUT_SLICEM_I2_O)
                                                      0.090     1.347 r  u_core/u_parser/msg_type[7]_i_1/O
                         net (fo=202, routed)         1.556     2.903    u_core/u_parser/msg_type[7]_i_1_n_0
    SLICE_X117Y545       FDRE                                         r  u_core/u_parser/order_ref_reg[57]/CE
  -------------------------------------------------------------------    -------------------

                         max delay                    4.000     4.000    
    SLICE_X117Y545       FDRE (Setup_FFF_SLICEM_C_CE)
                                                     -0.061     3.939    u_core/u_parser/order_ref_reg[57]
  -------------------------------------------------------------------
                         required time                          3.939    
                         arrival time                          -2.903    
  -------------------------------------------------------------------
                         slack                                  1.036    

Slack (MET) :             1.036ns  (required time - arrival time)
  Source:                 u_ingress/u_fifo/mem_reg_64_127_7_8/RAMB/CLK
                            (rising edge-triggered cell RAMD64E clocked by clk_line  {rise@0.000ns fall@3.200ns period=6.400ns})
  Destination:            u_core/u_parser/new_order_ref_reg[28]/CE
                            (rising edge-triggered cell FDRE clocked by clk_core  {rise@0.000ns fall@2.000ns period=4.000ns})
  Path Group:             clk_core
  Path Type:              Setup (Max at Slow Process Corner)
  Requirement:            4.000ns  (MaxDelay Path 4.000ns)
  Data Path Delay:        2.904ns  (logic 0.514ns (17.699%)  route 2.390ns (82.301%))
  Logic Levels:           3  (LUT4=1 LUT6=1 MUXF7=1)
  Timing Exception:       MaxDelay Path 4.000ns -datapath_only

    Location             Delay type                Incr(ns)  Path(ns)    Netlist Resource(s)
  -------------------------------------------------------------------    -------------------
    SLICE_X102Y480                                    0.000     0.000 r  u_ingress/u_fifo/mem_reg_64_127_7_8/RAMB/CLK
    SLICE_X102Y480       RAMD64E (Prop_F6LUT_SLICEM_CLK_O)
                                                      0.304     0.304 r  u_ingress/u_fifo/mem_reg_64_127_7_8/RAMB/O
                         net (fo=1, routed)           0.299     0.603    u_ingress/u_fifo/mem_reg_64_127_7_8_n_1
    SLICE_X100Y481       LUT6 (Prop_D6LUT_SLICEM_I3_O)
                                                      0.051     0.654 r  u_ingress/u_fifo/msg_type[7]_i_5/O
                         net (fo=1, routed)           0.025     0.679    u_ingress/u_fifo/msg_type[7]_i_5_n_0
    SLICE_X100Y481       MUXF7 (Prop_F7MUX_CD_SLICEM_I0_O)
                                                      0.069     0.748 r  u_ingress/u_fifo/msg_type_reg[7]_i_3/O
                         net (fo=14, routed)          0.509     1.257    u_core/u_parser/core_s_tlast
    SLICE_X104Y508       LUT4 (Prop_G6LUT_SLICEM_I2_O)
                                                      0.090     1.347 r  u_core/u_parser/msg_type[7]_i_1/O
                         net (fo=202, routed)         1.557     2.904    u_core/u_parser/msg_type[7]_i_1_n_0
    SLICE_X120Y541       FDRE                                         r  u_core/u_parser/new_order_ref_reg[28]/CE
  -------------------------------------------------------------------    -------------------

                         max delay                    4.000     4.000    
    SLICE_X120Y541       FDRE (Setup_CFF_SLICEL_C_CE)
                                                     -0.060     3.940    u_core/u_parser/new_order_ref_reg[28]
  -------------------------------------------------------------------
                         required time                          3.940    
                         arrival time                          -2.904    
  -------------------------------------------------------------------
                         slack                                  1.036    

Slack (MET) :             1.036ns  (required time - arrival time)
  Source:                 u_ingress/u_fifo/mem_reg_64_127_7_8/RAMB/CLK
                            (rising edge-triggered cell RAMD64E clocked by clk_line  {rise@0.000ns fall@3.200ns period=6.400ns})
  Destination:            u_core/u_parser/new_order_ref_reg[36]/CE
                            (rising edge-triggered cell FDRE clocked by clk_core  {rise@0.000ns fall@2.000ns period=4.000ns})
  Path Group:             clk_core
  Path Type:              Setup (Max at Slow Process Corner)
  Requirement:            4.000ns  (MaxDelay Path 4.000ns)
  Data Path Delay:        2.904ns  (logic 0.514ns (17.699%)  route 2.390ns (82.301%))
  Logic Levels:           3  (LUT4=1 LUT6=1 MUXF7=1)
  Timing Exception:       MaxDelay Path 4.000ns -datapath_only

    Location             Delay type                Incr(ns)  Path(ns)    Netlist Resource(s)
  -------------------------------------------------------------------    -------------------
    SLICE_X102Y480                                    0.000     0.000 r  u_ingress/u_fifo/mem_reg_64_127_7_8/RAMB/CLK
    SLICE_X102Y480       RAMD64E (Prop_F6LUT_SLICEM_CLK_O)
                                                      0.304     0.304 r  u_ingress/u_fifo/mem_reg_64_127_7_8/RAMB/O
                         net (fo=1, routed)           0.299     0.603    u_ingress/u_fifo/mem_reg_64_127_7_8_n_1
    SLICE_X100Y481       LUT6 (Prop_D6LUT_SLICEM_I3_O)
                                                      0.051     0.654 r  u_ingress/u_fifo/msg_type[7]_i_5/O
                         net (fo=1, routed)           0.025     0.679    u_ingress/u_fifo/msg_type[7]_i_5_n_0
    SLICE_X100Y481       MUXF7 (Prop_F7MUX_CD_SLICEM_I0_O)
                                                      0.069     0.748 r  u_ingress/u_fifo/msg_type_reg[7]_i_3/O
                         net (fo=14, routed)          0.509     1.257    u_core/u_parser/core_s_tlast
    SLICE_X104Y508       LUT4 (Prop_G6LUT_SLICEM_I2_O)
                                                      0.090     1.347 r  u_core/u_parser/msg_type[7]_i_1/O
                         net (fo=202, routed)         1.557     2.904    u_core/u_parser/msg_type[7]_i_1_n_0
    SLICE_X120Y541       FDRE                                         r  u_core/u_parser/new_order_ref_reg[36]/CE
  -------------------------------------------------------------------    -------------------

                         max delay                    4.000     4.000    
    SLICE_X120Y541       FDRE (Setup_BFF_SLICEL_C_CE)
                                                     -0.060     3.940    u_core/u_parser/new_order_ref_reg[36]
  -------------------------------------------------------------------
                         required time                          3.940    
                         arrival time                          -2.904    
  -------------------------------------------------------------------
                         slack                                  1.036    

Slack (MET) :             1.039ns  (required time - arrival time)
  Source:                 u_ingress/u_fifo/mem_reg_64_127_7_8/RAMB/CLK
                            (rising edge-triggered cell RAMD64E clocked by clk_line  {rise@0.000ns fall@3.200ns period=6.400ns})
  Destination:            u_core/u_parser/order_ref_reg[42]/CE
                            (rising edge-triggered cell FDRE clocked by clk_core  {rise@0.000ns fall@2.000ns period=4.000ns})
  Path Group:             clk_core
  Path Type:              Setup (Max at Slow Process Corner)
  Requirement:            4.000ns  (MaxDelay Path 4.000ns)
  Data Path Delay:        2.900ns  (logic 0.514ns (17.726%)  route 2.386ns (82.274%))
  Logic Levels:           3  (LUT4=1 LUT6=1 MUXF7=1)
  Timing Exception:       MaxDelay Path 4.000ns -datapath_only

    Location             Delay type                Incr(ns)  Path(ns)    Netlist Resource(s)
  -------------------------------------------------------------------    -------------------
    SLICE_X102Y480                                    0.000     0.000 r  u_ingress/u_fifo/mem_reg_64_127_7_8/RAMB/CLK
    SLICE_X102Y480       RAMD64E (Prop_F6LUT_SLICEM_CLK_O)
                                                      0.304     0.304 r  u_ingress/u_fifo/mem_reg_64_127_7_8/RAMB/O
                         net (fo=1, routed)           0.299     0.603    u_ingress/u_fifo/mem_reg_64_127_7_8_n_1
    SLICE_X100Y481       LUT6 (Prop_D6LUT_SLICEM_I3_O)
                                                      0.051     0.654 r  u_ingress/u_fifo/msg_type[7]_i_5/O
                         net (fo=1, routed)           0.025     0.679    u_ingress/u_fifo/msg_type[7]_i_5_n_0
    SLICE_X100Y481       MUXF7 (Prop_F7MUX_CD_SLICEM_I0_O)
                                                      0.069     0.748 r  u_ingress/u_fifo/msg_type_reg[7]_i_3/O
                         net (fo=14, routed)          0.509     1.257    u_core/u_parser/core_s_tlast
    SLICE_X104Y508       LUT4 (Prop_G6LUT_SLICEM_I2_O)
                                                      0.090     1.347 r  u_core/u_parser/msg_type[7]_i_1/O
                         net (fo=202, routed)         1.553     2.900    u_core/u_parser/msg_type[7]_i_1_n_0
    SLICE_X117Y548       FDRE                                         r  u_core/u_parser/order_ref_reg[42]/CE
  -------------------------------------------------------------------    -------------------

                         max delay                    4.000     4.000    
    SLICE_X117Y548       FDRE (Setup_HFF_SLICEM_C_CE)
                                                     -0.061     3.939    u_core/u_parser/order_ref_reg[42]
  -------------------------------------------------------------------
                         required time                          3.939    
                         arrival time                          -2.900    
  -------------------------------------------------------------------
                         slack                                  1.039    

Slack (MET) :             1.039ns  (required time - arrival time)
  Source:                 u_ingress/u_fifo/mem_reg_64_127_7_8/RAMB/CLK
                            (rising edge-triggered cell RAMD64E clocked by clk_line  {rise@0.000ns fall@3.200ns period=6.400ns})
  Destination:            u_core/u_parser/order_ref_reg[53]/CE
                            (rising edge-triggered cell FDRE clocked by clk_core  {rise@0.000ns fall@2.000ns period=4.000ns})
  Path Group:             clk_core
  Path Type:              Setup (Max at Slow Process Corner)
  Requirement:            4.000ns  (MaxDelay Path 4.000ns)
  Data Path Delay:        2.900ns  (logic 0.514ns (17.726%)  route 2.386ns (82.274%))
  Logic Levels:           3  (LUT4=1 LUT6=1 MUXF7=1)
  Timing Exception:       MaxDelay Path 4.000ns -datapath_only

    Location             Delay type                Incr(ns)  Path(ns)    Netlist Resource(s)
  -------------------------------------------------------------------    -------------------
    SLICE_X102Y480                                    0.000     0.000 r  u_ingress/u_fifo/mem_reg_64_127_7_8/RAMB/CLK
    SLICE_X102Y480       RAMD64E (Prop_F6LUT_SLICEM_CLK_O)
                                                      0.304     0.304 r  u_ingress/u_fifo/mem_reg_64_127_7_8/RAMB/O
                         net (fo=1, routed)           0.299     0.603    u_ingress/u_fifo/mem_reg_64_127_7_8_n_1
    SLICE_X100Y481       LUT6 (Prop_D6LUT_SLICEM_I3_O)
                                                      0.051     0.654 r  u_ingress/u_fifo/msg_type[7]_i_5/O
                         net (fo=1, routed)           0.025     0.679    u_ingress/u_fifo/msg_type[7]_i_5_n_0
    SLICE_X100Y481       MUXF7 (Prop_F7MUX_CD_SLICEM_I0_O)
                                                      0.069     0.748 r  u_ingress/u_fifo/msg_type_reg[7]_i_3/O
                         net (fo=14, routed)          0.509     1.257    u_core/u_parser/core_s_tlast
    SLICE_X104Y508       LUT4 (Prop_G6LUT_SLICEM_I2_O)
                                                      0.090     1.347 r  u_core/u_parser/msg_type[7]_i_1/O
                         net (fo=202, routed)         1.553     2.900    u_core/u_parser/msg_type[7]_i_1_n_0
    SLICE_X117Y548       FDRE                                         r  u_core/u_parser/order_ref_reg[53]/CE
  -------------------------------------------------------------------    -------------------

                         max delay                    4.000     4.000    
    SLICE_X117Y548       FDRE (Setup_GFF_SLICEM_C_CE)
                                                     -0.061     3.939    u_core/u_parser/order_ref_reg[53]
  -------------------------------------------------------------------
                         required time                          3.939    
                         arrival time                          -2.900    
  -------------------------------------------------------------------
                         slack                                  1.039    





---------------------------------------------------------------------------------------------------
From Clock:  clk_core
  To Clock:  clk_host

Setup :            0  Failing Endpoints,  Worst Slack        2.915ns,  Total Violation        0.000ns
Hold  :           NA  Failing Endpoints,  Worst Slack           NA  ,  Total Violation           NA
---------------------------------------------------------------------------------------------------


Max Delay Paths
--------------------------------------------------------------------------------------
Slack (MET) :             2.915ns  (required time - arrival time)
  Source:                 u_cfg/ack_tog_reg/C
                            (rising edge-triggered cell FDCE clocked by clk_core  {rise@0.000ns fall@2.000ns period=4.000ns})
  Destination:            u_cfg/u_ack/sync_reg[0]/D
                            (rising edge-triggered cell FDCE clocked by clk_host  {rise@0.000ns fall@4.000ns period=8.000ns})
  Path Group:             clk_host
  Path Type:              Setup (Max at Slow Process Corner)
  Requirement:            4.000ns  (MaxDelay Path 4.000ns)
  Data Path Delay:        1.110ns  (logic 0.079ns (7.117%)  route 1.031ns (92.883%))
  Logic Levels:           0  
  Timing Exception:       MaxDelay Path 4.000ns -datapath_only

    Location             Delay type                Incr(ns)  Path(ns)    Netlist Resource(s)
  -------------------------------------------------------------------    -------------------
    SLICE_X111Y555                                    0.000     0.000 r  u_cfg/ack_tog_reg/C
    SLICE_X111Y555       FDCE (Prop_HFF_SLICEL_C_Q)
                                                      0.079     0.079 r  u_cfg/ack_tog_reg/Q
                         net (fo=1, routed)           1.031     1.110    u_cfg/u_ack/D[0]
    SLICE_X111Y555       FDCE                                         r  u_cfg/u_ack/sync_reg[0]/D
  -------------------------------------------------------------------    -------------------

                         max delay                    4.000     4.000    
    SLICE_X111Y555       FDCE (Setup_DFF2_SLICEL_C_D)
                                                      0.025     4.025    u_cfg/u_ack/sync_reg[0]
  -------------------------------------------------------------------
                         required time                          4.025    
                         arrival time                          -1.110    
  -------------------------------------------------------------------
                         slack                                  2.915    

Slack (MET) :             3.473ns  (required time - arrival time)
  Source:                 risk_evt_overflow_core_reg/C
                            (rising edge-triggered cell FDCE clocked by clk_core  {rise@0.000ns fall@2.000ns period=4.000ns})
  Destination:            u_risk_ovf/sync_reg[0]/D
                            (rising edge-triggered cell FDCE clocked by clk_host  {rise@0.000ns fall@4.000ns period=8.000ns})
  Path Group:             clk_host
  Path Type:              Setup (Max at Slow Process Corner)
  Requirement:            4.000ns  (MaxDelay Path 4.000ns)
  Data Path Delay:        0.552ns  (logic 0.081ns (14.686%)  route 0.471ns (85.314%))
  Logic Levels:           0  
  Timing Exception:       MaxDelay Path 4.000ns -datapath_only

    Location             Delay type                Incr(ns)  Path(ns)    Netlist Resource(s)
  -------------------------------------------------------------------    -------------------
    SLICE_X103Y551                                    0.000     0.000 r  risk_evt_overflow_core_reg/C
    SLICE_X103Y551       FDCE (Prop_DFF2_SLICEL_C_Q)
                                                      0.081     0.081 r  risk_evt_overflow_core_reg/Q
                         net (fo=2, routed)           0.471     0.552    u_risk_ovf/D[0]
    SLICE_X103Y552       FDCE                                         r  u_risk_ovf/sync_reg[0]/D
  -------------------------------------------------------------------    -------------------

                         max delay                    4.000     4.000    
    SLICE_X103Y552       FDCE (Setup_DFF2_SLICEL_C_D)
                                                      0.025     4.025    u_risk_ovf/sync_reg[0]
  -------------------------------------------------------------------
                         required time                          4.025    
                         arrival time                          -0.552    
  -------------------------------------------------------------------
                         slack                                  3.473    

Slack (MET) :             3.483ns  (required time - arrival time)
  Source:                 u_egress/u_fifo/wgray_reg[0]/C
                            (rising edge-triggered cell FDCE clocked by clk_core  {rise@0.000ns fall@2.000ns period=4.000ns})
  Destination:            u_egress/u_fifo/wq_reg[0][0]/D
                            (rising edge-triggered cell FDCE clocked by clk_host  {rise@0.000ns fall@4.000ns period=8.000ns})
  Path Group:             clk_host
  Path Type:              Setup (Max at Slow Process Corner)
  Requirement:            4.000ns  (MaxDelay Path 4.000ns)
  Data Path Delay:        0.542ns  (logic 0.079ns (14.576%)  route 0.463ns (85.424%))
  Logic Levels:           0  
  Timing Exception:       MaxDelay Path 4.000ns -datapath_only

    Location             Delay type                Incr(ns)  Path(ns)    Netlist Resource(s)
  -------------------------------------------------------------------    -------------------
    SLICE_X102Y554                                    0.000     0.000 r  u_egress/u_fifo/wgray_reg[0]/C
    SLICE_X102Y554       FDCE (Prop_HFF_SLICEM_C_Q)
                                                      0.079     0.079 r  u_egress/u_fifo/wgray_reg[0]/Q
                         net (fo=1, routed)           0.463     0.542    u_egress/u_fifo/wgray_reg_n_0_[0]
    SLICE_X102Y554       FDCE                                         r  u_egress/u_fifo/wq_reg[0][0]/D
  -------------------------------------------------------------------    -------------------

                         max delay                    4.000     4.000    
    SLICE_X102Y554       FDCE (Setup_CFF2_SLICEM_C_D)
                                                      0.025     4.025    u_egress/u_fifo/wq_reg[0][0]
  -------------------------------------------------------------------
                         required time                          4.025    
                         arrival time                          -0.542    
  -------------------------------------------------------------------
                         slack                                  3.483    

Slack (MET) :             3.535ns  (required time - arrival time)
  Source:                 u_risk_evt/req_tog_reg/C
                            (rising edge-triggered cell FDCE clocked by clk_core  {rise@0.000ns fall@2.000ns period=4.000ns})
  Destination:            u_risk_evt/u_req/sync_reg[0]/D
                            (rising edge-triggered cell FDCE clocked by clk_host  {rise@0.000ns fall@4.000ns period=8.000ns})
  Path Group:             clk_host
  Path Type:              Setup (Max at Slow Process Corner)
  Requirement:            4.000ns  (MaxDelay Path 4.000ns)
  Data Path Delay:        0.490ns  (logic 0.080ns (16.329%)  route 0.410ns (83.671%))
  Logic Levels:           0  
  Timing Exception:       MaxDelay Path 4.000ns -datapath_only

    Location             Delay type                Incr(ns)  Path(ns)    Netlist Resource(s)
  -------------------------------------------------------------------    -------------------
    SLICE_X103Y550                                    0.000     0.000 r  u_risk_evt/req_tog_reg/C
    SLICE_X103Y550       FDCE (Prop_HFF2_SLICEL_C_Q)
                                                      0.080     0.080 r  u_risk_evt/req_tog_reg/Q
                         net (fo=4, routed)           0.410     0.490    u_risk_evt/u_req/D[0]
    SLICE_X103Y551       FDCE                                         r  u_risk_evt/u_req/sync_reg[0]/D
  -------------------------------------------------------------------    -------------------

                         max delay                    4.000     4.000    
    SLICE_X103Y551       FDCE (Setup_HFF2_SLICEL_C_D)
                                                      0.025     4.025    u_risk_evt/u_req/sync_reg[0]
  -------------------------------------------------------------------
                         required time                          4.025    
                         arrival time                          -0.490    
  -------------------------------------------------------------------
                         slack                                  3.535    

Slack (MET) :             3.548ns  (required time - arrival time)
  Source:                 u_axil_r/u_fifo/wgray_reg[1]/C
                            (rising edge-triggered cell FDCE clocked by clk_core  {rise@0.000ns fall@2.000ns period=4.000ns})
  Destination:            u_axil_r/u_fifo/wq_reg[0][1]/D
                            (rising edge-triggered cell FDCE clocked by clk_host  {rise@0.000ns fall@4.000ns period=8.000ns})
  Path Group:             clk_host
  Path Type:              Setup (Max at Slow Process Corner)
  Requirement:            4.000ns  (MaxDelay Path 4.000ns)
  Data Path Delay:        0.477ns  (logic 0.078ns (16.352%)  route 0.399ns (83.648%))
  Logic Levels:           0  
  Timing Exception:       MaxDelay Path 4.000ns -datapath_only

    Location             Delay type                Incr(ns)  Path(ns)    Netlist Resource(s)
  -------------------------------------------------------------------    -------------------
    SLICE_X97Y556                                     0.000     0.000 r  u_axil_r/u_fifo/wgray_reg[1]/C
    SLICE_X97Y556        FDCE (Prop_CFF_SLICEM_C_Q)
                                                      0.078     0.078 r  u_axil_r/u_fifo/wgray_reg[1]/Q
                         net (fo=1, routed)           0.399     0.477    u_axil_r/u_fifo/wgray_reg_n_0_[1]
    SLICE_X97Y555        FDCE                                         r  u_axil_r/u_fifo/wq_reg[0][1]/D
  -------------------------------------------------------------------    -------------------

                         max delay                    4.000     4.000    
    SLICE_X97Y555        FDCE (Setup_DFF2_SLICEM_C_D)
                                                      0.025     4.025    u_axil_r/u_fifo/wq_reg[0][1]
  -------------------------------------------------------------------
                         required time                          4.025    
                         arrival time                          -0.477    
  -------------------------------------------------------------------
                         slack                                  3.548    

Slack (MET) :             3.552ns  (required time - arrival time)
  Source:                 u_axil_ar/u_fifo/rbin_reg[2]/C
                            (rising edge-triggered cell FDCE clocked by clk_core  {rise@0.000ns fall@2.000ns period=4.000ns})
  Destination:            u_axil_ar/u_fifo/rq_reg[0][2]/D
                            (rising edge-triggered cell FDCE clocked by clk_host  {rise@0.000ns fall@4.000ns period=8.000ns})
  Path Group:             clk_host
  Path Type:              Setup (Max at Slow Process Corner)
  Requirement:            4.000ns  (MaxDelay Path 4.000ns)
  Data Path Delay:        0.473ns  (logic 0.079ns (16.715%)  route 0.394ns (83.285%))
  Logic Levels:           0  
  Timing Exception:       MaxDelay Path 4.000ns -datapath_only

    Location             Delay type                Incr(ns)  Path(ns)    Netlist Resource(s)
  -------------------------------------------------------------------    -------------------
    SLICE_X98Y554                                     0.000     0.000 r  u_axil_ar/u_fifo/rbin_reg[2]/C
    SLICE_X98Y554        FDCE (Prop_CFF_SLICEL_C_Q)
                                                      0.079     0.079 r  u_axil_ar/u_fifo/rbin_reg[2]/Q
                         net (fo=3, routed)           0.394     0.473    u_axil_ar/u_fifo/rbin_reg_n_0_[2]
    SLICE_X98Y553        FDCE                                         r  u_axil_ar/u_fifo/rq_reg[0][2]/D
  -------------------------------------------------------------------    -------------------

                         max delay                    4.000     4.000    
    SLICE_X98Y553        FDCE (Setup_GFF2_SLICEL_C_D)
                                                      0.025     4.025    u_axil_ar/u_fifo/rq_reg[0][2]
  -------------------------------------------------------------------
                         required time                          4.025    
                         arrival time                          -0.473    
  -------------------------------------------------------------------
                         slack                                  3.552    

Slack (MET) :             3.557ns  (required time - arrival time)
  Source:                 u_axil_aw/u_fifo/rbin_reg[2]/C
                            (rising edge-triggered cell FDCE clocked by clk_core  {rise@0.000ns fall@2.000ns period=4.000ns})
  Destination:            u_axil_aw/u_fifo/rq_reg[0][2]/D
                            (rising edge-triggered cell FDCE clocked by clk_host  {rise@0.000ns fall@4.000ns period=8.000ns})
  Path Group:             clk_host
  Path Type:              Setup (Max at Slow Process Corner)
  Requirement:            4.000ns  (MaxDelay Path 4.000ns)
  Data Path Delay:        0.468ns  (logic 0.078ns (16.682%)  route 0.390ns (83.318%))
  Logic Levels:           0  
  Timing Exception:       MaxDelay Path 4.000ns -datapath_only

    Location             Delay type                Incr(ns)  Path(ns)    Netlist Resource(s)
  -------------------------------------------------------------------    -------------------
    SLICE_X92Y556                                     0.000     0.000 r  u_axil_aw/u_fifo/rbin_reg[2]/C
    SLICE_X92Y556        FDCE (Prop_CFF_SLICEM_C_Q)
                                                      0.078     0.078 r  u_axil_aw/u_fifo/rbin_reg[2]/Q
                         net (fo=3, routed)           0.390     0.468    u_axil_aw/u_fifo/rbin_reg_n_0_[2]
    SLICE_X92Y557        FDCE                                         r  u_axil_aw/u_fifo/rq_reg[0][2]/D
  -------------------------------------------------------------------    -------------------

                         max delay                    4.000     4.000    
    SLICE_X92Y557        FDCE (Setup_CFF2_SLICEM_C_D)
                                                      0.025     4.025    u_axil_aw/u_fifo/rq_reg[0][2]
  -------------------------------------------------------------------
                         required time                          4.025    
                         arrival time                          -0.468    
  -------------------------------------------------------------------
                         slack                                  3.557    

Slack (MET) :             3.561ns  (required time - arrival time)
  Source:                 u_risk_evt/data_hold_reg[0]/C
                            (rising edge-triggered cell FDCE clocked by clk_core  {rise@0.000ns fall@2.000ns period=4.000ns})
  Destination:            u_risk_evt/dst_data_reg[0]/D
                            (rising edge-triggered cell FDCE clocked by clk_host  {rise@0.000ns fall@4.000ns period=8.000ns})
  Path Group:             clk_host
  Path Type:              Setup (Max at Slow Process Corner)
  Requirement:            4.000ns  (MaxDelay Path 4.000ns)
  Data Path Delay:        0.464ns  (logic 0.078ns (16.810%)  route 0.386ns (83.190%))
  Logic Levels:           0  
  Timing Exception:       MaxDelay Path 4.000ns -datapath_only

    Location             Delay type                Incr(ns)  Path(ns)    Netlist Resource(s)
  -------------------------------------------------------------------    -------------------
    SLICE_X99Y550                                     0.000     0.000 r  u_risk_evt/data_hold_reg[0]/C
    SLICE_X99Y550        FDCE (Prop_HFF2_SLICEM_C_Q)
                                                      0.078     0.078 r  u_risk_evt/data_hold_reg[0]/Q
                         net (fo=1, routed)           0.386     0.464    u_risk_evt/data_hold_reg_n_0_[0]
    SLICE_X99Y550        FDCE                                         r  u_risk_evt/dst_data_reg[0]/D
  -------------------------------------------------------------------    -------------------

                         max delay                    4.000     4.000    
    SLICE_X99Y550        FDCE (Setup_AFF_SLICEM_C_D)
                                                      0.025     4.025    u_risk_evt/dst_data_reg[0]
  -------------------------------------------------------------------
                         required time                          4.025    
                         arrival time                          -0.464    
  -------------------------------------------------------------------
                         slack                                  3.561    

Slack (MET) :             3.587ns  (required time - arrival time)
  Source:                 u_axil_ar/u_fifo/rgray_reg[0]/C
                            (rising edge-triggered cell FDCE clocked by clk_core  {rise@0.000ns fall@2.000ns period=4.000ns})
  Destination:            u_axil_ar/u_fifo/rq_reg[0][0]/D
                            (rising edge-triggered cell FDCE clocked by clk_host  {rise@0.000ns fall@4.000ns period=8.000ns})
  Path Group:             clk_host
  Path Type:              Setup (Max at Slow Process Corner)
  Requirement:            4.000ns  (MaxDelay Path 4.000ns)
  Data Path Delay:        0.438ns  (logic 0.076ns (17.352%)  route 0.362ns (82.648%))
  Logic Levels:           0  
  Timing Exception:       MaxDelay Path 4.000ns -datapath_only

    Location             Delay type                Incr(ns)  Path(ns)    Netlist Resource(s)
  -------------------------------------------------------------------    -------------------
    SLICE_X97Y553                                     0.000     0.000 r  u_axil_ar/u_fifo/rgray_reg[0]/C
    SLICE_X97Y553        FDCE (Prop_EFF_SLICEM_C_Q)
                                                      0.076     0.076 r  u_axil_ar/u_fifo/rgray_reg[0]/Q
                         net (fo=1, routed)           0.362     0.438    u_axil_ar/u_fifo/rgray_reg_n_0_[0]
    SLICE_X98Y553        FDCE                                         r  u_axil_ar/u_fifo/rq_reg[0][0]/D
  -------------------------------------------------------------------    -------------------

                         max delay                    4.000     4.000    
    SLICE_X98Y553        FDCE (Setup_DFF2_SLICEL_C_D)
                                                      0.025     4.025    u_axil_ar/u_fifo/rq_reg[0][0]
  -------------------------------------------------------------------
                         required time                          4.025    
                         arrival time                          -0.438    
  -------------------------------------------------------------------
                         slack                                  3.587    

Slack (MET) :             3.589ns  (required time - arrival time)
  Source:                 u_axil_b/u_fifo/wbin_reg[2]/C
                            (rising edge-triggered cell FDCE clocked by clk_core  {rise@0.000ns fall@2.000ns period=4.000ns})
  Destination:            u_axil_b/u_fifo/wq_reg[0][2]/D
                            (rising edge-triggered cell FDCE clocked by clk_host  {rise@0.000ns fall@4.000ns period=8.000ns})
  Path Group:             clk_host
  Path Type:              Setup (Max at Slow Process Corner)
  Requirement:            4.000ns  (MaxDelay Path 4.000ns)
  Data Path Delay:        0.436ns  (logic 0.079ns (18.111%)  route 0.357ns (81.889%))
  Logic Levels:           0  
  Timing Exception:       MaxDelay Path 4.000ns -datapath_only

    Location             Delay type                Incr(ns)  Path(ns)    Netlist Resource(s)
  -------------------------------------------------------------------    -------------------
    SLICE_X93Y552                                     0.000     0.000 r  u_axil_b/u_fifo/wbin_reg[2]/C
    SLICE_X93Y552        FDCE (Prop_EFF2_SLICEM_C_Q)
                                                      0.079     0.079 r  u_axil_b/u_fifo/wbin_reg[2]/Q
                         net (fo=3, routed)           0.357     0.436    u_axil_b/u_fifo/wbin_reg_n_0_[2]
    SLICE_X93Y551        FDCE                                         r  u_axil_b/u_fifo/wq_reg[0][2]/D
  -------------------------------------------------------------------    -------------------

                         max delay                    4.000     4.000    
    SLICE_X93Y551        FDCE (Setup_GFF2_SLICEM_C_D)
                                                      0.025     4.025    u_axil_b/u_fifo/wq_reg[0][2]
  -------------------------------------------------------------------
                         required time                          4.025    
                         arrival time                          -0.436    
  -------------------------------------------------------------------
                         slack                                  3.589    





---------------------------------------------------------------------------------------------------
From Clock:  clk_core
  To Clock:  clk_line

Setup :            0  Failing Endpoints,  Worst Slack        3.383ns,  Total Violation        0.000ns
Hold  :           NA  Failing Endpoints,  Worst Slack           NA  ,  Total Violation           NA
---------------------------------------------------------------------------------------------------


Max Delay Paths
--------------------------------------------------------------------------------------
Slack (MET) :             3.383ns  (required time - arrival time)
  Source:                 u_ingress/u_fifo/rgray_reg[3]/C
                            (rising edge-triggered cell FDCE clocked by clk_core  {rise@0.000ns fall@2.000ns period=4.000ns})
  Destination:            u_ingress/u_fifo/rq_reg[0][3]/D
                            (rising edge-triggered cell FDCE clocked by clk_line  {rise@0.000ns fall@3.200ns period=6.400ns})
  Path Group:             clk_line
  Path Type:              Setup (Max at Slow Process Corner)
  Requirement:            4.000ns  (MaxDelay Path 4.000ns)
  Data Path Delay:        0.642ns  (logic 0.076ns (11.838%)  route 0.566ns (88.162%))
  Logic Levels:           0  
  Timing Exception:       MaxDelay Path 4.000ns -datapath_only

    Location             Delay type                Incr(ns)  Path(ns)    Netlist Resource(s)
  -------------------------------------------------------------------    -------------------
    SLICE_X102Y479                                    0.000     0.000 r  u_ingress/u_fifo/rgray_reg[3]/C
    SLICE_X102Y479       FDCE (Prop_EFF_SLICEM_C_Q)
                                                      0.076     0.076 r  u_ingress/u_fifo/rgray_reg[3]/Q
                         net (fo=1, routed)           0.566     0.642    u_ingress/u_fifo/rgray[3]
    SLICE_X103Y481       FDCE                                         r  u_ingress/u_fifo/rq_reg[0][3]/D
  -------------------------------------------------------------------    -------------------

                         max delay                    4.000     4.000    
    SLICE_X103Y481       FDCE (Setup_DFF2_SLICEL_C_D)
                                                      0.025     4.025    u_ingress/u_fifo/rq_reg[0][3]
  -------------------------------------------------------------------
                         required time                          4.025    
                         arrival time                          -0.642    
  -------------------------------------------------------------------
                         slack                                  3.383    

Slack (MET) :             3.468ns  (required time - arrival time)
  Source:                 u_ingress/u_fifo/rbin_reg[9]/C
                            (rising edge-triggered cell FDCE clocked by clk_core  {rise@0.000ns fall@2.000ns period=4.000ns})
  Destination:            u_ingress/u_fifo/rq_reg[0][9]/D
                            (rising edge-triggered cell FDCE clocked by clk_line  {rise@0.000ns fall@3.200ns period=6.400ns})
  Path Group:             clk_line
  Path Type:              Setup (Max at Slow Process Corner)
  Requirement:            4.000ns  (MaxDelay Path 4.000ns)
  Data Path Delay:        0.557ns  (logic 0.079ns (14.189%)  route 0.478ns (85.811%))
  Logic Levels:           0  
  Timing Exception:       MaxDelay Path 4.000ns -datapath_only

    Location             Delay type                Incr(ns)  Path(ns)    Netlist Resource(s)
  -------------------------------------------------------------------    -------------------
    SLICE_X103Y479                                    0.000     0.000 r  u_ingress/u_fifo/rbin_reg[9]/C
    SLICE_X103Y479       FDCE (Prop_FFF_SLICEL_C_Q)
                                                      0.079     0.079 r  u_ingress/u_fifo/rbin_reg[9]/Q
                         net (fo=4, routed)           0.478     0.557    u_ingress/u_fifo/rbin_reg[9]
    SLICE_X103Y482       FDCE                                         r  u_ingress/u_fifo/rq_reg[0][9]/D
  -------------------------------------------------------------------    -------------------

                         max delay                    4.000     4.000    
    SLICE_X103Y482       FDCE (Setup_GFF2_SLICEL_C_D)
                                                      0.025     4.025    u_ingress/u_fifo/rq_reg[0][9]
  -------------------------------------------------------------------
                         required time                          4.025    
                         arrival time                          -0.557    
  -------------------------------------------------------------------
                         slack                                  3.468    

Slack (MET) :             3.487ns  (required time - arrival time)
  Source:                 u_ingress/u_fifo/rgray_reg[0]/C
                            (rising edge-triggered cell FDCE clocked by clk_core  {rise@0.000ns fall@2.000ns period=4.000ns})
  Destination:            u_ingress/u_fifo/rq_reg[0][0]/D
                            (rising edge-triggered cell FDCE clocked by clk_line  {rise@0.000ns fall@3.200ns period=6.400ns})
  Path Group:             clk_line
  Path Type:              Setup (Max at Slow Process Corner)
  Requirement:            4.000ns  (MaxDelay Path 4.000ns)
  Data Path Delay:        0.538ns  (logic 0.076ns (14.126%)  route 0.462ns (85.874%))
  Logic Levels:           0  
  Timing Exception:       MaxDelay Path 4.000ns -datapath_only

    Location             Delay type                Incr(ns)  Path(ns)    Netlist Resource(s)
  -------------------------------------------------------------------    -------------------
    SLICE_X104Y482                                    0.000     0.000 r  u_ingress/u_fifo/rgray_reg[0]/C
    SLICE_X104Y482       FDCE (Prop_EFF_SLICEM_C_Q)
                                                      0.076     0.076 r  u_ingress/u_fifo/rgray_reg[0]/Q
                         net (fo=1, routed)           0.462     0.538    u_ingress/u_fifo/rgray[0]
    SLICE_X104Y482       FDCE                                         r  u_ingress/u_fifo/rq_reg[0][0]/D
  -------------------------------------------------------------------    -------------------

                         max delay                    4.000     4.000    
    SLICE_X104Y482       FDCE (Setup_DFF2_SLICEM_C_D)
                                                      0.025     4.025    u_ingress/u_fifo/rq_reg[0][0]
  -------------------------------------------------------------------
                         required time                          4.025    
                         arrival time                          -0.538    
  -------------------------------------------------------------------
                         slack                                  3.487    

Slack (MET) :             3.557ns  (required time - arrival time)
  Source:                 u_ingress/u_fifo/rgray_reg[8]/C
                            (rising edge-triggered cell FDCE clocked by clk_core  {rise@0.000ns fall@2.000ns period=4.000ns})
  Destination:            u_ingress/u_fifo/rq_reg[0][8]/D
                            (rising edge-triggered cell FDCE clocked by clk_line  {rise@0.000ns fall@3.200ns period=6.400ns})
  Path Group:             clk_line
  Path Type:              Setup (Max at Slow Process Corner)
  Requirement:            4.000ns  (MaxDelay Path 4.000ns)
  Data Path Delay:        0.468ns  (logic 0.079ns (16.880%)  route 0.389ns (83.120%))
  Logic Levels:           0  
  Timing Exception:       MaxDelay Path 4.000ns -datapath_only

    Location             Delay type                Incr(ns)  Path(ns)    Netlist Resource(s)
  -------------------------------------------------------------------    -------------------
    SLICE_X102Y479                                    0.000     0.000 r  u_ingress/u_fifo/rgray_reg[8]/C
    SLICE_X102Y479       FDCE (Prop_EFF2_SLICEM_C_Q)
                                                      0.079     0.079 r  u_ingress/u_fifo/rgray_reg[8]/Q
                         net (fo=1, routed)           0.389     0.468    u_ingress/u_fifo/rgray[8]
    SLICE_X102Y479       FDCE                                         r  u_ingress/u_fifo/rq_reg[0][8]/D
  -------------------------------------------------------------------    -------------------

                         max delay                    4.000     4.000    
    SLICE_X102Y479       FDCE (Setup_BFF2_SLICEM_C_D)
                                                      0.025     4.025    u_ingress/u_fifo/rq_reg[0][8]
  -------------------------------------------------------------------
                         required time                          4.025    
                         arrival time                          -0.468    
  -------------------------------------------------------------------
                         slack                                  3.557    

Slack (MET) :             3.653ns  (required time - arrival time)
  Source:                 u_ingress/u_fifo/rgray_reg[2]/C
                            (rising edge-triggered cell FDCE clocked by clk_core  {rise@0.000ns fall@2.000ns period=4.000ns})
  Destination:            u_ingress/u_fifo/rq_reg[0][2]/D
                            (rising edge-triggered cell FDCE clocked by clk_line  {rise@0.000ns fall@3.200ns period=6.400ns})
  Path Group:             clk_line
  Path Type:              Setup (Max at Slow Process Corner)
  Requirement:            4.000ns  (MaxDelay Path 4.000ns)
  Data Path Delay:        0.372ns  (logic 0.080ns (21.505%)  route 0.292ns (78.495%))
  Logic Levels:           0  
  Timing Exception:       MaxDelay Path 4.000ns -datapath_only

    Location             Delay type                Incr(ns)  Path(ns)    Netlist Resource(s)
  -------------------------------------------------------------------    -------------------
    SLICE_X103Y483                                    0.000     0.000 r  u_ingress/u_fifo/rgray_reg[2]/C
    SLICE_X103Y483       FDCE (Prop_CFF2_SLICEL_C_Q)
                                                      0.080     0.080 r  u_ingress/u_fifo/rgray_reg[2]/Q
                         net (fo=1, routed)           0.292     0.372    u_ingress/u_fifo/rgray[2]
    SLICE_X103Y483       FDCE                                         r  u_ingress/u_fifo/rq_reg[0][2]/D
  -------------------------------------------------------------------    -------------------

                         max delay                    4.000     4.000    
    SLICE_X103Y483       FDCE (Setup_GFF2_SLICEL_C_D)
                                                      0.025     4.025    u_ingress/u_fifo/rq_reg[0][2]
  -------------------------------------------------------------------
                         required time                          4.025    
                         arrival time                          -0.372    
  -------------------------------------------------------------------
                         slack                                  3.653    

Slack (MET) :             3.677ns  (required time - arrival time)
  Source:                 u_ingress/u_fifo/rgray_reg[7]/C
                            (rising edge-triggered cell FDCE clocked by clk_core  {rise@0.000ns fall@2.000ns period=4.000ns})
  Destination:            u_ingress/u_fifo/rq_reg[0][7]/D
                            (rising edge-triggered cell FDCE clocked by clk_line  {rise@0.000ns fall@3.200ns period=6.400ns})
  Path Group:             clk_line
  Path Type:              Setup (Max at Slow Process Corner)
  Requirement:            4.000ns  (MaxDelay Path 4.000ns)
  Data Path Delay:        0.348ns  (logic 0.078ns (22.414%)  route 0.270ns (77.586%))
  Logic Levels:           0  
  Timing Exception:       MaxDelay Path 4.000ns -datapath_only

    Location             Delay type                Incr(ns)  Path(ns)    Netlist Resource(s)
  -------------------------------------------------------------------    -------------------
    SLICE_X102Y479                                    0.000     0.000 r  u_ingress/u_fifo/rgray_reg[7]/C
    SLICE_X102Y479       FDCE (Prop_HFF2_SLICEM_C_Q)
                                                      0.078     0.078 r  u_ingress/u_fifo/rgray_reg[7]/Q
                         net (fo=1, routed)           0.270     0.348    u_ingress/u_fifo/rgray[7]
    SLICE_X102Y479       FDCE                                         r  u_ingress/u_fifo/rq_reg[0][7]/D
  -------------------------------------------------------------------    -------------------

                         max delay                    4.000     4.000    
    SLICE_X102Y479       FDCE (Setup_CFF2_SLICEM_C_D)
                                                      0.025     4.025    u_ingress/u_fifo/rq_reg[0][7]
  -------------------------------------------------------------------
                         required time                          4.025    
                         arrival time                          -0.348    
  -------------------------------------------------------------------
                         slack                                  3.677    

Slack (MET) :             3.681ns  (required time - arrival time)
  Source:                 u_ingress/u_fifo/rgray_reg[5]/C
                            (rising edge-triggered cell FDCE clocked by clk_core  {rise@0.000ns fall@2.000ns period=4.000ns})
  Destination:            u_ingress/u_fifo/rq_reg[0][5]/D
                            (rising edge-triggered cell FDCE clocked by clk_line  {rise@0.000ns fall@3.200ns period=6.400ns})
  Path Group:             clk_line
  Path Type:              Setup (Max at Slow Process Corner)
  Requirement:            4.000ns  (MaxDelay Path 4.000ns)
  Data Path Delay:        0.344ns  (logic 0.080ns (23.256%)  route 0.264ns (76.744%))
  Logic Levels:           0  
  Timing Exception:       MaxDelay Path 4.000ns -datapath_only

    Location             Delay type                Incr(ns)  Path(ns)    Netlist Resource(s)
  -------------------------------------------------------------------    -------------------
    SLICE_X101Y482                                    0.000     0.000 r  u_ingress/u_fifo/rgray_reg[5]/C
    SLICE_X101Y482       FDCE (Prop_HFF2_SLICEL_C_Q)
                                                      0.080     0.080 r  u_ingress/u_fifo/rgray_reg[5]/Q
                         net (fo=1, routed)           0.264     0.344    u_ingress/u_fifo/rgray[5]
    SLICE_X103Y482       FDCE                                         r  u_ingress/u_fifo/rq_reg[0][5]/D
  -------------------------------------------------------------------    -------------------

                         max delay                    4.000     4.000    
    SLICE_X103Y482       FDCE (Setup_HFF2_SLICEL_C_D)
                                                      0.025     4.025    u_ingress/u_fifo/rq_reg[0][5]
  -------------------------------------------------------------------
                         required time                          4.025    
                         arrival time                          -0.344    
  -------------------------------------------------------------------
                         slack                                  3.681    

Slack (MET) :             3.689ns  (required time - arrival time)
  Source:                 u_ingress/u_fifo/rgray_reg[4]/C
                            (rising edge-triggered cell FDCE clocked by clk_core  {rise@0.000ns fall@2.000ns period=4.000ns})
  Destination:            u_ingress/u_fifo/rq_reg[0][4]/D
                            (rising edge-triggered cell FDCE clocked by clk_line  {rise@0.000ns fall@3.200ns period=6.400ns})
  Path Group:             clk_line
  Path Type:              Setup (Max at Slow Process Corner)
  Requirement:            4.000ns  (MaxDelay Path 4.000ns)
  Data Path Delay:        0.336ns  (logic 0.076ns (22.619%)  route 0.260ns (77.381%))
  Logic Levels:           0  
  Timing Exception:       MaxDelay Path 4.000ns -datapath_only

    Location             Delay type                Incr(ns)  Path(ns)    Netlist Resource(s)
  -------------------------------------------------------------------    -------------------
    SLICE_X102Y480                                    0.000     0.000 r  u_ingress/u_fifo/rgray_reg[4]/C
    SLICE_X102Y480       FDCE (Prop_EFF_SLICEM_C_Q)
                                                      0.076     0.076 r  u_ingress/u_fifo/rgray_reg[4]/Q
                         net (fo=1, routed)           0.260     0.336    u_ingress/u_fifo/rgray[4]
    SLICE_X101Y481       FDCE                                         r  u_ingress/u_fifo/rq_reg[0][4]/D
  -------------------------------------------------------------------    -------------------

                         max delay                    4.000     4.000    
    SLICE_X101Y481       FDCE (Setup_DFF2_SLICEL_C_D)
                                                      0.025     4.025    u_ingress/u_fifo/rq_reg[0][4]
  -------------------------------------------------------------------
                         required time                          4.025    
                         arrival time                          -0.336    
  -------------------------------------------------------------------
                         slack                                  3.689    

Slack (MET) :             3.690ns  (required time - arrival time)
  Source:                 u_ingress/u_fifo/rgray_reg[6]/C
                            (rising edge-triggered cell FDCE clocked by clk_core  {rise@0.000ns fall@2.000ns period=4.000ns})
  Destination:            u_ingress/u_fifo/rq_reg[0][6]/D
                            (rising edge-triggered cell FDCE clocked by clk_line  {rise@0.000ns fall@3.200ns period=6.400ns})
  Path Group:             clk_line
  Path Type:              Setup (Max at Slow Process Corner)
  Requirement:            4.000ns  (MaxDelay Path 4.000ns)
  Data Path Delay:        0.335ns  (logic 0.079ns (23.582%)  route 0.256ns (76.418%))
  Logic Levels:           0  
  Timing Exception:       MaxDelay Path 4.000ns -datapath_only

    Location             Delay type                Incr(ns)  Path(ns)    Netlist Resource(s)
  -------------------------------------------------------------------    -------------------
    SLICE_X103Y480                                    0.000     0.000 r  u_ingress/u_fifo/rgray_reg[6]/C
    SLICE_X103Y480       FDCE (Prop_EFF_SLICEL_C_Q)
                                                      0.079     0.079 r  u_ingress/u_fifo/rgray_reg[6]/Q
                         net (fo=1, routed)           0.256     0.335    u_ingress/u_fifo/rgray[6]
    SLICE_X103Y481       FDCE                                         r  u_ingress/u_fifo/rq_reg[0][6]/D
  -------------------------------------------------------------------    -------------------

                         max delay                    4.000     4.000    
    SLICE_X103Y481       FDCE (Setup_HFF2_SLICEL_C_D)
                                                      0.025     4.025    u_ingress/u_fifo/rq_reg[0][6]
  -------------------------------------------------------------------
                         required time                          4.025    
                         arrival time                          -0.335    
  -------------------------------------------------------------------
                         slack                                  3.690    

Slack (MET) :             3.749ns  (required time - arrival time)
  Source:                 u_ingress/u_fifo/rgray_reg[1]/C
                            (rising edge-triggered cell FDCE clocked by clk_core  {rise@0.000ns fall@2.000ns period=4.000ns})
  Destination:            u_ingress/u_fifo/rq_reg[0][1]/D
                            (rising edge-triggered cell FDCE clocked by clk_line  {rise@0.000ns fall@3.200ns period=6.400ns})
  Path Group:             clk_line
  Path Type:              Setup (Max at Slow Process Corner)
  Requirement:            4.000ns  (MaxDelay Path 4.000ns)
  Data Path Delay:        0.276ns  (logic 0.079ns (28.623%)  route 0.197ns (71.377%))
  Logic Levels:           0  
  Timing Exception:       MaxDelay Path 4.000ns -datapath_only

    Location             Delay type                Incr(ns)  Path(ns)    Netlist Resource(s)
  -------------------------------------------------------------------    -------------------
    SLICE_X103Y483                                    0.000     0.000 r  u_ingress/u_fifo/rgray_reg[1]/C
    SLICE_X103Y483       FDCE (Prop_AFF_SLICEL_C_Q)
                                                      0.079     0.079 r  u_ingress/u_fifo/rgray_reg[1]/Q
                         net (fo=1, routed)           0.197     0.276    u_ingress/u_fifo/rgray[1]
    SLICE_X103Y483       FDCE                                         r  u_ingress/u_fifo/rq_reg[0][1]/D
  -------------------------------------------------------------------    -------------------

                         max delay                    4.000     4.000    
    SLICE_X103Y483       FDCE (Setup_HFF2_SLICEL_C_D)
                                                      0.025     4.025    u_ingress/u_fifo/rq_reg[0][1]
  -------------------------------------------------------------------
                         required time                          4.025    
                         arrival time                          -0.276    
  -------------------------------------------------------------------
                         slack                                  3.749    





---------------------------------------------------------------------------------------------------
Path Group:  **async_default**
From Clock:  clk_core
  To Clock:  clk_core

Setup :            0  Failing Endpoints,  Worst Slack        0.417ns,  Total Violation        0.000ns
Hold  :            0  Failing Endpoints,  Worst Slack        0.074ns,  Total Violation        0.000ns
---------------------------------------------------------------------------------------------------


Max Delay Paths
--------------------------------------------------------------------------------------
Slack (MET) :             0.417ns  (required time - arrival time)
  Source:                 u_rst_core/sync_reg[2]/C
                            (rising edge-triggered cell FDCE clocked by clk_core  {rise@0.000ns fall@2.000ns period=4.000ns})
  Destination:            u_core/u_lat/hist_reg[10][13]/CLR
                            (recovery check against rising-edge clock clk_core  {rise@0.000ns fall@2.000ns period=4.000ns})
  Path Group:             **async_default**
  Path Type:              Recovery (Max at Slow Process Corner)
  Requirement:            4.000ns  (clk_core rise@4.000ns - clk_core rise@0.000ns)
  Data Path Delay:        3.375ns  (logic 0.080ns (2.371%)  route 3.295ns (97.629%))
  Logic Levels:           0  
  Clock Path Skew:        -0.007ns (DCD - SCD + CPR)
    Destination Clock Delay (DCD):    0.021ns = ( 4.021 - 4.000 ) 
    Source Clock Delay      (SCD):    0.028ns
    Clock Pessimism Removal (CPR):    0.000ns
  Clock Uncertainty:      0.135ns  ((TSJ^2 + TIJ^2)^1/2 + DJ) / 2 + PE + UU
    Total System Jitter     (TSJ):    0.071ns
    Total Input Jitter      (TIJ):    0.000ns
    Discrete Jitter          (DJ):    0.000ns
    Phase Error              (PE):    0.000ns
    User Uncertainty         (UU):    0.100ns

    Location             Delay type                Incr(ns)  Path(ns)    Netlist Resource(s)
  -------------------------------------------------------------------    -------------------
                         (clock clk_core rise edge)
                                                      0.000     0.000 r  
                                                      0.000     0.000 r  clk_core (IN)
                         net (fo=5569, unset)         0.028     0.028    u_rst_core/clk_core
    SLICE_X109Y524       FDCE                                         r  u_rst_core/sync_reg[2]/C
  -------------------------------------------------------------------    -------------------
    SLICE_X109Y524       FDCE (Prop_BFF2_SLICEL_C_Q)
                                                      0.080     0.108 r  u_rst_core/sync_reg[2]/Q
                         net (fo=4617, routed)        3.295     3.403    u_core/u_lat/ar_addr_lat_reg[4]_rep__0_0
    SLICE_X100Y568       FDCE                                         f  u_core/u_lat/hist_reg[10][13]/CLR  (IS_INVERTED)
  -------------------------------------------------------------------    -------------------

                         (clock clk_core rise edge)
                                                      4.000     4.000 r  
                                                      0.000     4.000 r  clk_core (IN)
                         net (fo=5569, unset)         0.021     4.021    u_core/u_lat/clk_core
    SLICE_X100Y568       FDCE                                         r  u_core/u_lat/hist_reg[10][13]/C
                         clock pessimism              0.000     4.021    
                         clock uncertainty           -0.135     3.886    
    SLICE_X100Y568       FDCE (Recov_DFF_SLICEM_C_CLR)
                                                     -0.066     3.820    u_core/u_lat/hist_reg[10][13]
  -------------------------------------------------------------------
                         required time                          3.820    
                         arrival time                          -3.403    
  -------------------------------------------------------------------
                         slack                                  0.417    

Slack (MET) :             0.417ns  (required time - arrival time)
  Source:                 u_rst_core/sync_reg[2]/C
                            (rising edge-triggered cell FDCE clocked by clk_core  {rise@0.000ns fall@2.000ns period=4.000ns})
  Destination:            u_core/u_lat/hist_reg[5][12]/CLR
                            (recovery check against rising-edge clock clk_core  {rise@0.000ns fall@2.000ns period=4.000ns})
  Path Group:             **async_default**
  Path Type:              Recovery (Max at Slow Process Corner)
  Requirement:            4.000ns  (clk_core rise@4.000ns - clk_core rise@0.000ns)
  Data Path Delay:        3.375ns  (logic 0.080ns (2.371%)  route 3.295ns (97.629%))
  Logic Levels:           0  
  Clock Path Skew:        -0.007ns (DCD - SCD + CPR)
    Destination Clock Delay (DCD):    0.021ns = ( 4.021 - 4.000 ) 
    Source Clock Delay      (SCD):    0.028ns
    Clock Pessimism Removal (CPR):    0.000ns
  Clock Uncertainty:      0.135ns  ((TSJ^2 + TIJ^2)^1/2 + DJ) / 2 + PE + UU
    Total System Jitter     (TSJ):    0.071ns
    Total Input Jitter      (TIJ):    0.000ns
    Discrete Jitter          (DJ):    0.000ns
    Phase Error              (PE):    0.000ns
    User Uncertainty         (UU):    0.100ns

    Location             Delay type                Incr(ns)  Path(ns)    Netlist Resource(s)
  -------------------------------------------------------------------    -------------------
                         (clock clk_core rise edge)
                                                      0.000     0.000 r  
                                                      0.000     0.000 r  clk_core (IN)
                         net (fo=5569, unset)         0.028     0.028    u_rst_core/clk_core
    SLICE_X109Y524       FDCE                                         r  u_rst_core/sync_reg[2]/C
  -------------------------------------------------------------------    -------------------
    SLICE_X109Y524       FDCE (Prop_BFF2_SLICEL_C_Q)
                                                      0.080     0.108 r  u_rst_core/sync_reg[2]/Q
                         net (fo=4617, routed)        3.295     3.403    u_core/u_lat/ar_addr_lat_reg[4]_rep__0_0
    SLICE_X100Y568       FDCE                                         f  u_core/u_lat/hist_reg[5][12]/CLR  (IS_INVERTED)
  -------------------------------------------------------------------    -------------------

                         (clock clk_core rise edge)
                                                      4.000     4.000 r  
                                                      0.000     4.000 r  clk_core (IN)
                         net (fo=5569, unset)         0.021     4.021    u_core/u_lat/clk_core
    SLICE_X100Y568       FDCE                                         r  u_core/u_lat/hist_reg[5][12]/C
                         clock pessimism              0.000     4.021    
                         clock uncertainty           -0.135     3.886    
    SLICE_X100Y568       FDCE (Recov_DFF2_SLICEM_C_CLR)
                                                     -0.066     3.820    u_core/u_lat/hist_reg[5][12]
  -------------------------------------------------------------------
                         required time                          3.820    
                         arrival time                          -3.403    
  -------------------------------------------------------------------
                         slack                                  0.417    

Slack (MET) :             0.417ns  (required time - arrival time)
  Source:                 u_rst_core/sync_reg[2]/C
                            (rising edge-triggered cell FDCE clocked by clk_core  {rise@0.000ns fall@2.000ns period=4.000ns})
  Destination:            u_core/u_lat/hist_reg[5][13]/CLR
                            (recovery check against rising-edge clock clk_core  {rise@0.000ns fall@2.000ns period=4.000ns})
  Path Group:             **async_default**
  Path Type:              Recovery (Max at Slow Process Corner)
  Requirement:            4.000ns  (clk_core rise@4.000ns - clk_core rise@0.000ns)
  Data Path Delay:        3.375ns  (logic 0.080ns (2.371%)  route 3.295ns (97.629%))
  Logic Levels:           0  
  Clock Path Skew:        -0.007ns (DCD - SCD + CPR)
    Destination Clock Delay (DCD):    0.021ns = ( 4.021 - 4.000 ) 
    Source Clock Delay      (SCD):    0.028ns
    Clock Pessimism Removal (CPR):    0.000ns
  Clock Uncertainty:      0.135ns  ((TSJ^2 + TIJ^2)^1/2 + DJ) / 2 + PE + UU
    Total System Jitter     (TSJ):    0.071ns
    Total Input Jitter      (TIJ):    0.000ns
    Discrete Jitter          (DJ):    0.000ns
    Phase Error              (PE):    0.000ns
    User Uncertainty         (UU):    0.100ns

    Location             Delay type                Incr(ns)  Path(ns)    Netlist Resource(s)
  -------------------------------------------------------------------    -------------------
                         (clock clk_core rise edge)
                                                      0.000     0.000 r  
                                                      0.000     0.000 r  clk_core (IN)
                         net (fo=5569, unset)         0.028     0.028    u_rst_core/clk_core
    SLICE_X109Y524       FDCE                                         r  u_rst_core/sync_reg[2]/C
  -------------------------------------------------------------------    -------------------
    SLICE_X109Y524       FDCE (Prop_BFF2_SLICEL_C_Q)
                                                      0.080     0.108 r  u_rst_core/sync_reg[2]/Q
                         net (fo=4617, routed)        3.295     3.403    u_core/u_lat/ar_addr_lat_reg[4]_rep__0_0
    SLICE_X100Y568       FDCE                                         f  u_core/u_lat/hist_reg[5][13]/CLR  (IS_INVERTED)
  -------------------------------------------------------------------    -------------------

                         (clock clk_core rise edge)
                                                      4.000     4.000 r  
                                                      0.000     4.000 r  clk_core (IN)
                         net (fo=5569, unset)         0.021     4.021    u_core/u_lat/clk_core
    SLICE_X100Y568       FDCE                                         r  u_core/u_lat/hist_reg[5][13]/C
                         clock pessimism              0.000     4.021    
                         clock uncertainty           -0.135     3.886    
    SLICE_X100Y568       FDCE (Recov_CFF2_SLICEM_C_CLR)
                                                     -0.066     3.820    u_core/u_lat/hist_reg[5][13]
  -------------------------------------------------------------------
                         required time                          3.820    
                         arrival time                          -3.403    
  -------------------------------------------------------------------
                         slack                                  0.417    

Slack (MET) :             0.420ns  (required time - arrival time)
  Source:                 u_rst_core/sync_reg[2]/C
                            (rising edge-triggered cell FDCE clocked by clk_core  {rise@0.000ns fall@2.000ns period=4.000ns})
  Destination:            u_core/u_lat/hist_reg[15][13]/CLR
                            (recovery check against rising-edge clock clk_core  {rise@0.000ns fall@2.000ns period=4.000ns})
  Path Group:             **async_default**
  Path Type:              Recovery (Max at Slow Process Corner)
  Requirement:            4.000ns  (clk_core rise@4.000ns - clk_core rise@0.000ns)
  Data Path Delay:        3.372ns  (logic 0.080ns (2.373%)  route 3.292ns (97.627%))
  Logic Levels:           0  
  Clock Path Skew:        -0.007ns (DCD - SCD + CPR)
    Destination Clock Delay (DCD):    0.021ns = ( 4.021 - 4.000 ) 
    Source Clock Delay      (SCD):    0.028ns
    Clock Pessimism Removal (CPR):    0.000ns
  Clock Uncertainty:      0.135ns  ((TSJ^2 + TIJ^2)^1/2 + DJ) / 2 + PE + UU
    Total System Jitter     (TSJ):    0.071ns
    Total Input Jitter      (TIJ):    0.000ns
    Discrete Jitter          (DJ):    0.000ns
    Phase Error              (PE):    0.000ns
    User Uncertainty         (UU):    0.100ns

    Location             Delay type                Incr(ns)  Path(ns)    Netlist Resource(s)
  -------------------------------------------------------------------    -------------------
                         (clock clk_core rise edge)
                                                      0.000     0.000 r  
                                                      0.000     0.000 r  clk_core (IN)
                         net (fo=5569, unset)         0.028     0.028    u_rst_core/clk_core
    SLICE_X109Y524       FDCE                                         r  u_rst_core/sync_reg[2]/C
  -------------------------------------------------------------------    -------------------
    SLICE_X109Y524       FDCE (Prop_BFF2_SLICEL_C_Q)
                                                      0.080     0.108 r  u_rst_core/sync_reg[2]/Q
                         net (fo=4617, routed)        3.292     3.400    u_core/u_lat/ar_addr_lat_reg[4]_rep__0_0
    SLICE_X100Y568       FDCE                                         f  u_core/u_lat/hist_reg[15][13]/CLR  (IS_INVERTED)
  -------------------------------------------------------------------    -------------------

                         (clock clk_core rise edge)
                                                      4.000     4.000 r  
                                                      0.000     4.000 r  clk_core (IN)
                         net (fo=5569, unset)         0.021     4.021    u_core/u_lat/clk_core
    SLICE_X100Y568       FDCE                                         r  u_core/u_lat/hist_reg[15][13]/C
                         clock pessimism              0.000     4.021    
                         clock uncertainty           -0.135     3.886    
    SLICE_X100Y568       FDCE (Recov_HFF_SLICEM_C_CLR)
                                                     -0.066     3.820    u_core/u_lat/hist_reg[15][13]
  -------------------------------------------------------------------
                         required time                          3.820    
                         arrival time                          -3.400    
  -------------------------------------------------------------------
                         slack                                  0.420    

Slack (MET) :             0.420ns  (required time - arrival time)
  Source:                 u_rst_core/sync_reg[2]/C
                            (rising edge-triggered cell FDCE clocked by clk_core  {rise@0.000ns fall@2.000ns period=4.000ns})
  Destination:            u_core/u_lat/hist_reg[15][15]/CLR
                            (recovery check against rising-edge clock clk_core  {rise@0.000ns fall@2.000ns period=4.000ns})
  Path Group:             **async_default**
  Path Type:              Recovery (Max at Slow Process Corner)
  Requirement:            4.000ns  (clk_core rise@4.000ns - clk_core rise@0.000ns)
  Data Path Delay:        3.372ns  (logic 0.080ns (2.373%)  route 3.292ns (97.627%))
  Logic Levels:           0  
  Clock Path Skew:        -0.007ns (DCD - SCD + CPR)
    Destination Clock Delay (DCD):    0.021ns = ( 4.021 - 4.000 ) 
    Source Clock Delay      (SCD):    0.028ns
    Clock Pessimism Removal (CPR):    0.000ns
  Clock Uncertainty:      0.135ns  ((TSJ^2 + TIJ^2)^1/2 + DJ) / 2 + PE + UU
    Total System Jitter     (TSJ):    0.071ns
    Total Input Jitter      (TIJ):    0.000ns
    Discrete Jitter          (DJ):    0.000ns
    Phase Error              (PE):    0.000ns
    User Uncertainty         (UU):    0.100ns

    Location             Delay type                Incr(ns)  Path(ns)    Netlist Resource(s)
  -------------------------------------------------------------------    -------------------
                         (clock clk_core rise edge)
                                                      0.000     0.000 r  
                                                      0.000     0.000 r  clk_core (IN)
                         net (fo=5569, unset)         0.028     0.028    u_rst_core/clk_core
    SLICE_X109Y524       FDCE                                         r  u_rst_core/sync_reg[2]/C
  -------------------------------------------------------------------    -------------------
    SLICE_X109Y524       FDCE (Prop_BFF2_SLICEL_C_Q)
                                                      0.080     0.108 r  u_rst_core/sync_reg[2]/Q
                         net (fo=4617, routed)        3.292     3.400    u_core/u_lat/ar_addr_lat_reg[4]_rep__0_0
    SLICE_X100Y568       FDCE                                         f  u_core/u_lat/hist_reg[15][15]/CLR  (IS_INVERTED)
  -------------------------------------------------------------------    -------------------

                         (clock clk_core rise edge)
                                                      4.000     4.000 r  
                                                      0.000     4.000 r  clk_core (IN)
                         net (fo=5569, unset)         0.021     4.021    u_core/u_lat/clk_core
    SLICE_X100Y568       FDCE                                         r  u_core/u_lat/hist_reg[15][15]/C
                         clock pessimism              0.000     4.021    
                         clock uncertainty           -0.135     3.886    
    SLICE_X100Y568       FDCE (Recov_GFF_SLICEM_C_CLR)
                                                     -0.066     3.820    u_core/u_lat/hist_reg[15][15]
  -------------------------------------------------------------------
                         required time                          3.820    
                         arrival time                          -3.400    
  -------------------------------------------------------------------
                         slack                                  0.420    

Slack (MET) :             0.420ns  (required time - arrival time)
  Source:                 u_rst_core/sync_reg[2]/C
                            (rising edge-triggered cell FDCE clocked by clk_core  {rise@0.000ns fall@2.000ns period=4.000ns})
  Destination:            u_core/u_lat/hist_reg[8][12]/CLR
                            (recovery check against rising-edge clock clk_core  {rise@0.000ns fall@2.000ns period=4.000ns})
  Path Group:             **async_default**
  Path Type:              Recovery (Max at Slow Process Corner)
  Requirement:            4.000ns  (clk_core rise@4.000ns - clk_core rise@0.000ns)
  Data Path Delay:        3.372ns  (logic 0.080ns (2.373%)  route 3.292ns (97.627%))
  Logic Levels:           0  
  Clock Path Skew:        -0.007ns (DCD - SCD + CPR)
    Destination Clock Delay (DCD):    0.021ns = ( 4.021 - 4.000 ) 
    Source Clock Delay      (SCD):    0.028ns
    Clock Pessimism Removal (CPR):    0.000ns
  Clock Uncertainty:      0.135ns  ((TSJ^2 + TIJ^2)^1/2 + DJ) / 2 + PE + UU
    Total System Jitter     (TSJ):    0.071ns
    Total Input Jitter      (TIJ):    0.000ns
    Discrete Jitter          (DJ):    0.000ns
    Phase Error              (PE):    0.000ns
    User Uncertainty         (UU):    0.100ns

    Location             Delay type                Incr(ns)  Path(ns)    Netlist Resource(s)
  -------------------------------------------------------------------    -------------------
                         (clock clk_core rise edge)
                                                      0.000     0.000 r  
                                                      0.000     0.000 r  clk_core (IN)
                         net (fo=5569, unset)         0.028     0.028    u_rst_core/clk_core
    SLICE_X109Y524       FDCE                                         r  u_rst_core/sync_reg[2]/C
  -------------------------------------------------------------------    -------------------
    SLICE_X109Y524       FDCE (Prop_BFF2_SLICEL_C_Q)
                                                      0.080     0.108 r  u_rst_core/sync_reg[2]/Q
                         net (fo=4617, routed)        3.292     3.400    u_core/u_lat/ar_addr_lat_reg[4]_rep__0_0
    SLICE_X100Y568       FDCE                                         f  u_core/u_lat/hist_reg[8][12]/CLR  (IS_INVERTED)
  -------------------------------------------------------------------    -------------------

                         (clock clk_core rise edge)
                                                      4.000     4.000 r  
                                                      0.000     4.000 r  clk_core (IN)
                         net (fo=5569, unset)         0.021     4.021    u_core/u_lat/clk_core
    SLICE_X100Y568       FDCE                                         r  u_core/u_lat/hist_reg[8][12]/C
                         clock pessimism              0.000     4.021    
                         clock uncertainty           -0.135     3.886    
    SLICE_X100Y568       FDCE (Recov_HFF2_SLICEM_C_CLR)
                                                     -0.066     3.820    u_core/u_lat/hist_reg[8][12]
  -------------------------------------------------------------------
                         required time                          3.820    
                         arrival time                          -3.400    
  -------------------------------------------------------------------
                         slack                                  0.420    

Slack (MET) :             0.420ns  (required time - arrival time)
  Source:                 u_rst_core/sync_reg[2]/C
                            (rising edge-triggered cell FDCE clocked by clk_core  {rise@0.000ns fall@2.000ns period=4.000ns})
  Destination:            u_core/u_lat/hist_reg[8][13]/CLR
                            (recovery check against rising-edge clock clk_core  {rise@0.000ns fall@2.000ns period=4.000ns})
  Path Group:             **async_default**
  Path Type:              Recovery (Max at Slow Process Corner)
  Requirement:            4.000ns  (clk_core rise@4.000ns - clk_core rise@0.000ns)
  Data Path Delay:        3.372ns  (logic 0.080ns (2.373%)  route 3.292ns (97.627%))
  Logic Levels:           0  
  Clock Path Skew:        -0.007ns (DCD - SCD + CPR)
    Destination Clock Delay (DCD):    0.021ns = ( 4.021 - 4.000 ) 
    Source Clock Delay      (SCD):    0.028ns
    Clock Pessimism Removal (CPR):    0.000ns
  Clock Uncertainty:      0.135ns  ((TSJ^2 + TIJ^2)^1/2 + DJ) / 2 + PE + UU
    Total System Jitter     (TSJ):    0.071ns
    Total Input Jitter      (TIJ):    0.000ns
    Discrete Jitter          (DJ):    0.000ns
    Phase Error              (PE):    0.000ns
    User Uncertainty         (UU):    0.100ns

    Location             Delay type                Incr(ns)  Path(ns)    Netlist Resource(s)
  -------------------------------------------------------------------    -------------------
                         (clock clk_core rise edge)
                                                      0.000     0.000 r  
                                                      0.000     0.000 r  clk_core (IN)
                         net (fo=5569, unset)         0.028     0.028    u_rst_core/clk_core
    SLICE_X109Y524       FDCE                                         r  u_rst_core/sync_reg[2]/C
  -------------------------------------------------------------------    -------------------
    SLICE_X109Y524       FDCE (Prop_BFF2_SLICEL_C_Q)
                                                      0.080     0.108 r  u_rst_core/sync_reg[2]/Q
                         net (fo=4617, routed)        3.292     3.400    u_core/u_lat/ar_addr_lat_reg[4]_rep__0_0
    SLICE_X100Y568       FDCE                                         f  u_core/u_lat/hist_reg[8][13]/CLR  (IS_INVERTED)
  -------------------------------------------------------------------    -------------------

                         (clock clk_core rise edge)
                                                      4.000     4.000 r  
                                                      0.000     4.000 r  clk_core (IN)
                         net (fo=5569, unset)         0.021     4.021    u_core/u_lat/clk_core
    SLICE_X100Y568       FDCE                                         r  u_core/u_lat/hist_reg[8][13]/C
                         clock pessimism              0.000     4.021    
                         clock uncertainty           -0.135     3.886    
    SLICE_X100Y568       FDCE (Recov_GFF2_SLICEM_C_CLR)
                                                     -0.066     3.820    u_core/u_lat/hist_reg[8][13]
  -------------------------------------------------------------------
                         required time                          3.820    
                         arrival time                          -3.400    
  -------------------------------------------------------------------
                         slack                                  0.420    

Slack (MET) :             0.431ns  (required time - arrival time)
  Source:                 u_rst_core/sync_reg[2]/C
                            (rising edge-triggered cell FDCE clocked by clk_core  {rise@0.000ns fall@2.000ns period=4.000ns})
  Destination:            u_core/u_lat/hist_reg[11][12]/CLR
                            (recovery check against rising-edge clock clk_core  {rise@0.000ns fall@2.000ns period=4.000ns})
  Path Group:             **async_default**
  Path Type:              Recovery (Max at Slow Process Corner)
  Requirement:            4.000ns  (clk_core rise@4.000ns - clk_core rise@0.000ns)
  Data Path Delay:        3.360ns  (logic 0.080ns (2.381%)  route 3.280ns (97.619%))
  Logic Levels:           0  
  Clock Path Skew:        -0.008ns (DCD - SCD + CPR)
    Destination Clock Delay (DCD):    0.020ns = ( 4.020 - 4.000 ) 
    Source Clock Delay      (SCD):    0.028ns
    Clock Pessimism Removal (CPR):    0.000ns
  Clock Uncertainty:      0.135ns  ((TSJ^2 + TIJ^2)^1/2 + DJ) / 2 + PE + UU
    Total System Jitter     (TSJ):    0.071ns
    Total Input Jitter      (TIJ):    0.000ns
    Discrete Jitter          (DJ):    0.000ns
    Phase Error              (PE):    0.000ns
    User Uncertainty         (UU):    0.100ns

    Location             Delay type                Incr(ns)  Path(ns)    Netlist Resource(s)
  -------------------------------------------------------------------    -------------------
                         (clock clk_core rise edge)
                                                      0.000     0.000 r  
                                                      0.000     0.000 r  clk_core (IN)
                         net (fo=5569, unset)         0.028     0.028    u_rst_core/clk_core
    SLICE_X109Y524       FDCE                                         r  u_rst_core/sync_reg[2]/C
  -------------------------------------------------------------------    -------------------
    SLICE_X109Y524       FDCE (Prop_BFF2_SLICEL_C_Q)
                                                      0.080     0.108 r  u_rst_core/sync_reg[2]/Q
                         net (fo=4617, routed)        3.280     3.388    u_core/u_lat/ar_addr_lat_reg[4]_rep__0_0
    SLICE_X101Y568       FDCE                                         f  u_core/u_lat/hist_reg[11][12]/CLR  (IS_INVERTED)
  -------------------------------------------------------------------    -------------------

                         (clock clk_core rise edge)
                                                      4.000     4.000 r  
                                                      0.000     4.000 r  clk_core (IN)
                         net (fo=5569, unset)         0.020     4.020    u_core/u_lat/clk_core
    SLICE_X101Y568       FDCE                                         r  u_core/u_lat/hist_reg[11][12]/C
                         clock pessimism              0.000     4.020    
                         clock uncertainty           -0.135     3.885    
    SLICE_X101Y568       FDCE (Recov_DFF2_SLICEL_C_CLR)
                                                     -0.066     3.819    u_core/u_lat/hist_reg[11][12]
  -------------------------------------------------------------------
                         required time                          3.819    
                         arrival time                          -3.388    
  -------------------------------------------------------------------
                         slack                                  0.431    

Slack (MET) :             0.431ns  (required time - arrival time)
  Source:                 u_rst_core/sync_reg[2]/C
                            (rising edge-triggered cell FDCE clocked by clk_core  {rise@0.000ns fall@2.000ns period=4.000ns})
  Destination:            u_core/u_lat/hist_reg[2][12]/CLR
                            (recovery check against rising-edge clock clk_core  {rise@0.000ns fall@2.000ns period=4.000ns})
  Path Group:             **async_default**
  Path Type:              Recovery (Max at Slow Process Corner)
  Requirement:            4.000ns  (clk_core rise@4.000ns - clk_core rise@0.000ns)
  Data Path Delay:        3.360ns  (logic 0.080ns (2.381%)  route 3.280ns (97.619%))
  Logic Levels:           0  
  Clock Path Skew:        -0.008ns (DCD - SCD + CPR)
    Destination Clock Delay (DCD):    0.020ns = ( 4.020 - 4.000 ) 
    Source Clock Delay      (SCD):    0.028ns
    Clock Pessimism Removal (CPR):    0.000ns
  Clock Uncertainty:      0.135ns  ((TSJ^2 + TIJ^2)^1/2 + DJ) / 2 + PE + UU
    Total System Jitter     (TSJ):    0.071ns
    Total Input Jitter      (TIJ):    0.000ns
    Discrete Jitter          (DJ):    0.000ns
    Phase Error              (PE):    0.000ns
    User Uncertainty         (UU):    0.100ns

    Location             Delay type                Incr(ns)  Path(ns)    Netlist Resource(s)
  -------------------------------------------------------------------    -------------------
                         (clock clk_core rise edge)
                                                      0.000     0.000 r  
                                                      0.000     0.000 r  clk_core (IN)
                         net (fo=5569, unset)         0.028     0.028    u_rst_core/clk_core
    SLICE_X109Y524       FDCE                                         r  u_rst_core/sync_reg[2]/C
  -------------------------------------------------------------------    -------------------
    SLICE_X109Y524       FDCE (Prop_BFF2_SLICEL_C_Q)
                                                      0.080     0.108 r  u_rst_core/sync_reg[2]/Q
                         net (fo=4617, routed)        3.280     3.388    u_core/u_lat/ar_addr_lat_reg[4]_rep__0_0
    SLICE_X101Y568       FDCE                                         f  u_core/u_lat/hist_reg[2][12]/CLR  (IS_INVERTED)
  -------------------------------------------------------------------    -------------------

                         (clock clk_core rise edge)
                                                      4.000     4.000 r  
                                                      0.000     4.000 r  clk_core (IN)
                         net (fo=5569, unset)         0.020     4.020    u_core/u_lat/clk_core
    SLICE_X101Y568       FDCE                                         r  u_core/u_lat/hist_reg[2][12]/C
                         clock pessimism              0.000     4.020    
                         clock uncertainty           -0.135     3.885    
    SLICE_X101Y568       FDCE (Recov_DFF_SLICEL_C_CLR)
                                                     -0.066     3.819    u_core/u_lat/hist_reg[2][12]
  -------------------------------------------------------------------
                         required time                          3.819    
                         arrival time                          -3.388    
  -------------------------------------------------------------------
                         slack                                  0.431    

Slack (MET) :             0.432ns  (required time - arrival time)
  Source:                 u_rst_core/sync_reg[2]/C
                            (rising edge-triggered cell FDCE clocked by clk_core  {rise@0.000ns fall@2.000ns period=4.000ns})
  Destination:            u_core/u_lat/hist_reg[14][12]/CLR
                            (recovery check against rising-edge clock clk_core  {rise@0.000ns fall@2.000ns period=4.000ns})
  Path Group:             **async_default**
  Path Type:              Recovery (Max at Slow Process Corner)
  Requirement:            4.000ns  (clk_core rise@4.000ns - clk_core rise@0.000ns)
  Data Path Delay:        3.359ns  (logic 0.080ns (2.382%)  route 3.279ns (97.618%))
  Logic Levels:           0  
  Clock Path Skew:        -0.008ns (DCD - SCD + CPR)
    Destination Clock Delay (DCD):    0.020ns = ( 4.020 - 4.000 ) 
    Source Clock Delay      (SCD):    0.028ns
    Clock Pessimism Removal (CPR):    0.000ns
  Clock Uncertainty:      0.135ns  ((TSJ^2 + TIJ^2)^1/2 + DJ) / 2 + PE + UU
    Total System Jitter     (TSJ):    0.071ns
    Total Input Jitter      (TIJ):    0.000ns
    Discrete Jitter          (DJ):    0.000ns
    Phase Error              (PE):    0.000ns
    User Uncertainty         (UU):    0.100ns

    Location             Delay type                Incr(ns)  Path(ns)    Netlist Resource(s)
  -------------------------------------------------------------------    -------------------
                         (clock clk_core rise edge)
                                                      0.000     0.000 r  
                                                      0.000     0.000 r  clk_core (IN)
                         net (fo=5569, unset)         0.028     0.028    u_rst_core/clk_core
    SLICE_X109Y524       FDCE                                         r  u_rst_core/sync_reg[2]/C
  -------------------------------------------------------------------    -------------------
    SLICE_X109Y524       FDCE (Prop_BFF2_SLICEL_C_Q)
                                                      0.080     0.108 r  u_rst_core/sync_reg[2]/Q
                         net (fo=4617, routed)        3.279     3.387    u_core/u_lat/ar_addr_lat_reg[4]_rep__0_0
    SLICE_X101Y568       FDCE                                         f  u_core/u_lat/hist_reg[14][12]/CLR  (IS_INVERTED)
  -------------------------------------------------------------------    -------------------

                         (clock clk_core rise edge)
                                                      4.000     4.000 r  
                                                      0.000     4.000 r  clk_core (IN)
                         net (fo=5569, unset)         0.020     4.020    u_core/u_lat/clk_core
    SLICE_X101Y568       FDCE                                         r  u_core/u_lat/hist_reg[14][12]/C
                         clock pessimism              0.000     4.020    
                         clock uncertainty           -0.135     3.885    
    SLICE_X101Y568       FDCE (Recov_HFF_SLICEL_C_CLR)
                                                     -0.066     3.819    u_core/u_lat/hist_reg[14][12]
  -------------------------------------------------------------------
                         required time                          3.819    
                         arrival time                          -3.387    
  -------------------------------------------------------------------
                         slack                                  0.432    





Min Delay Paths
--------------------------------------------------------------------------------------
Slack (MET) :             0.074ns  (arrival time - required time)
  Source:                 u_rst_core/sync_reg[2]/C
                            (rising edge-triggered cell FDCE clocked by clk_core  {rise@0.000ns fall@2.000ns period=4.000ns})
  Destination:            u_core/u_book/state_reg[0]/CLR
                            (removal check against rising-edge clock clk_core  {rise@0.000ns fall@2.000ns period=4.000ns})
  Path Group:             **async_default**
  Path Type:              Removal (Min at Fast Process Corner)
  Requirement:            0.000ns  (clk_core rise@0.000ns - clk_core rise@0.000ns)
  Data Path Delay:        0.161ns  (logic 0.040ns (24.813%)  route 0.121ns (75.187%))
  Logic Levels:           0  
  Clock Path Skew:        0.007ns (DCD - SCD - CPR)
    Destination Clock Delay (DCD):    0.019ns
    Source Clock Delay      (SCD):    0.012ns
    Clock Pessimism Removal (CPR):    -0.000ns
  Clock Uncertainty:      0.100ns  ((TSJ^2 + TIJ^2)^1/2 + DJ) / 2 + PE + UU
    Total System Jitter     (TSJ):    0.000ns
    Total Input Jitter      (TIJ):    0.000ns
    Discrete Jitter          (DJ):    0.000ns
    Phase Error              (PE):    0.000ns
    User Uncertainty         (UU):    0.100ns

    Location             Delay type                Incr(ns)  Path(ns)    Netlist Resource(s)
  -------------------------------------------------------------------    -------------------
                         (clock clk_core rise edge)
                                                      0.000     0.000 r  
                                                      0.000     0.000 r  clk_core (IN)
                         net (fo=5569, unset)         0.012     0.012    u_rst_core/clk_core
    SLICE_X109Y524       FDCE                                         r  u_rst_core/sync_reg[2]/C
  -------------------------------------------------------------------    -------------------
    SLICE_X109Y524       FDCE (Prop_BFF2_SLICEL_C_Q)
                                                      0.040     0.052 r  u_rst_core/sync_reg[2]/Q
                         net (fo=4617, routed)        0.121     0.173    u_core/u_book/bid_lv_reg[cnt][0]_rep_1
    SLICE_X109Y525       FDCE                                         f  u_core/u_book/state_reg[0]/CLR  (IS_INVERTED)
  -------------------------------------------------------------------    -------------------

                         (clock clk_core rise edge)
                                                      0.000     0.000 r  
                                                      0.000     0.000 r  clk_core (IN)
                         net (fo=5569, unset)         0.019     0.019    u_core/u_book/clk_core
    SLICE_X109Y525       FDCE                                         r  u_core/u_book/state_reg[0]/C
                         clock pessimism              0.000     0.019    
                         clock uncertainty            0.100     0.119    
    SLICE_X109Y525       FDCE (Remov_EFF_SLICEL_C_CLR)
                                                     -0.020     0.099    u_core/u_book/state_reg[0]
  -------------------------------------------------------------------
                         required time                         -0.099    
                         arrival time                           0.173    
  -------------------------------------------------------------------
                         slack                                  0.074    

Slack (MET) :             0.074ns  (arrival time - required time)
  Source:                 u_rst_core/sync_reg[2]/C
                            (rising edge-triggered cell FDCE clocked by clk_core  {rise@0.000ns fall@2.000ns period=4.000ns})
  Destination:            u_core/u_book/state_reg[1]/CLR
                            (removal check against rising-edge clock clk_core  {rise@0.000ns fall@2.000ns period=4.000ns})
  Path Group:             **async_default**
  Path Type:              Removal (Min at Fast Process Corner)
  Requirement:            0.000ns  (clk_core rise@0.000ns - clk_core rise@0.000ns)
  Data Path Delay:        0.161ns  (logic 0.040ns (24.813%)  route 0.121ns (75.187%))
  Logic Levels:           0  
  Clock Path Skew:        0.007ns (DCD - SCD - CPR)
    Destination Clock Delay (DCD):    0.019ns
    Source Clock Delay      (SCD):    0.012ns
    Clock Pessimism Removal (CPR):    -0.000ns
  Clock Uncertainty:      0.100ns  ((TSJ^2 + TIJ^2)^1/2 + DJ) / 2 + PE + UU
    Total System Jitter     (TSJ):    0.000ns
    Total Input Jitter      (TIJ):    0.000ns
    Discrete Jitter          (DJ):    0.000ns
    Phase Error              (PE):    0.000ns
    User Uncertainty         (UU):    0.100ns

    Location             Delay type                Incr(ns)  Path(ns)    Netlist Resource(s)
  -------------------------------------------------------------------    -------------------
                         (clock clk_core rise edge)
                                                      0.000     0.000 r  
                                                      0.000     0.000 r  clk_core (IN)
                         net (fo=5569, unset)         0.012     0.012    u_rst_core/clk_core
    SLICE_X109Y524       FDCE                                         r  u_rst_core/sync_reg[2]/C
  -------------------------------------------------------------------    -------------------
    SLICE_X109Y524       FDCE (Prop_BFF2_SLICEL_C_Q)
                                                      0.040     0.052 r  u_rst_core/sync_reg[2]/Q
                         net (fo=4617, routed)        0.121     0.173    u_core/u_book/bid_lv_reg[cnt][0]_rep_1
    SLICE_X109Y525       FDCE                                         f  u_core/u_book/state_reg[1]/CLR  (IS_INVERTED)
  -------------------------------------------------------------------    -------------------

                         (clock clk_core rise edge)
                                                      0.000     0.000 r  
                                                      0.000     0.000 r  clk_core (IN)
                         net (fo=5569, unset)         0.019     0.019    u_core/u_book/clk_core
    SLICE_X109Y525       FDCE                                         r  u_core/u_book/state_reg[1]/C
                         clock pessimism              0.000     0.019    
                         clock uncertainty            0.100     0.119    
    SLICE_X109Y525       FDCE (Remov_EFF2_SLICEL_C_CLR)
                                                     -0.020     0.099    u_core/u_book/state_reg[1]
  -------------------------------------------------------------------
                         required time                         -0.099    
                         arrival time                           0.173    
  -------------------------------------------------------------------
                         slack                                  0.074    

Slack (MET) :             0.074ns  (arrival time - required time)
  Source:                 u_rst_core/sync_reg[2]/C
                            (rising edge-triggered cell FDCE clocked by clk_core  {rise@0.000ns fall@2.000ns period=4.000ns})
  Destination:            u_core/u_book/state_reg[1]_replica/CLR
                            (removal check against rising-edge clock clk_core  {rise@0.000ns fall@2.000ns period=4.000ns})
  Path Group:             **async_default**
  Path Type:              Removal (Min at Fast Process Corner)
  Requirement:            0.000ns  (clk_core rise@0.000ns - clk_core rise@0.000ns)
  Data Path Delay:        0.161ns  (logic 0.040ns (24.813%)  route 0.121ns (75.187%))
  Logic Levels:           0  
  Clock Path Skew:        0.007ns (DCD - SCD - CPR)
    Destination Clock Delay (DCD):    0.019ns
    Source Clock Delay      (SCD):    0.012ns
    Clock Pessimism Removal (CPR):    -0.000ns
  Clock Uncertainty:      0.100ns  ((TSJ^2 + TIJ^2)^1/2 + DJ) / 2 + PE + UU
    Total System Jitter     (TSJ):    0.000ns
    Total Input Jitter      (TIJ):    0.000ns
    Discrete Jitter          (DJ):    0.000ns
    Phase Error              (PE):    0.000ns
    User Uncertainty         (UU):    0.100ns

    Location             Delay type                Incr(ns)  Path(ns)    Netlist Resource(s)
  -------------------------------------------------------------------    -------------------
                         (clock clk_core rise edge)
                                                      0.000     0.000 r  
                                                      0.000     0.000 r  clk_core (IN)
                         net (fo=5569, unset)         0.012     0.012    u_rst_core/clk_core
    SLICE_X109Y524       FDCE                                         r  u_rst_core/sync_reg[2]/C
  -------------------------------------------------------------------    -------------------
    SLICE_X109Y524       FDCE (Prop_BFF2_SLICEL_C_Q)
                                                      0.040     0.052 r  u_rst_core/sync_reg[2]/Q
                         net (fo=4617, routed)        0.121     0.173    u_core/u_book/bid_lv_reg[cnt][0]_rep_1
    SLICE_X109Y525       FDCE                                         f  u_core/u_book/state_reg[1]_replica/CLR  (IS_INVERTED)
  -------------------------------------------------------------------    -------------------

                         (clock clk_core rise edge)
                                                      0.000     0.000 r  
                                                      0.000     0.000 r  clk_core (IN)
                         net (fo=5569, unset)         0.019     0.019    u_core/u_book/clk_core
    SLICE_X109Y525       FDCE                                         r  u_core/u_book/state_reg[1]_replica/C
                         clock pessimism              0.000     0.019    
                         clock uncertainty            0.100     0.119    
    SLICE_X109Y525       FDCE (Remov_FFF_SLICEL_C_CLR)
                                                     -0.020     0.099    u_core/u_book/state_reg[1]_replica
  -------------------------------------------------------------------
                         required time                         -0.099    
                         arrival time                           0.173    
  -------------------------------------------------------------------
                         slack                                  0.074    

Slack (MET) :             0.074ns  (arrival time - required time)
  Source:                 u_rst_core/sync_reg[2]/C
                            (rising edge-triggered cell FDCE clocked by clk_core  {rise@0.000ns fall@2.000ns period=4.000ns})
  Destination:            u_core/u_book/state_reg[1]_replica_1/CLR
                            (removal check against rising-edge clock clk_core  {rise@0.000ns fall@2.000ns period=4.000ns})
  Path Group:             **async_default**
  Path Type:              Removal (Min at Fast Process Corner)
  Requirement:            0.000ns  (clk_core rise@0.000ns - clk_core rise@0.000ns)
  Data Path Delay:        0.161ns  (logic 0.040ns (24.813%)  route 0.121ns (75.187%))
  Logic Levels:           0  
  Clock Path Skew:        0.007ns (DCD - SCD - CPR)
    Destination Clock Delay (DCD):    0.019ns
    Source Clock Delay      (SCD):    0.012ns
    Clock Pessimism Removal (CPR):    -0.000ns
  Clock Uncertainty:      0.100ns  ((TSJ^2 + TIJ^2)^1/2 + DJ) / 2 + PE + UU
    Total System Jitter     (TSJ):    0.000ns
    Total Input Jitter      (TIJ):    0.000ns
    Discrete Jitter          (DJ):    0.000ns
    Phase Error              (PE):    0.000ns
    User Uncertainty         (UU):    0.100ns

    Location             Delay type                Incr(ns)  Path(ns)    Netlist Resource(s)
  -------------------------------------------------------------------    -------------------
                         (clock clk_core rise edge)
                                                      0.000     0.000 r  
                                                      0.000     0.000 r  clk_core (IN)
                         net (fo=5569, unset)         0.012     0.012    u_rst_core/clk_core
    SLICE_X109Y524       FDCE                                         r  u_rst_core/sync_reg[2]/C
  -------------------------------------------------------------------    -------------------
    SLICE_X109Y524       FDCE (Prop_BFF2_SLICEL_C_Q)
                                                      0.040     0.052 r  u_rst_core/sync_reg[2]/Q
                         net (fo=4617, routed)        0.121     0.173    u_core/u_book/bid_lv_reg[cnt][0]_rep_1
    SLICE_X109Y525       FDCE                                         f  u_core/u_book/state_reg[1]_replica_1/CLR  (IS_INVERTED)
  -------------------------------------------------------------------    -------------------

                         (clock clk_core rise edge)
                                                      0.000     0.000 r  
                                                      0.000     0.000 r  clk_core (IN)
                         net (fo=5569, unset)         0.019     0.019    u_core/u_book/clk_core
    SLICE_X109Y525       FDCE                                         r  u_core/u_book/state_reg[1]_replica_1/C
                         clock pessimism              0.000     0.019    
                         clock uncertainty            0.100     0.119    
    SLICE_X109Y525       FDCE (Remov_FFF2_SLICEL_C_CLR)
                                                     -0.020     0.099    u_core/u_book/state_reg[1]_replica_1
  -------------------------------------------------------------------
                         required time                         -0.099    
                         arrival time                           0.173    
  -------------------------------------------------------------------
                         slack                                  0.074    

Slack (MET) :             0.074ns  (arrival time - required time)
  Source:                 u_rst_core/sync_reg[2]/C
                            (rising edge-triggered cell FDCE clocked by clk_core  {rise@0.000ns fall@2.000ns period=4.000ns})
  Destination:            u_core/u_book/state_reg[1]_replica_2/CLR
                            (removal check against rising-edge clock clk_core  {rise@0.000ns fall@2.000ns period=4.000ns})
  Path Group:             **async_default**
  Path Type:              Removal (Min at Fast Process Corner)
  Requirement:            0.000ns  (clk_core rise@0.000ns - clk_core rise@0.000ns)
  Data Path Delay:        0.161ns  (logic 0.040ns (24.813%)  route 0.121ns (75.187%))
  Logic Levels:           0  
  Clock Path Skew:        0.007ns (DCD - SCD - CPR)
    Destination Clock Delay (DCD):    0.019ns
    Source Clock Delay      (SCD):    0.012ns
    Clock Pessimism Removal (CPR):    -0.000ns
  Clock Uncertainty:      0.100ns  ((TSJ^2 + TIJ^2)^1/2 + DJ) / 2 + PE + UU
    Total System Jitter     (TSJ):    0.000ns
    Total Input Jitter      (TIJ):    0.000ns
    Discrete Jitter          (DJ):    0.000ns
    Phase Error              (PE):    0.000ns
    User Uncertainty         (UU):    0.100ns

    Location             Delay type                Incr(ns)  Path(ns)    Netlist Resource(s)
  -------------------------------------------------------------------    -------------------
                         (clock clk_core rise edge)
                                                      0.000     0.000 r  
                                                      0.000     0.000 r  clk_core (IN)
                         net (fo=5569, unset)         0.012     0.012    u_rst_core/clk_core
    SLICE_X109Y524       FDCE                                         r  u_rst_core/sync_reg[2]/C
  -------------------------------------------------------------------    -------------------
    SLICE_X109Y524       FDCE (Prop_BFF2_SLICEL_C_Q)
                                                      0.040     0.052 r  u_rst_core/sync_reg[2]/Q
                         net (fo=4617, routed)        0.121     0.173    u_core/u_book/bid_lv_reg[cnt][0]_rep_1
    SLICE_X109Y525       FDCE                                         f  u_core/u_book/state_reg[1]_replica_2/CLR  (IS_INVERTED)
  -------------------------------------------------------------------    -------------------

                         (clock clk_core rise edge)
                                                      0.000     0.000 r  
                                                      0.000     0.000 r  clk_core (IN)
                         net (fo=5569, unset)         0.019     0.019    u_core/u_book/clk_core
    SLICE_X109Y525       FDCE                                         r  u_core/u_book/state_reg[1]_replica_2/C
                         clock pessimism              0.000     0.019    
                         clock uncertainty            0.100     0.119    
    SLICE_X109Y525       FDCE (Remov_GFF_SLICEL_C_CLR)
                                                     -0.020     0.099    u_core/u_book/state_reg[1]_replica_2
  -------------------------------------------------------------------
                         required time                         -0.099    
                         arrival time                           0.173    
  -------------------------------------------------------------------
                         slack                                  0.074    

Slack (MET) :             0.075ns  (arrival time - required time)
  Source:                 u_rst_core/sync_reg[2]/C
                            (rising edge-triggered cell FDCE clocked by clk_core  {rise@0.000ns fall@2.000ns period=4.000ns})
  Destination:            u_core/u_book/ask_lv_reg[cnt][1]_rep__0/CLR
                            (removal check against rising-edge clock clk_core  {rise@0.000ns fall@2.000ns period=4.000ns})
  Path Group:             **async_default**
  Path Type:              Removal (Min at Fast Process Corner)
  Requirement:            0.000ns  (clk_core rise@0.000ns - clk_core rise@0.000ns)
  Data Path Delay:        0.161ns  (logic 0.040ns (24.813%)  route 0.121ns (75.187%))
  Logic Levels:           0  
  Clock Path Skew:        0.006ns (DCD - SCD - CPR)
    Destination Clock Delay (DCD):    0.018ns
    Source Clock Delay      (SCD):    0.012ns
    Clock Pessimism Removal (CPR):    -0.000ns
  Clock Uncertainty:      0.100ns  ((TSJ^2 + TIJ^2)^1/2 + DJ) / 2 + PE + UU
    Total System Jitter     (TSJ):    0.000ns
    Total Input Jitter      (TIJ):    0.000ns
    Discrete Jitter          (DJ):    0.000ns
    Phase Error              (PE):    0.000ns
    User Uncertainty         (UU):    0.100ns

    Location             Delay type                Incr(ns)  Path(ns)    Netlist Resource(s)
  -------------------------------------------------------------------    -------------------
                         (clock clk_core rise edge)
                                                      0.000     0.000 r  
                                                      0.000     0.000 r  clk_core (IN)
                         net (fo=5569, unset)         0.012     0.012    u_rst_core/clk_core
    SLICE_X109Y524       FDCE                                         r  u_rst_core/sync_reg[2]/C
  -------------------------------------------------------------------    -------------------
    SLICE_X109Y524       FDCE (Prop_BFF2_SLICEL_C_Q)
                                                      0.040     0.052 r  u_rst_core/sync_reg[2]/Q
                         net (fo=4617, routed)        0.121     0.173    u_core/u_book/bid_lv_reg[cnt][0]_rep_1
    SLICE_X109Y525       FDCE                                         f  u_core/u_book/ask_lv_reg[cnt][1]_rep__0/CLR  (IS_INVERTED)
  -------------------------------------------------------------------    -------------------

                         (clock clk_core rise edge)
                                                      0.000     0.000 r  
                                                      0.000     0.000 r  clk_core (IN)
                         net (fo=5569, unset)         0.018     0.018    u_core/u_book/clk_core
    SLICE_X109Y525       FDCE                                         r  u_core/u_book/ask_lv_reg[cnt][1]_rep__0/C
                         clock pessimism              0.000     0.018    
                         clock uncertainty            0.100     0.118    
    SLICE_X109Y525       FDCE (Remov_DFF_SLICEL_C_CLR)
                                                     -0.020     0.098    u_core/u_book/ask_lv_reg[cnt][1]_rep__0
  -------------------------------------------------------------------
                         required time                         -0.098    
                         arrival time                           0.173    
  -------------------------------------------------------------------
                         slack                                  0.075    

Slack (MET) :             0.075ns  (arrival time - required time)
  Source:                 u_rst_core/sync_reg[2]/C
                            (rising edge-triggered cell FDCE clocked by clk_core  {rise@0.000ns fall@2.000ns period=4.000ns})
  Destination:            u_core/u_book/ask_lv_reg[cnt][2]_rep/CLR
                            (removal check against rising-edge clock clk_core  {rise@0.000ns fall@2.000ns period=4.000ns})
  Path Group:             **async_default**
  Path Type:              Removal (Min at Fast Process Corner)
  Requirement:            0.000ns  (clk_core rise@0.000ns - clk_core rise@0.000ns)
  Data Path Delay:        0.161ns  (logic 0.040ns (24.813%)  route 0.121ns (75.187%))
  Logic Levels:           0  
  Clock Path Skew:        0.006ns (DCD - SCD - CPR)
    Destination Clock Delay (DCD):    0.018ns
    Source Clock Delay      (SCD):    0.012ns
    Clock Pessimism Removal (CPR):    -0.000ns
  Clock Uncertainty:      0.100ns  ((TSJ^2 + TIJ^2)^1/2 + DJ) / 2 + PE + UU
    Total System Jitter     (TSJ):    0.000ns
    Total Input Jitter      (TIJ):    0.000ns
    Discrete Jitter          (DJ):    0.000ns
    Phase Error              (PE):    0.000ns
    User Uncertainty         (UU):    0.100ns

    Location             Delay type                Incr(ns)  Path(ns)    Netlist Resource(s)
  -------------------------------------------------------------------    -------------------
                         (clock clk_core rise edge)
                                                      0.000     0.000 r  
                                                      0.000     0.000 r  clk_core (IN)
                         net (fo=5569, unset)         0.012     0.012    u_rst_core/clk_core
    SLICE_X109Y524       FDCE                                         r  u_rst_core/sync_reg[2]/C
  -------------------------------------------------------------------    -------------------
    SLICE_X109Y524       FDCE (Prop_BFF2_SLICEL_C_Q)
                                                      0.040     0.052 r  u_rst_core/sync_reg[2]/Q
                         net (fo=4617, routed)        0.121     0.173    u_core/u_book/bid_lv_reg[cnt][0]_rep_1
    SLICE_X109Y525       FDCE                                         f  u_core/u_book/ask_lv_reg[cnt][2]_rep/CLR  (IS_INVERTED)
  -------------------------------------------------------------------    -------------------

                         (clock clk_core rise edge)
                                                      0.000     0.000 r  
                                                      0.000     0.000 r  clk_core (IN)
                         net (fo=5569, unset)         0.018     0.018    u_core/u_book/clk_core
    SLICE_X109Y525       FDCE                                         r  u_core/u_book/ask_lv_reg[cnt][2]_rep/C
                         clock pessimism              0.000     0.018    
                         clock uncertainty            0.100     0.118    
    SLICE_X109Y525       FDCE (Remov_CFF_SLICEL_C_CLR)
                                                     -0.020     0.098    u_core/u_book/ask_lv_reg[cnt][2]_rep
  -------------------------------------------------------------------
                         required time                         -0.098    
                         arrival time                           0.173    
  -------------------------------------------------------------------
                         slack                                  0.075    

Slack (MET) :             0.077ns  (arrival time - required time)
  Source:                 u_rst_core/sync_reg[2]/C
                            (rising edge-triggered cell FDCE clocked by clk_core  {rise@0.000ns fall@2.000ns period=4.000ns})
  Destination:            u_core/u_book/scan_bid_lv_reg[size][3][5]/CLR
                            (removal check against rising-edge clock clk_core  {rise@0.000ns fall@2.000ns period=4.000ns})
  Path Group:             **async_default**
  Path Type:              Removal (Min at Fast Process Corner)
  Requirement:            0.000ns  (clk_core rise@0.000ns - clk_core rise@0.000ns)
  Data Path Delay:        0.164ns  (logic 0.040ns (24.393%)  route 0.124ns (75.607%))
  Logic Levels:           0  
  Clock Path Skew:        0.007ns (DCD - SCD - CPR)
    Destination Clock Delay (DCD):    0.019ns
    Source Clock Delay      (SCD):    0.012ns
    Clock Pessimism Removal (CPR):    -0.000ns
  Clock Uncertainty:      0.100ns  ((TSJ^2 + TIJ^2)^1/2 + DJ) / 2 + PE + UU
    Total System Jitter     (TSJ):    0.000ns
    Total Input Jitter      (TIJ):    0.000ns
    Discrete Jitter          (DJ):    0.000ns
    Phase Error              (PE):    0.000ns
    User Uncertainty         (UU):    0.100ns

    Location             Delay type                Incr(ns)  Path(ns)    Netlist Resource(s)
  -------------------------------------------------------------------    -------------------
                         (clock clk_core rise edge)
                                                      0.000     0.000 r  
                                                      0.000     0.000 r  clk_core (IN)
                         net (fo=5569, unset)         0.012     0.012    u_rst_core/clk_core
    SLICE_X109Y524       FDCE                                         r  u_rst_core/sync_reg[2]/C
  -------------------------------------------------------------------    -------------------
    SLICE_X109Y524       FDCE (Prop_BFF2_SLICEL_C_Q)
                                                      0.040     0.052 r  u_rst_core/sync_reg[2]/Q
                         net (fo=4617, routed)        0.124     0.176    u_core/u_book/bid_lv_reg[cnt][0]_rep_1
    SLICE_X108Y523       FDCE                                         f  u_core/u_book/scan_bid_lv_reg[size][3][5]/CLR  (IS_INVERTED)
  -------------------------------------------------------------------    -------------------

                         (clock clk_core rise edge)
                                                      0.000     0.000 r  
                                                      0.000     0.000 r  clk_core (IN)
                         net (fo=5569, unset)         0.019     0.019    u_core/u_book/clk_core
    SLICE_X108Y523       FDCE                                         r  u_core/u_book/scan_bid_lv_reg[size][3][5]/C
                         clock pessimism              0.000     0.019    
                         clock uncertainty            0.100     0.119    
    SLICE_X108Y523       FDCE (Remov_AFF_SLICEM_C_CLR)
                                                     -0.020     0.099    u_core/u_book/scan_bid_lv_reg[size][3][5]
  -------------------------------------------------------------------
                         required time                         -0.099    
                         arrival time                           0.176    
  -------------------------------------------------------------------
                         slack                                  0.077    

Slack (MET) :             0.083ns  (arrival time - required time)
  Source:                 u_rst_core/sync_reg[2]/C
                            (rising edge-triggered cell FDCE clocked by clk_core  {rise@0.000ns fall@2.000ns period=4.000ns})
  Destination:            u_core/u_book/scan_ask_lv_reg[size][3][17]/CLR
                            (removal check against rising-edge clock clk_core  {rise@0.000ns fall@2.000ns period=4.000ns})
  Path Group:             **async_default**
  Path Type:              Removal (Min at Fast Process Corner)
  Requirement:            0.000ns  (clk_core rise@0.000ns - clk_core rise@0.000ns)
  Data Path Delay:        0.170ns  (logic 0.040ns (23.538%)  route 0.130ns (76.462%))
  Logic Levels:           0  
  Clock Path Skew:        0.007ns (DCD - SCD - CPR)
    Destination Clock Delay (DCD):    0.019ns
    Source Clock Delay      (SCD):    0.012ns
    Clock Pessimism Removal (CPR):    -0.000ns
  Clock Uncertainty:      0.100ns  ((TSJ^2 + TIJ^2)^1/2 + DJ) / 2 + PE + UU
    Total System Jitter     (TSJ):    0.000ns
    Total Input Jitter      (TIJ):    0.000ns
    Discrete Jitter          (DJ):    0.000ns
    Phase Error              (PE):    0.000ns
    User Uncertainty         (UU):    0.100ns

    Location             Delay type                Incr(ns)  Path(ns)    Netlist Resource(s)
  -------------------------------------------------------------------    -------------------
                         (clock clk_core rise edge)
                                                      0.000     0.000 r  
                                                      0.000     0.000 r  clk_core (IN)
                         net (fo=5569, unset)         0.012     0.012    u_rst_core/clk_core
    SLICE_X109Y524       FDCE                                         r  u_rst_core/sync_reg[2]/C
  -------------------------------------------------------------------    -------------------
    SLICE_X109Y524       FDCE (Prop_BFF2_SLICEL_C_Q)
                                                      0.040     0.052 r  u_rst_core/sync_reg[2]/Q
                         net (fo=4617, routed)        0.130     0.182    u_core/u_book/bid_lv_reg[cnt][0]_rep_1
    SLICE_X111Y524       FDCE                                         f  u_core/u_book/scan_ask_lv_reg[size][3][17]/CLR  (IS_INVERTED)
  -------------------------------------------------------------------    -------------------

                         (clock clk_core rise edge)
                                                      0.000     0.000 r  
                                                      0.000     0.000 r  clk_core (IN)
                         net (fo=5569, unset)         0.019     0.019    u_core/u_book/clk_core
    SLICE_X111Y524       FDCE                                         r  u_core/u_book/scan_ask_lv_reg[size][3][17]/C
                         clock pessimism              0.000     0.019    
                         clock uncertainty            0.100     0.119    
    SLICE_X111Y524       FDCE (Remov_EFF_SLICEL_C_CLR)
                                                     -0.020     0.099    u_core/u_book/scan_ask_lv_reg[size][3][17]
  -------------------------------------------------------------------
                         required time                         -0.099    
                         arrival time                           0.182    
  -------------------------------------------------------------------
                         slack                                  0.083    

Slack (MET) :             0.083ns  (arrival time - required time)
  Source:                 u_rst_core/sync_reg[2]/C
                            (rising edge-triggered cell FDCE clocked by clk_core  {rise@0.000ns fall@2.000ns period=4.000ns})
  Destination:            u_core/u_book/scan_ask_lv_reg[size][3][1]/CLR
                            (removal check against rising-edge clock clk_core  {rise@0.000ns fall@2.000ns period=4.000ns})
  Path Group:             **async_default**
  Path Type:              Removal (Min at Fast Process Corner)
  Requirement:            0.000ns  (clk_core rise@0.000ns - clk_core rise@0.000ns)
  Data Path Delay:        0.170ns  (logic 0.040ns (23.538%)  route 0.130ns (76.462%))
  Logic Levels:           0  
  Clock Path Skew:        0.007ns (DCD - SCD - CPR)
    Destination Clock Delay (DCD):    0.019ns
    Source Clock Delay      (SCD):    0.012ns
    Clock Pessimism Removal (CPR):    -0.000ns
  Clock Uncertainty:      0.100ns  ((TSJ^2 + TIJ^2)^1/2 + DJ) / 2 + PE + UU
    Total System Jitter     (TSJ):    0.000ns
    Total Input Jitter      (TIJ):    0.000ns
    Discrete Jitter          (DJ):    0.000ns
    Phase Error              (PE):    0.000ns
    User Uncertainty         (UU):    0.100ns

    Location             Delay type                Incr(ns)  Path(ns)    Netlist Resource(s)
  -------------------------------------------------------------------    -------------------
                         (clock clk_core rise edge)
                                                      0.000     0.000 r  
                                                      0.000     0.000 r  clk_core (IN)
                         net (fo=5569, unset)         0.012     0.012    u_rst_core/clk_core
    SLICE_X109Y524       FDCE                                         r  u_rst_core/sync_reg[2]/C
  -------------------------------------------------------------------    -------------------
    SLICE_X109Y524       FDCE (Prop_BFF2_SLICEL_C_Q)
                                                      0.040     0.052 r  u_rst_core/sync_reg[2]/Q
                         net (fo=4617, routed)        0.130     0.182    u_core/u_book/bid_lv_reg[cnt][0]_rep_1
    SLICE_X111Y524       FDCE                                         f  u_core/u_book/scan_ask_lv_reg[size][3][1]/CLR  (IS_INVERTED)
  -------------------------------------------------------------------    -------------------

                         (clock clk_core rise edge)
                                                      0.000     0.000 r  
                                                      0.000     0.000 r  clk_core (IN)
                         net (fo=5569, unset)         0.019     0.019    u_core/u_book/clk_core
    SLICE_X111Y524       FDCE                                         r  u_core/u_book/scan_ask_lv_reg[size][3][1]/C
                         clock pessimism              0.000     0.019    
                         clock uncertainty            0.100     0.119    
    SLICE_X111Y524       FDCE (Remov_FFF_SLICEL_C_CLR)
                                                     -0.020     0.099    u_core/u_book/scan_ask_lv_reg[size][3][1]
  -------------------------------------------------------------------
                         required time                         -0.099    
                         arrival time                           0.182    
  -------------------------------------------------------------------
                         slack                                  0.083    





---------------------------------------------------------------------------------------------------
Path Group:  **async_default**
From Clock:  clk_host
  To Clock:  clk_host

Setup :            0  Failing Endpoints,  Worst Slack        6.534ns,  Total Violation        0.000ns
Hold  :            0  Failing Endpoints,  Worst Slack        0.086ns,  Total Violation        0.000ns
---------------------------------------------------------------------------------------------------


Max Delay Paths
--------------------------------------------------------------------------------------
Slack (MET) :             6.534ns  (required time - arrival time)
  Source:                 u_rst_host/sync_reg[2]/C
                            (rising edge-triggered cell FDCE clocked by clk_host  {rise@0.000ns fall@4.000ns period=8.000ns})
  Destination:            cfg_load_pending_reg/PRE
                            (recovery check against rising-edge clock clk_host  {rise@0.000ns fall@4.000ns period=8.000ns})
  Path Group:             **async_default**
  Path Type:              Recovery (Max at Slow Process Corner)
  Requirement:            8.000ns  (clk_host rise@8.000ns - clk_host rise@0.000ns)
  Data Path Delay:        1.257ns  (logic 0.080ns (6.362%)  route 1.177ns (93.638%))
  Logic Levels:           0  
  Clock Path Skew:        -0.007ns (DCD - SCD + CPR)
    Destination Clock Delay (DCD):    0.021ns = ( 8.021 - 8.000 ) 
    Source Clock Delay      (SCD):    0.028ns
    Clock Pessimism Removal (CPR):    0.000ns
  Clock Uncertainty:      0.135ns  ((TSJ^2 + TIJ^2)^1/2 + DJ) / 2 + PE + UU
    Total System Jitter     (TSJ):    0.071ns
    Total Input Jitter      (TIJ):    0.000ns
    Discrete Jitter          (DJ):    0.000ns
    Phase Error              (PE):    0.000ns
    User Uncertainty         (UU):    0.100ns

    Location             Delay type                Incr(ns)  Path(ns)    Netlist Resource(s)
  -------------------------------------------------------------------    -------------------
                         (clock clk_host rise edge)
                                                      0.000     0.000 r  
                                                      0.000     0.000 r  clk_host (IN)
                         net (fo=145, unset)          0.028     0.028    u_rst_host/clk_host
    SLICE_X96Y552        FDCE                                         r  u_rst_host/sync_reg[2]/C
  -------------------------------------------------------------------    -------------------
    SLICE_X96Y552        FDCE (Prop_BFF2_SLICEL_C_Q)
                                                      0.080     0.108 r  u_rst_host/sync_reg[2]/Q
                         net (fo=109, routed)         1.177     1.285    u_rst_host_n_0
    SLICE_X110Y555       FDPE                                         f  cfg_load_pending_reg/PRE  (IS_INVERTED)
  -------------------------------------------------------------------    -------------------

                         (clock clk_host rise edge)
                                                      8.000     8.000 r  
                                                      0.000     8.000 r  clk_host (IN)
                         net (fo=145, unset)          0.021     8.021    clk_host
    SLICE_X110Y555       FDPE                                         r  cfg_load_pending_reg/C
                         clock pessimism              0.000     8.021    
                         clock uncertainty           -0.135     7.886    
    SLICE_X110Y555       FDPE (Recov_HFF2_SLICEM_C_PRE)
                                                     -0.066     7.820    cfg_load_pending_reg
  -------------------------------------------------------------------
                         required time                          7.820    
                         arrival time                          -1.285    
  -------------------------------------------------------------------
                         slack                                  6.534    

Slack (MET) :             6.534ns  (required time - arrival time)
  Source:                 u_rst_host/sync_reg[2]/C
                            (rising edge-triggered cell FDCE clocked by clk_host  {rise@0.000ns fall@4.000ns period=8.000ns})
  Destination:            cfg_sent_host_reg[0]/CLR
                            (recovery check against rising-edge clock clk_host  {rise@0.000ns fall@4.000ns period=8.000ns})
  Path Group:             **async_default**
  Path Type:              Recovery (Max at Slow Process Corner)
  Requirement:            8.000ns  (clk_host rise@8.000ns - clk_host rise@0.000ns)
  Data Path Delay:        1.257ns  (logic 0.080ns (6.362%)  route 1.177ns (93.638%))
  Logic Levels:           0  
  Clock Path Skew:        -0.007ns (DCD - SCD + CPR)
    Destination Clock Delay (DCD):    0.021ns = ( 8.021 - 8.000 ) 
    Source Clock Delay      (SCD):    0.028ns
    Clock Pessimism Removal (CPR):    0.000ns
  Clock Uncertainty:      0.135ns  ((TSJ^2 + TIJ^2)^1/2 + DJ) / 2 + PE + UU
    Total System Jitter     (TSJ):    0.071ns
    Total Input Jitter      (TIJ):    0.000ns
    Discrete Jitter          (DJ):    0.000ns
    Phase Error              (PE):    0.000ns
    User Uncertainty         (UU):    0.100ns

    Location             Delay type                Incr(ns)  Path(ns)    Netlist Resource(s)
  -------------------------------------------------------------------    -------------------
                         (clock clk_host rise edge)
                                                      0.000     0.000 r  
                                                      0.000     0.000 r  clk_host (IN)
                         net (fo=145, unset)          0.028     0.028    u_rst_host/clk_host
    SLICE_X96Y552        FDCE                                         r  u_rst_host/sync_reg[2]/C
  -------------------------------------------------------------------    -------------------
    SLICE_X96Y552        FDCE (Prop_BFF2_SLICEL_C_Q)
                                                      0.080     0.108 r  u_rst_host/sync_reg[2]/Q
                         net (fo=109, routed)         1.177     1.285    u_rst_host_n_0
    SLICE_X110Y555       FDCE                                         f  cfg_sent_host_reg[0]/CLR  (IS_INVERTED)
  -------------------------------------------------------------------    -------------------

                         (clock clk_host rise edge)
                                                      8.000     8.000 r  
                                                      0.000     8.000 r  clk_host (IN)
                         net (fo=145, unset)          0.021     8.021    clk_host
    SLICE_X110Y555       FDCE                                         r  cfg_sent_host_reg[0]/C
                         clock pessimism              0.000     8.021    
                         clock uncertainty           -0.135     7.886    
    SLICE_X110Y555       FDCE (Recov_GFF2_SLICEM_C_CLR)
                                                     -0.066     7.820    cfg_sent_host_reg[0]
  -------------------------------------------------------------------
                         required time                          7.820    
                         arrival time                          -1.285    
  -------------------------------------------------------------------
                         slack                                  6.534    

Slack (MET) :             6.534ns  (required time - arrival time)
  Source:                 u_rst_host/sync_reg[2]/C
                            (rising edge-triggered cell FDCE clocked by clk_host  {rise@0.000ns fall@4.000ns period=8.000ns})
  Destination:            cfg_sent_host_reg[1]/CLR
                            (recovery check against rising-edge clock clk_host  {rise@0.000ns fall@4.000ns period=8.000ns})
  Path Group:             **async_default**
  Path Type:              Recovery (Max at Slow Process Corner)
  Requirement:            8.000ns  (clk_host rise@8.000ns - clk_host rise@0.000ns)
  Data Path Delay:        1.257ns  (logic 0.080ns (6.362%)  route 1.177ns (93.638%))
  Logic Levels:           0  
  Clock Path Skew:        -0.007ns (DCD - SCD + CPR)
    Destination Clock Delay (DCD):    0.021ns = ( 8.021 - 8.000 ) 
    Source Clock Delay      (SCD):    0.028ns
    Clock Pessimism Removal (CPR):    0.000ns
  Clock Uncertainty:      0.135ns  ((TSJ^2 + TIJ^2)^1/2 + DJ) / 2 + PE + UU
    Total System Jitter     (TSJ):    0.071ns
    Total Input Jitter      (TIJ):    0.000ns
    Discrete Jitter          (DJ):    0.000ns
    Phase Error              (PE):    0.000ns
    User Uncertainty         (UU):    0.100ns

    Location             Delay type                Incr(ns)  Path(ns)    Netlist Resource(s)
  -------------------------------------------------------------------    -------------------
                         (clock clk_host rise edge)
                                                      0.000     0.000 r  
                                                      0.000     0.000 r  clk_host (IN)
                         net (fo=145, unset)          0.028     0.028    u_rst_host/clk_host
    SLICE_X96Y552        FDCE                                         r  u_rst_host/sync_reg[2]/C
  -------------------------------------------------------------------    -------------------
    SLICE_X96Y552        FDCE (Prop_BFF2_SLICEL_C_Q)
                                                      0.080     0.108 r  u_rst_host/sync_reg[2]/Q
                         net (fo=109, routed)         1.177     1.285    u_rst_host_n_0
    SLICE_X110Y555       FDCE                                         f  cfg_sent_host_reg[1]/CLR  (IS_INVERTED)
  -------------------------------------------------------------------    -------------------

                         (clock clk_host rise edge)
                                                      8.000     8.000 r  
                                                      0.000     8.000 r  clk_host (IN)
                         net (fo=145, unset)          0.021     8.021    clk_host
    SLICE_X110Y555       FDCE                                         r  cfg_sent_host_reg[1]/C
                         clock pessimism              0.000     8.021    
                         clock uncertainty           -0.135     7.886    
    SLICE_X110Y555       FDCE (Recov_FFF2_SLICEM_C_CLR)
                                                     -0.066     7.820    cfg_sent_host_reg[1]
  -------------------------------------------------------------------
                         required time                          7.820    
                         arrival time                          -1.285    
  -------------------------------------------------------------------
                         slack                                  6.534    

Slack (MET) :             6.534ns  (required time - arrival time)
  Source:                 u_rst_host/sync_reg[2]/C
                            (rising edge-triggered cell FDCE clocked by clk_host  {rise@0.000ns fall@4.000ns period=8.000ns})
  Destination:            u_cfg/data_hold_reg[0]/CLR
                            (recovery check against rising-edge clock clk_host  {rise@0.000ns fall@4.000ns period=8.000ns})
  Path Group:             **async_default**
  Path Type:              Recovery (Max at Slow Process Corner)
  Requirement:            8.000ns  (clk_host rise@8.000ns - clk_host rise@0.000ns)
  Data Path Delay:        1.257ns  (logic 0.080ns (6.362%)  route 1.177ns (93.638%))
  Logic Levels:           0  
  Clock Path Skew:        -0.007ns (DCD - SCD + CPR)
    Destination Clock Delay (DCD):    0.021ns = ( 8.021 - 8.000 ) 
    Source Clock Delay      (SCD):    0.028ns
    Clock Pessimism Removal (CPR):    0.000ns
  Clock Uncertainty:      0.135ns  ((TSJ^2 + TIJ^2)^1/2 + DJ) / 2 + PE + UU
    Total System Jitter     (TSJ):    0.071ns
    Total Input Jitter      (TIJ):    0.000ns
    Discrete Jitter          (DJ):    0.000ns
    Phase Error              (PE):    0.000ns
    User Uncertainty         (UU):    0.100ns

    Location             Delay type                Incr(ns)  Path(ns)    Netlist Resource(s)
  -------------------------------------------------------------------    -------------------
                         (clock clk_host rise edge)
                                                      0.000     0.000 r  
                                                      0.000     0.000 r  clk_host (IN)
                         net (fo=145, unset)          0.028     0.028    u_rst_host/clk_host
    SLICE_X96Y552        FDCE                                         r  u_rst_host/sync_reg[2]/C
  -------------------------------------------------------------------    -------------------
    SLICE_X96Y552        FDCE (Prop_BFF2_SLICEL_C_Q)
                                                      0.080     0.108 r  u_rst_host/sync_reg[2]/Q
                         net (fo=109, routed)         1.177     1.285    u_cfg/sync_reg[1]_0
    SLICE_X110Y555       FDCE                                         f  u_cfg/data_hold_reg[0]/CLR  (IS_INVERTED)
  -------------------------------------------------------------------    -------------------

                         (clock clk_host rise edge)
                                                      8.000     8.000 r  
                                                      0.000     8.000 r  clk_host (IN)
                         net (fo=145, unset)          0.021     8.021    u_cfg/clk_host
    SLICE_X110Y555       FDCE                                         r  u_cfg/data_hold_reg[0]/C
                         clock pessimism              0.000     8.021    
                         clock uncertainty           -0.135     7.886    
    SLICE_X110Y555       FDCE (Recov_HFF_SLICEM_C_CLR)
                                                     -0.066     7.820    u_cfg/data_hold_reg[0]
  -------------------------------------------------------------------
                         required time                          7.820    
                         arrival time                          -1.285    
  -------------------------------------------------------------------
                         slack                                  6.534    

Slack (MET) :             6.534ns  (required time - arrival time)
  Source:                 u_rst_host/sync_reg[2]/C
                            (rising edge-triggered cell FDCE clocked by clk_host  {rise@0.000ns fall@4.000ns period=8.000ns})
  Destination:            u_cfg/data_hold_reg[1]/CLR
                            (recovery check against rising-edge clock clk_host  {rise@0.000ns fall@4.000ns period=8.000ns})
  Path Group:             **async_default**
  Path Type:              Recovery (Max at Slow Process Corner)
  Requirement:            8.000ns  (clk_host rise@8.000ns - clk_host rise@0.000ns)
  Data Path Delay:        1.257ns  (logic 0.080ns (6.362%)  route 1.177ns (93.638%))
  Logic Levels:           0  
  Clock Path Skew:        -0.007ns (DCD - SCD + CPR)
    Destination Clock Delay (DCD):    0.021ns = ( 8.021 - 8.000 ) 
    Source Clock Delay      (SCD):    0.028ns
    Clock Pessimism Removal (CPR):    0.000ns
  Clock Uncertainty:      0.135ns  ((TSJ^2 + TIJ^2)^1/2 + DJ) / 2 + PE + UU
    Total System Jitter     (TSJ):    0.071ns
    Total Input Jitter      (TIJ):    0.000ns
    Discrete Jitter          (DJ):    0.000ns
    Phase Error              (PE):    0.000ns
    User Uncertainty         (UU):    0.100ns

    Location             Delay type                Incr(ns)  Path(ns)    Netlist Resource(s)
  -------------------------------------------------------------------    -------------------
                         (clock clk_host rise edge)
                                                      0.000     0.000 r  
                                                      0.000     0.000 r  clk_host (IN)
                         net (fo=145, unset)          0.028     0.028    u_rst_host/clk_host
    SLICE_X96Y552        FDCE                                         r  u_rst_host/sync_reg[2]/C
  -------------------------------------------------------------------    -------------------
    SLICE_X96Y552        FDCE (Prop_BFF2_SLICEL_C_Q)
                                                      0.080     0.108 r  u_rst_host/sync_reg[2]/Q
                         net (fo=109, routed)         1.177     1.285    u_cfg/sync_reg[1]_0
    SLICE_X110Y555       FDCE                                         f  u_cfg/data_hold_reg[1]/CLR  (IS_INVERTED)
  -------------------------------------------------------------------    -------------------

                         (clock clk_host rise edge)
                                                      8.000     8.000 r  
                                                      0.000     8.000 r  clk_host (IN)
                         net (fo=145, unset)          0.021     8.021    u_cfg/clk_host
    SLICE_X110Y555       FDCE                                         r  u_cfg/data_hold_reg[1]/C
                         clock pessimism              0.000     8.021    
                         clock uncertainty           -0.135     7.886    
    SLICE_X110Y555       FDCE (Recov_GFF_SLICEM_C_CLR)
                                                     -0.066     7.820    u_cfg/data_hold_reg[1]
  -------------------------------------------------------------------
                         required time                          7.820    
                         arrival time                          -1.285    
  -------------------------------------------------------------------
                         slack                                  6.534    

Slack (MET) :             6.545ns  (required time - arrival time)
  Source:                 u_rst_host/sync_reg[2]/C
                            (rising edge-triggered cell FDCE clocked by clk_host  {rise@0.000ns fall@4.000ns period=8.000ns})
  Destination:            cfg_valid_host_reg/CLR
                            (recovery check against rising-edge clock clk_host  {rise@0.000ns fall@4.000ns period=8.000ns})
  Path Group:             **async_default**
  Path Type:              Recovery (Max at Slow Process Corner)
  Requirement:            8.000ns  (clk_host rise@8.000ns - clk_host rise@0.000ns)
  Data Path Delay:        1.245ns  (logic 0.080ns (6.424%)  route 1.165ns (93.576%))
  Logic Levels:           0  
  Clock Path Skew:        -0.008ns (DCD - SCD + CPR)
    Destination Clock Delay (DCD):    0.020ns = ( 8.020 - 8.000 ) 
    Source Clock Delay      (SCD):    0.028ns
    Clock Pessimism Removal (CPR):    0.000ns
  Clock Uncertainty:      0.135ns  ((TSJ^2 + TIJ^2)^1/2 + DJ) / 2 + PE + UU
    Total System Jitter     (TSJ):    0.071ns
    Total Input Jitter      (TIJ):    0.000ns
    Discrete Jitter          (DJ):    0.000ns
    Phase Error              (PE):    0.000ns
    User Uncertainty         (UU):    0.100ns

    Location             Delay type                Incr(ns)  Path(ns)    Netlist Resource(s)
  -------------------------------------------------------------------    -------------------
                         (clock clk_host rise edge)
                                                      0.000     0.000 r  
                                                      0.000     0.000 r  clk_host (IN)
                         net (fo=145, unset)          0.028     0.028    u_rst_host/clk_host
    SLICE_X96Y552        FDCE                                         r  u_rst_host/sync_reg[2]/C
  -------------------------------------------------------------------    -------------------
    SLICE_X96Y552        FDCE (Prop_BFF2_SLICEL_C_Q)
                                                      0.080     0.108 r  u_rst_host/sync_reg[2]/Q
                         net (fo=109, routed)         1.165     1.273    u_rst_host_n_0
    SLICE_X111Y555       FDCE                                         f  cfg_valid_host_reg/CLR  (IS_INVERTED)
  -------------------------------------------------------------------    -------------------

                         (clock clk_host rise edge)
                                                      8.000     8.000 r  
                                                      0.000     8.000 r  clk_host (IN)
                         net (fo=145, unset)          0.020     8.020    clk_host
    SLICE_X111Y555       FDCE                                         r  cfg_valid_host_reg/C
                         clock pessimism              0.000     8.020    
                         clock uncertainty           -0.135     7.885    
    SLICE_X111Y555       FDCE (Recov_CFF2_SLICEL_C_CLR)
                                                     -0.066     7.819    cfg_valid_host_reg
  -------------------------------------------------------------------
                         required time                          7.819    
                         arrival time                          -1.273    
  -------------------------------------------------------------------
                         slack                                  6.545    

Slack (MET) :             6.545ns  (required time - arrival time)
  Source:                 u_rst_host/sync_reg[2]/C
                            (rising edge-triggered cell FDCE clocked by clk_host  {rise@0.000ns fall@4.000ns period=8.000ns})
  Destination:            u_cfg/req_tog_reg/CLR
                            (recovery check against rising-edge clock clk_host  {rise@0.000ns fall@4.000ns period=8.000ns})
  Path Group:             **async_default**
  Path Type:              Recovery (Max at Slow Process Corner)
  Requirement:            8.000ns  (clk_host rise@8.000ns - clk_host rise@0.000ns)
  Data Path Delay:        1.245ns  (logic 0.080ns (6.424%)  route 1.165ns (93.576%))
  Logic Levels:           0  
  Clock Path Skew:        -0.008ns (DCD - SCD + CPR)
    Destination Clock Delay (DCD):    0.020ns = ( 8.020 - 8.000 ) 
    Source Clock Delay      (SCD):    0.028ns
    Clock Pessimism Removal (CPR):    0.000ns
  Clock Uncertainty:      0.135ns  ((TSJ^2 + TIJ^2)^1/2 + DJ) / 2 + PE + UU
    Total System Jitter     (TSJ):    0.071ns
    Total Input Jitter      (TIJ):    0.000ns
    Discrete Jitter          (DJ):    0.000ns
    Phase Error              (PE):    0.000ns
    User Uncertainty         (UU):    0.100ns

    Location             Delay type                Incr(ns)  Path(ns)    Netlist Resource(s)
  -------------------------------------------------------------------    -------------------
                         (clock clk_host rise edge)
                                                      0.000     0.000 r  
                                                      0.000     0.000 r  clk_host (IN)
                         net (fo=145, unset)          0.028     0.028    u_rst_host/clk_host
    SLICE_X96Y552        FDCE                                         r  u_rst_host/sync_reg[2]/C
  -------------------------------------------------------------------    -------------------
    SLICE_X96Y552        FDCE (Prop_BFF2_SLICEL_C_Q)
                                                      0.080     0.108 r  u_rst_host/sync_reg[2]/Q
                         net (fo=109, routed)         1.165     1.273    u_cfg/sync_reg[1]_0
    SLICE_X111Y555       FDCE                                         f  u_cfg/req_tog_reg/CLR  (IS_INVERTED)
  -------------------------------------------------------------------    -------------------

                         (clock clk_host rise edge)
                                                      8.000     8.000 r  
                                                      0.000     8.000 r  clk_host (IN)
                         net (fo=145, unset)          0.020     8.020    u_cfg/clk_host
    SLICE_X111Y555       FDCE                                         r  u_cfg/req_tog_reg/C
                         clock pessimism              0.000     8.020    
                         clock uncertainty           -0.135     7.885    
    SLICE_X111Y555       FDCE (Recov_DFF_SLICEL_C_CLR)
                                                     -0.066     7.819    u_cfg/req_tog_reg
  -------------------------------------------------------------------
                         required time                          7.819    
                         arrival time                          -1.273    
  -------------------------------------------------------------------
                         slack                                  6.545    

Slack (MET) :             6.545ns  (required time - arrival time)
  Source:                 u_rst_host/sync_reg[2]/C
                            (rising edge-triggered cell FDCE clocked by clk_host  {rise@0.000ns fall@4.000ns period=8.000ns})
  Destination:            u_cfg/u_ack/sync_reg[0]/CLR
                            (recovery check against rising-edge clock clk_host  {rise@0.000ns fall@4.000ns period=8.000ns})
  Path Group:             **async_default**
  Path Type:              Recovery (Max at Slow Process Corner)
  Requirement:            8.000ns  (clk_host rise@8.000ns - clk_host rise@0.000ns)
  Data Path Delay:        1.245ns  (logic 0.080ns (6.424%)  route 1.165ns (93.576%))
  Logic Levels:           0  
  Clock Path Skew:        -0.008ns (DCD - SCD + CPR)
    Destination Clock Delay (DCD):    0.020ns = ( 8.020 - 8.000 ) 
    Source Clock Delay      (SCD):    0.028ns
    Clock Pessimism Removal (CPR):    0.000ns
  Clock Uncertainty:      0.135ns  ((TSJ^2 + TIJ^2)^1/2 + DJ) / 2 + PE + UU
    Total System Jitter     (TSJ):    0.071ns
    Total Input Jitter      (TIJ):    0.000ns
    Discrete Jitter          (DJ):    0.000ns
    Phase Error              (PE):    0.000ns
    User Uncertainty         (UU):    0.100ns

    Location             Delay type                Incr(ns)  Path(ns)    Netlist Resource(s)
  -------------------------------------------------------------------    -------------------
                         (clock clk_host rise edge)
                                                      0.000     0.000 r  
                                                      0.000     0.000 r  clk_host (IN)
                         net (fo=145, unset)          0.028     0.028    u_rst_host/clk_host
    SLICE_X96Y552        FDCE                                         r  u_rst_host/sync_reg[2]/C
  -------------------------------------------------------------------    -------------------
    SLICE_X96Y552        FDCE (Prop_BFF2_SLICEL_C_Q)
                                                      0.080     0.108 r  u_rst_host/sync_reg[2]/Q
                         net (fo=109, routed)         1.165     1.273    u_cfg/u_ack/sync_reg[1]_0
    SLICE_X111Y555       FDCE                                         f  u_cfg/u_ack/sync_reg[0]/CLR  (IS_INVERTED)
  -------------------------------------------------------------------    -------------------

                         (clock clk_host rise edge)
                                                      8.000     8.000 r  
                                                      0.000     8.000 r  clk_host (IN)
                         net (fo=145, unset)          0.020     8.020    u_cfg/u_ack/clk_host
    SLICE_X111Y555       FDCE                                         r  u_cfg/u_ack/sync_reg[0]/C
                         clock pessimism              0.000     8.020    
                         clock uncertainty           -0.135     7.885    
    SLICE_X111Y555       FDCE (Recov_DFF2_SLICEL_C_CLR)
                                                     -0.066     7.819    u_cfg/u_ack/sync_reg[0]
  -------------------------------------------------------------------
                         required time                          7.819    
                         arrival time                          -1.273    
  -------------------------------------------------------------------
                         slack                                  6.545    

Slack (MET) :             6.545ns  (required time - arrival time)
  Source:                 u_rst_host/sync_reg[2]/C
                            (rising edge-triggered cell FDCE clocked by clk_host  {rise@0.000ns fall@4.000ns period=8.000ns})
  Destination:            u_cfg/u_ack/sync_reg[1]/CLR
                            (recovery check against rising-edge clock clk_host  {rise@0.000ns fall@4.000ns period=8.000ns})
  Path Group:             **async_default**
  Path Type:              Recovery (Max at Slow Process Corner)
  Requirement:            8.000ns  (clk_host rise@8.000ns - clk_host rise@0.000ns)
  Data Path Delay:        1.245ns  (logic 0.080ns (6.424%)  route 1.165ns (93.576%))
  Logic Levels:           0  
  Clock Path Skew:        -0.008ns (DCD - SCD + CPR)
    Destination Clock Delay (DCD):    0.020ns = ( 8.020 - 8.000 ) 
    Source Clock Delay      (SCD):    0.028ns
    Clock Pessimism Removal (CPR):    0.000ns
  Clock Uncertainty:      0.135ns  ((TSJ^2 + TIJ^2)^1/2 + DJ) / 2 + PE + UU
    Total System Jitter     (TSJ):    0.071ns
    Total Input Jitter      (TIJ):    0.000ns
    Discrete Jitter          (DJ):    0.000ns
    Phase Error              (PE):    0.000ns
    User Uncertainty         (UU):    0.100ns

    Location             Delay type                Incr(ns)  Path(ns)    Netlist Resource(s)
  -------------------------------------------------------------------    -------------------
                         (clock clk_host rise edge)
                                                      0.000     0.000 r  
                                                      0.000     0.000 r  clk_host (IN)
                         net (fo=145, unset)          0.028     0.028    u_rst_host/clk_host
    SLICE_X96Y552        FDCE                                         r  u_rst_host/sync_reg[2]/C
  -------------------------------------------------------------------    -------------------
    SLICE_X96Y552        FDCE (Prop_BFF2_SLICEL_C_Q)
                                                      0.080     0.108 r  u_rst_host/sync_reg[2]/Q
                         net (fo=109, routed)         1.165     1.273    u_cfg/u_ack/sync_reg[1]_0
    SLICE_X111Y555       FDCE                                         f  u_cfg/u_ack/sync_reg[1]/CLR  (IS_INVERTED)
  -------------------------------------------------------------------    -------------------

                         (clock clk_host rise edge)
                                                      8.000     8.000 r  
                                                      0.000     8.000 r  clk_host (IN)
                         net (fo=145, unset)          0.020     8.020    u_cfg/u_ack/clk_host
    SLICE_X111Y555       FDCE                                         r  u_cfg/u_ack/sync_reg[1]/C
                         clock pessimism              0.000     8.020    
                         clock uncertainty           -0.135     7.885    
    SLICE_X111Y555       FDCE (Recov_AFF2_SLICEL_C_CLR)
                                                     -0.066     7.819    u_cfg/u_ack/sync_reg[1]
  -------------------------------------------------------------------
                         required time                          7.819    
                         arrival time                          -1.273    
  -------------------------------------------------------------------
                         slack                                  6.545    

Slack (MET) :             6.636ns  (required time - arrival time)
  Source:                 u_rst_host/sync_reg[2]/C
                            (rising edge-triggered cell FDCE clocked by clk_host  {rise@0.000ns fall@4.000ns period=8.000ns})
  Destination:            u_egress/u_fifo/rgray_reg[0]/CLR
                            (recovery check against rising-edge clock clk_host  {rise@0.000ns fall@4.000ns period=8.000ns})
  Path Group:             **async_default**
  Path Type:              Recovery (Max at Slow Process Corner)
  Requirement:            8.000ns  (clk_host rise@8.000ns - clk_host rise@0.000ns)
  Data Path Delay:        1.156ns  (logic 0.080ns (6.923%)  route 1.076ns (93.077%))
  Logic Levels:           0  
  Clock Path Skew:        -0.007ns (DCD - SCD + CPR)
    Destination Clock Delay (DCD):    0.021ns = ( 8.021 - 8.000 ) 
    Source Clock Delay      (SCD):    0.028ns
    Clock Pessimism Removal (CPR):    0.000ns
  Clock Uncertainty:      0.135ns  ((TSJ^2 + TIJ^2)^1/2 + DJ) / 2 + PE + UU
    Total System Jitter     (TSJ):    0.071ns
    Total Input Jitter      (TIJ):    0.000ns
    Discrete Jitter          (DJ):    0.000ns
    Phase Error              (PE):    0.000ns
    User Uncertainty         (UU):    0.100ns

    Location             Delay type                Incr(ns)  Path(ns)    Netlist Resource(s)
  -------------------------------------------------------------------    -------------------
                         (clock clk_host rise edge)
                                                      0.000     0.000 r  
                                                      0.000     0.000 r  clk_host (IN)
                         net (fo=145, unset)          0.028     0.028    u_rst_host/clk_host
    SLICE_X96Y552        FDCE                                         r  u_rst_host/sync_reg[2]/C
  -------------------------------------------------------------------    -------------------
    SLICE_X96Y552        FDCE (Prop_BFF2_SLICEL_C_Q)
                                                      0.080     0.108 r  u_rst_host/sync_reg[2]/Q
                         net (fo=109, routed)         1.076     1.184    u_egress/u_fifo/rbin_reg[6]_0
    SLICE_X102Y553       FDCE                                         f  u_egress/u_fifo/rgray_reg[0]/CLR  (IS_INVERTED)
  -------------------------------------------------------------------    -------------------

                         (clock clk_host rise edge)
                                                      8.000     8.000 r  
                                                      0.000     8.000 r  clk_host (IN)
                         net (fo=145, unset)          0.021     8.021    u_egress/u_fifo/clk_host
    SLICE_X102Y553       FDCE                                         r  u_egress/u_fifo/rgray_reg[0]/C
                         clock pessimism              0.000     8.021    
                         clock uncertainty           -0.135     7.886    
    SLICE_X102Y553       FDCE (Recov_EFF_SLICEM_C_CLR)
                                                     -0.066     7.820    u_egress/u_fifo/rgray_reg[0]
  -------------------------------------------------------------------
                         required time                          7.820    
                         arrival time                          -1.184    
  -------------------------------------------------------------------
                         slack                                  6.636    





Min Delay Paths
--------------------------------------------------------------------------------------
Slack (MET) :             0.086ns  (arrival time - required time)
  Source:                 u_rst_host/sync_reg[2]/C
                            (rising edge-triggered cell FDCE clocked by clk_host  {rise@0.000ns fall@4.000ns period=8.000ns})
  Destination:            u_axil_ar/u_fifo/full_reg/CLR
                            (removal check against rising-edge clock clk_host  {rise@0.000ns fall@4.000ns period=8.000ns})
  Path Group:             **async_default**
  Path Type:              Removal (Min at Fast Process Corner)
  Requirement:            0.000ns  (clk_host rise@0.000ns - clk_host rise@0.000ns)
  Data Path Delay:        0.173ns  (logic 0.040ns (23.107%)  route 0.133ns (76.893%))
  Logic Levels:           0  
  Clock Path Skew:        0.007ns (DCD - SCD - CPR)
    Destination Clock Delay (DCD):    0.019ns
    Source Clock Delay      (SCD):    0.012ns
    Clock Pessimism Removal (CPR):    -0.000ns
  Clock Uncertainty:      0.100ns  ((TSJ^2 + TIJ^2)^1/2 + DJ) / 2 + PE + UU
    Total System Jitter     (TSJ):    0.000ns
    Total Input Jitter      (TIJ):    0.000ns
    Discrete Jitter          (DJ):    0.000ns
    Phase Error              (PE):    0.000ns
    User Uncertainty         (UU):    0.100ns

    Location             Delay type                Incr(ns)  Path(ns)    Netlist Resource(s)
  -------------------------------------------------------------------    -------------------
                         (clock clk_host rise edge)
                                                      0.000     0.000 r  
                                                      0.000     0.000 r  clk_host (IN)
                         net (fo=145, unset)          0.012     0.012    u_rst_host/clk_host
    SLICE_X96Y552        FDCE                                         r  u_rst_host/sync_reg[2]/C
  -------------------------------------------------------------------    -------------------
    SLICE_X96Y552        FDCE (Prop_BFF2_SLICEL_C_Q)
                                                      0.040     0.052 r  u_rst_host/sync_reg[2]/Q
                         net (fo=109, routed)         0.133     0.185    u_axil_ar/u_fifo/wbin_reg[0]_0
    SLICE_X98Y553        FDCE                                         f  u_axil_ar/u_fifo/full_reg/CLR  (IS_INVERTED)
  -------------------------------------------------------------------    -------------------

                         (clock clk_host rise edge)
                                                      0.000     0.000 r  
                                                      0.000     0.000 r  clk_host (IN)
                         net (fo=145, unset)          0.019     0.019    u_axil_ar/u_fifo/clk_host
    SLICE_X98Y553        FDCE                                         r  u_axil_ar/u_fifo/full_reg/C
                         clock pessimism              0.000     0.019    
                         clock uncertainty            0.100     0.119    
    SLICE_X98Y553        FDCE (Remov_HFF_SLICEL_C_CLR)
                                                     -0.020     0.099    u_axil_ar/u_fifo/full_reg
  -------------------------------------------------------------------
                         required time                         -0.099    
                         arrival time                           0.185    
  -------------------------------------------------------------------
                         slack                                  0.086    

Slack (MET) :             0.086ns  (arrival time - required time)
  Source:                 u_rst_host/sync_reg[2]/C
                            (rising edge-triggered cell FDCE clocked by clk_host  {rise@0.000ns fall@4.000ns period=8.000ns})
  Destination:            u_axil_ar/u_fifo/rq_reg[0][1]/CLR
                            (removal check against rising-edge clock clk_host  {rise@0.000ns fall@4.000ns period=8.000ns})
  Path Group:             **async_default**
  Path Type:              Removal (Min at Fast Process Corner)
  Requirement:            0.000ns  (clk_host rise@0.000ns - clk_host rise@0.000ns)
  Data Path Delay:        0.173ns  (logic 0.040ns (23.107%)  route 0.133ns (76.893%))
  Logic Levels:           0  
  Clock Path Skew:        0.007ns (DCD - SCD - CPR)
    Destination Clock Delay (DCD):    0.019ns
    Source Clock Delay      (SCD):    0.012ns
    Clock Pessimism Removal (CPR):    -0.000ns
  Clock Uncertainty:      0.100ns  ((TSJ^2 + TIJ^2)^1/2 + DJ) / 2 + PE + UU
    Total System Jitter     (TSJ):    0.000ns
    Total Input Jitter      (TIJ):    0.000ns
    Discrete Jitter          (DJ):    0.000ns
    Phase Error              (PE):    0.000ns
    User Uncertainty         (UU):    0.100ns

    Location             Delay type                Incr(ns)  Path(ns)    Netlist Resource(s)
  -------------------------------------------------------------------    -------------------
                         (clock clk_host rise edge)
                                                      0.000     0.000 r  
                                                      0.000     0.000 r  clk_host (IN)
                         net (fo=145, unset)          0.012     0.012    u_rst_host/clk_host
    SLICE_X96Y552        FDCE                                         r  u_rst_host/sync_reg[2]/C
  -------------------------------------------------------------------    -------------------
    SLICE_X96Y552        FDCE (Prop_BFF2_SLICEL_C_Q)
                                                      0.040     0.052 r  u_rst_host/sync_reg[2]/Q
                         net (fo=109, routed)         0.133     0.185    u_axil_ar/u_fifo/wbin_reg[0]_0
    SLICE_X98Y553        FDCE                                         f  u_axil_ar/u_fifo/rq_reg[0][1]/CLR  (IS_INVERTED)
  -------------------------------------------------------------------    -------------------

                         (clock clk_host rise edge)
                                                      0.000     0.000 r  
                                                      0.000     0.000 r  clk_host (IN)
                         net (fo=145, unset)          0.019     0.019    u_axil_ar/u_fifo/clk_host
    SLICE_X98Y553        FDCE                                         r  u_axil_ar/u_fifo/rq_reg[0][1]/C
                         clock pessimism              0.000     0.019    
                         clock uncertainty            0.100     0.119    
    SLICE_X98Y553        FDCE (Remov_HFF2_SLICEL_C_CLR)
                                                     -0.020     0.099    u_axil_ar/u_fifo/rq_reg[0][1]
  -------------------------------------------------------------------
                         required time                         -0.099    
                         arrival time                           0.185    
  -------------------------------------------------------------------
                         slack                                  0.086    

Slack (MET) :             0.086ns  (arrival time - required time)
  Source:                 u_rst_host/sync_reg[2]/C
                            (rising edge-triggered cell FDCE clocked by clk_host  {rise@0.000ns fall@4.000ns period=8.000ns})
  Destination:            u_axil_ar/u_fifo/rq_reg[0][2]/CLR
                            (removal check against rising-edge clock clk_host  {rise@0.000ns fall@4.000ns period=8.000ns})
  Path Group:             **async_default**
  Path Type:              Removal (Min at Fast Process Corner)
  Requirement:            0.000ns  (clk_host rise@0.000ns - clk_host rise@0.000ns)
  Data Path Delay:        0.173ns  (logic 0.040ns (23.107%)  route 0.133ns (76.893%))
  Logic Levels:           0  
  Clock Path Skew:        0.007ns (DCD - SCD - CPR)
    Destination Clock Delay (DCD):    0.019ns
    Source Clock Delay      (SCD):    0.012ns
    Clock Pessimism Removal (CPR):    -0.000ns
  Clock Uncertainty:      0.100ns  ((TSJ^2 + TIJ^2)^1/2 + DJ) / 2 + PE + UU
    Total System Jitter     (TSJ):    0.000ns
    Total Input Jitter      (TIJ):    0.000ns
    Discrete Jitter          (DJ):    0.000ns
    Phase Error              (PE):    0.000ns
    User Uncertainty         (UU):    0.100ns

    Location             Delay type                Incr(ns)  Path(ns)    Netlist Resource(s)
  -------------------------------------------------------------------    -------------------
                         (clock clk_host rise edge)
                                                      0.000     0.000 r  
                                                      0.000     0.000 r  clk_host (IN)
                         net (fo=145, unset)          0.012     0.012    u_rst_host/clk_host
    SLICE_X96Y552        FDCE                                         r  u_rst_host/sync_reg[2]/C
  -------------------------------------------------------------------    -------------------
    SLICE_X96Y552        FDCE (Prop_BFF2_SLICEL_C_Q)
                                                      0.040     0.052 r  u_rst_host/sync_reg[2]/Q
                         net (fo=109, routed)         0.133     0.185    u_axil_ar/u_fifo/wbin_reg[0]_0
    SLICE_X98Y553        FDCE                                         f  u_axil_ar/u_fifo/rq_reg[0][2]/CLR  (IS_INVERTED)
  -------------------------------------------------------------------    -------------------

                         (clock clk_host rise edge)
                                                      0.000     0.000 r  
                                                      0.000     0.000 r  clk_host (IN)
                         net (fo=145, unset)          0.019     0.019    u_axil_ar/u_fifo/clk_host
    SLICE_X98Y553        FDCE                                         r  u_axil_ar/u_fifo/rq_reg[0][2]/C
                         clock pessimism              0.000     0.019    
                         clock uncertainty            0.100     0.119    
    SLICE_X98Y553        FDCE (Remov_GFF2_SLICEL_C_CLR)
                                                     -0.020     0.099    u_axil_ar/u_fifo/rq_reg[0][2]
  -------------------------------------------------------------------
                         required time                         -0.099    
                         arrival time                           0.185    
  -------------------------------------------------------------------
                         slack                                  0.086    

Slack (MET) :             0.086ns  (arrival time - required time)
  Source:                 u_rst_host/sync_reg[2]/C
                            (rising edge-triggered cell FDCE clocked by clk_host  {rise@0.000ns fall@4.000ns period=8.000ns})
  Destination:            u_axil_ar/u_fifo/rq_reg[1][1]/CLR
                            (removal check against rising-edge clock clk_host  {rise@0.000ns fall@4.000ns period=8.000ns})
  Path Group:             **async_default**
  Path Type:              Removal (Min at Fast Process Corner)
  Requirement:            0.000ns  (clk_host rise@0.000ns - clk_host rise@0.000ns)
  Data Path Delay:        0.173ns  (logic 0.040ns (23.107%)  route 0.133ns (76.893%))
  Logic Levels:           0  
  Clock Path Skew:        0.007ns (DCD - SCD - CPR)
    Destination Clock Delay (DCD):    0.019ns
    Source Clock Delay      (SCD):    0.012ns
    Clock Pessimism Removal (CPR):    -0.000ns
  Clock Uncertainty:      0.100ns  ((TSJ^2 + TIJ^2)^1/2 + DJ) / 2 + PE + UU
    Total System Jitter     (TSJ):    0.000ns
    Total Input Jitter      (TIJ):    0.000ns
    Discrete Jitter          (DJ):    0.000ns
    Phase Error              (PE):    0.000ns
    User Uncertainty         (UU):    0.100ns

    Location             Delay type                Incr(ns)  Path(ns)    Netlist Resource(s)
  -------------------------------------------------------------------    -------------------
                         (clock clk_host rise edge)
                                                      0.000     0.000 r  
                                                      0.000     0.000 r  clk_host (IN)
                         net (fo=145, unset)          0.012     0.012    u_rst_host/clk_host
    SLICE_X96Y552        FDCE                                         r  u_rst_host/sync_reg[2]/C
  -------------------------------------------------------------------    -------------------
    SLICE_X96Y552        FDCE (Prop_BFF2_SLICEL_C_Q)
                                                      0.040     0.052 r  u_rst_host/sync_reg[2]/Q
                         net (fo=109, routed)         0.133     0.185    u_axil_ar/u_fifo/wbin_reg[0]_0
    SLICE_X98Y553        FDCE                                         f  u_axil_ar/u_fifo/rq_reg[1][1]/CLR  (IS_INVERTED)
  -------------------------------------------------------------------    -------------------

                         (clock clk_host rise edge)
                                                      0.000     0.000 r  
                                                      0.000     0.000 r  clk_host (IN)
                         net (fo=145, unset)          0.019     0.019    u_axil_ar/u_fifo/clk_host
    SLICE_X98Y553        FDCE                                         r  u_axil_ar/u_fifo/rq_reg[1][1]/C
                         clock pessimism              0.000     0.019    
                         clock uncertainty            0.100     0.119    
    SLICE_X98Y553        FDCE (Remov_EFF2_SLICEL_C_CLR)
                                                     -0.020     0.099    u_axil_ar/u_fifo/rq_reg[1][1]
  -------------------------------------------------------------------
                         required time                         -0.099    
                         arrival time                           0.185    
  -------------------------------------------------------------------
                         slack                                  0.086    

Slack (MET) :             0.086ns  (arrival time - required time)
  Source:                 u_rst_host/sync_reg[2]/C
                            (rising edge-triggered cell FDCE clocked by clk_host  {rise@0.000ns fall@4.000ns period=8.000ns})
  Destination:            u_axil_ar/u_fifo/rq_reg[1][2]/CLR
                            (removal check against rising-edge clock clk_host  {rise@0.000ns fall@4.000ns period=8.000ns})
  Path Group:             **async_default**
  Path Type:              Removal (Min at Fast Process Corner)
  Requirement:            0.000ns  (clk_host rise@0.000ns - clk_host rise@0.000ns)
  Data Path Delay:        0.173ns  (logic 0.040ns (23.107%)  route 0.133ns (76.893%))
  Logic Levels:           0  
  Clock Path Skew:        0.007ns (DCD - SCD - CPR)
    Destination Clock Delay (DCD):    0.019ns
    Source Clock Delay      (SCD):    0.012ns
    Clock Pessimism Removal (CPR):    -0.000ns
  Clock Uncertainty:      0.100ns  ((TSJ^2 + TIJ^2)^1/2 + DJ) / 2 + PE + UU
    Total System Jitter     (TSJ):    0.000ns
    Total Input Jitter      (TIJ):    0.000ns
    Discrete Jitter          (DJ):    0.000ns
    Phase Error              (PE):    0.000ns
    User Uncertainty         (UU):    0.100ns

    Location             Delay type                Incr(ns)  Path(ns)    Netlist Resource(s)
  -------------------------------------------------------------------    -------------------
                         (clock clk_host rise edge)
                                                      0.000     0.000 r  
                                                      0.000     0.000 r  clk_host (IN)
                         net (fo=145, unset)          0.012     0.012    u_rst_host/clk_host
    SLICE_X96Y552        FDCE                                         r  u_rst_host/sync_reg[2]/C
  -------------------------------------------------------------------    -------------------
    SLICE_X96Y552        FDCE (Prop_BFF2_SLICEL_C_Q)
                                                      0.040     0.052 r  u_rst_host/sync_reg[2]/Q
                         net (fo=109, routed)         0.133     0.185    u_axil_ar/u_fifo/wbin_reg[0]_0
    SLICE_X98Y553        FDCE                                         f  u_axil_ar/u_fifo/rq_reg[1][2]/CLR  (IS_INVERTED)
  -------------------------------------------------------------------    -------------------

                         (clock clk_host rise edge)
                                                      0.000     0.000 r  
                                                      0.000     0.000 r  clk_host (IN)
                         net (fo=145, unset)          0.019     0.019    u_axil_ar/u_fifo/clk_host
    SLICE_X98Y553        FDCE                                         r  u_axil_ar/u_fifo/rq_reg[1][2]/C
                         clock pessimism              0.000     0.019    
                         clock uncertainty            0.100     0.119    
    SLICE_X98Y553        FDCE (Remov_FFF2_SLICEL_C_CLR)
                                                     -0.020     0.099    u_axil_ar/u_fifo/rq_reg[1][2]
  -------------------------------------------------------------------
                         required time                         -0.099    
                         arrival time                           0.185    
  -------------------------------------------------------------------
                         slack                                  0.086    

Slack (MET) :             0.086ns  (arrival time - required time)
  Source:                 u_rst_host/sync_reg[2]/C
                            (rising edge-triggered cell FDCE clocked by clk_host  {rise@0.000ns fall@4.000ns period=8.000ns})
  Destination:            u_axil_ar/u_fifo/wbin_reg[1]/CLR
                            (removal check against rising-edge clock clk_host  {rise@0.000ns fall@4.000ns period=8.000ns})
  Path Group:             **async_default**
  Path Type:              Removal (Min at Fast Process Corner)
  Requirement:            0.000ns  (clk_host rise@0.000ns - clk_host rise@0.000ns)
  Data Path Delay:        0.173ns  (logic 0.040ns (23.107%)  route 0.133ns (76.893%))
  Logic Levels:           0  
  Clock Path Skew:        0.007ns (DCD - SCD - CPR)
    Destination Clock Delay (DCD):    0.019ns
    Source Clock Delay      (SCD):    0.012ns
    Clock Pessimism Removal (CPR):    -0.000ns
  Clock Uncertainty:      0.100ns  ((TSJ^2 + TIJ^2)^1/2 + DJ) / 2 + PE + UU
    Total System Jitter     (TSJ):    0.000ns
    Total Input Jitter      (TIJ):    0.000ns
    Discrete Jitter          (DJ):    0.000ns
    Phase Error              (PE):    0.000ns
    User Uncertainty         (UU):    0.100ns

    Location             Delay type                Incr(ns)  Path(ns)    Netlist Resource(s)
  -------------------------------------------------------------------    -------------------
                         (clock clk_host rise edge)
                                                      0.000     0.000 r  
                                                      0.000     0.000 r  clk_host (IN)
                         net (fo=145, unset)          0.012     0.012    u_rst_host/clk_host
    SLICE_X96Y552        FDCE                                         r  u_rst_host/sync_reg[2]/C
  -------------------------------------------------------------------    -------------------
    SLICE_X96Y552        FDCE (Prop_BFF2_SLICEL_C_Q)
                                                      0.040     0.052 r  u_rst_host/sync_reg[2]/Q
                         net (fo=109, routed)         0.133     0.185    u_axil_ar/u_fifo/wbin_reg[0]_0
    SLICE_X98Y553        FDCE                                         f  u_axil_ar/u_fifo/wbin_reg[1]/CLR  (IS_INVERTED)
  -------------------------------------------------------------------    -------------------

                         (clock clk_host rise edge)
                                                      0.000     0.000 r  
                                                      0.000     0.000 r  clk_host (IN)
                         net (fo=145, unset)          0.019     0.019    u_axil_ar/u_fifo/clk_host
    SLICE_X98Y553        FDCE                                         r  u_axil_ar/u_fifo/wbin_reg[1]/C
                         clock pessimism              0.000     0.019    
                         clock uncertainty            0.100     0.119    
    SLICE_X98Y553        FDCE (Remov_EFF_SLICEL_C_CLR)
                                                     -0.020     0.099    u_axil_ar/u_fifo/wbin_reg[1]
  -------------------------------------------------------------------
                         required time                         -0.099    
                         arrival time                           0.185    
  -------------------------------------------------------------------
                         slack                                  0.086    

Slack (MET) :             0.086ns  (arrival time - required time)
  Source:                 u_rst_host/sync_reg[2]/C
                            (rising edge-triggered cell FDCE clocked by clk_host  {rise@0.000ns fall@4.000ns period=8.000ns})
  Destination:            u_axil_ar/u_fifo/wgray_reg[0]/CLR
                            (removal check against rising-edge clock clk_host  {rise@0.000ns fall@4.000ns period=8.000ns})
  Path Group:             **async_default**
  Path Type:              Removal (Min at Fast Process Corner)
  Requirement:            0.000ns  (clk_host rise@0.000ns - clk_host rise@0.000ns)
  Data Path Delay:        0.173ns  (logic 0.040ns (23.107%)  route 0.133ns (76.893%))
  Logic Levels:           0  
  Clock Path Skew:        0.007ns (DCD - SCD - CPR)
    Destination Clock Delay (DCD):    0.019ns
    Source Clock Delay      (SCD):    0.012ns
    Clock Pessimism Removal (CPR):    -0.000ns
  Clock Uncertainty:      0.100ns  ((TSJ^2 + TIJ^2)^1/2 + DJ) / 2 + PE + UU
    Total System Jitter     (TSJ):    0.000ns
    Total Input Jitter      (TIJ):    0.000ns
    Discrete Jitter          (DJ):    0.000ns
    Phase Error              (PE):    0.000ns
    User Uncertainty         (UU):    0.100ns

    Location             Delay type                Incr(ns)  Path(ns)    Netlist Resource(s)
  -------------------------------------------------------------------    -------------------
                         (clock clk_host rise edge)
                                                      0.000     0.000 r  
                                                      0.000     0.000 r  clk_host (IN)
                         net (fo=145, unset)          0.012     0.012    u_rst_host/clk_host
    SLICE_X96Y552        FDCE                                         r  u_rst_host/sync_reg[2]/C
  -------------------------------------------------------------------    -------------------
    SLICE_X96Y552        FDCE (Prop_BFF2_SLICEL_C_Q)
                                                      0.040     0.052 r  u_rst_host/sync_reg[2]/Q
                         net (fo=109, routed)         0.133     0.185    u_axil_ar/u_fifo/wbin_reg[0]_0
    SLICE_X98Y553        FDCE                                         f  u_axil_ar/u_fifo/wgray_reg[0]/CLR  (IS_INVERTED)
  -------------------------------------------------------------------    -------------------

                         (clock clk_host rise edge)
                                                      0.000     0.000 r  
                                                      0.000     0.000 r  clk_host (IN)
                         net (fo=145, unset)          0.019     0.019    u_axil_ar/u_fifo/clk_host
    SLICE_X98Y553        FDCE                                         r  u_axil_ar/u_fifo/wgray_reg[0]/C
                         clock pessimism              0.000     0.019    
                         clock uncertainty            0.100     0.119    
    SLICE_X98Y553        FDCE (Remov_FFF_SLICEL_C_CLR)
                                                     -0.020     0.099    u_axil_ar/u_fifo/wgray_reg[0]
  -------------------------------------------------------------------
                         required time                         -0.099    
                         arrival time                           0.185    
  -------------------------------------------------------------------
                         slack                                  0.086    

Slack (MET) :             0.087ns  (arrival time - required time)
  Source:                 u_rst_host/sync_reg[2]/C
                            (rising edge-triggered cell FDCE clocked by clk_host  {rise@0.000ns fall@4.000ns period=8.000ns})
  Destination:            u_axil_ar/u_fifo/rq_reg[0][0]/CLR
                            (removal check against rising-edge clock clk_host  {rise@0.000ns fall@4.000ns period=8.000ns})
  Path Group:             **async_default**
  Path Type:              Removal (Min at Fast Process Corner)
  Requirement:            0.000ns  (clk_host rise@0.000ns - clk_host rise@0.000ns)
  Data Path Delay:        0.173ns  (logic 0.040ns (23.107%)  route 0.133ns (76.893%))
  Logic Levels:           0  
  Clock Path Skew:        0.006ns (DCD - SCD - CPR)
    Destination Clock Delay (DCD):    0.018ns
    Source Clock Delay      (SCD):    0.012ns
    Clock Pessimism Removal (CPR):    -0.000ns
  Clock Uncertainty:      0.100ns  ((TSJ^2 + TIJ^2)^1/2 + DJ) / 2 + PE + UU
    Total System Jitter     (TSJ):    0.000ns
    Total Input Jitter      (TIJ):    0.000ns
    Discrete Jitter          (DJ):    0.000ns
    Phase Error              (PE):    0.000ns
    User Uncertainty         (UU):    0.100ns

    Location             Delay type                Incr(ns)  Path(ns)    Netlist Resource(s)
  -------------------------------------------------------------------    -------------------
                         (clock clk_host rise edge)
                                                      0.000     0.000 r  
                                                      0.000     0.000 r  clk_host (IN)
                         net (fo=145, unset)          0.012     0.012    u_rst_host/clk_host
    SLICE_X96Y552        FDCE                                         r  u_rst_host/sync_reg[2]/C
  -------------------------------------------------------------------    -------------------
    SLICE_X96Y552        FDCE (Prop_BFF2_SLICEL_C_Q)
                                                      0.040     0.052 r  u_rst_host/sync_reg[2]/Q
                         net (fo=109, routed)         0.133     0.185    u_axil_ar/u_fifo/wbin_reg[0]_0
    SLICE_X98Y553        FDCE                                         f  u_axil_ar/u_fifo/rq_reg[0][0]/CLR  (IS_INVERTED)
  -------------------------------------------------------------------    -------------------

                         (clock clk_host rise edge)
                                                      0.000     0.000 r  
                                                      0.000     0.000 r  clk_host (IN)
                         net (fo=145, unset)          0.018     0.018    u_axil_ar/u_fifo/clk_host
    SLICE_X98Y553        FDCE                                         r  u_axil_ar/u_fifo/rq_reg[0][0]/C
                         clock pessimism              0.000     0.018    
                         clock uncertainty            0.100     0.118    
    SLICE_X98Y553        FDCE (Remov_DFF2_SLICEL_C_CLR)
                                                     -0.020     0.098    u_axil_ar/u_fifo/rq_reg[0][0]
  -------------------------------------------------------------------
                         required time                         -0.098    
                         arrival time                           0.185    
  -------------------------------------------------------------------
                         slack                                  0.087    

Slack (MET) :             0.087ns  (arrival time - required time)
  Source:                 u_rst_host/sync_reg[2]/C
                            (rising edge-triggered cell FDCE clocked by clk_host  {rise@0.000ns fall@4.000ns period=8.000ns})
  Destination:            u_axil_ar/u_fifo/rq_reg[1][0]/CLR
                            (removal check against rising-edge clock clk_host  {rise@0.000ns fall@4.000ns period=8.000ns})
  Path Group:             **async_default**
  Path Type:              Removal (Min at Fast Process Corner)
  Requirement:            0.000ns  (clk_host rise@0.000ns - clk_host rise@0.000ns)
  Data Path Delay:        0.173ns  (logic 0.040ns (23.107%)  route 0.133ns (76.893%))
  Logic Levels:           0  
  Clock Path Skew:        0.006ns (DCD - SCD - CPR)
    Destination Clock Delay (DCD):    0.018ns
    Source Clock Delay      (SCD):    0.012ns
    Clock Pessimism Removal (CPR):    -0.000ns
  Clock Uncertainty:      0.100ns  ((TSJ^2 + TIJ^2)^1/2 + DJ) / 2 + PE + UU
    Total System Jitter     (TSJ):    0.000ns
    Total Input Jitter      (TIJ):    0.000ns
    Discrete Jitter          (DJ):    0.000ns
    Phase Error              (PE):    0.000ns
    User Uncertainty         (UU):    0.100ns

    Location             Delay type                Incr(ns)  Path(ns)    Netlist Resource(s)
  -------------------------------------------------------------------    -------------------
                         (clock clk_host rise edge)
                                                      0.000     0.000 r  
                                                      0.000     0.000 r  clk_host (IN)
                         net (fo=145, unset)          0.012     0.012    u_rst_host/clk_host
    SLICE_X96Y552        FDCE                                         r  u_rst_host/sync_reg[2]/C
  -------------------------------------------------------------------    -------------------
    SLICE_X96Y552        FDCE (Prop_BFF2_SLICEL_C_Q)
                                                      0.040     0.052 r  u_rst_host/sync_reg[2]/Q
                         net (fo=109, routed)         0.133     0.185    u_axil_ar/u_fifo/wbin_reg[0]_0
    SLICE_X98Y553        FDCE                                         f  u_axil_ar/u_fifo/rq_reg[1][0]/CLR  (IS_INVERTED)
  -------------------------------------------------------------------    -------------------

                         (clock clk_host rise edge)
                                                      0.000     0.000 r  
                                                      0.000     0.000 r  clk_host (IN)
                         net (fo=145, unset)          0.018     0.018    u_axil_ar/u_fifo/clk_host
    SLICE_X98Y553        FDCE                                         r  u_axil_ar/u_fifo/rq_reg[1][0]/C
                         clock pessimism              0.000     0.018    
                         clock uncertainty            0.100     0.118    
    SLICE_X98Y553        FDCE (Remov_AFF2_SLICEL_C_CLR)
                                                     -0.020     0.098    u_axil_ar/u_fifo/rq_reg[1][0]
  -------------------------------------------------------------------
                         required time                         -0.098    
                         arrival time                           0.185    
  -------------------------------------------------------------------
                         slack                                  0.087    

Slack (MET) :             0.087ns  (arrival time - required time)
  Source:                 u_rst_host/sync_reg[2]/C
                            (rising edge-triggered cell FDCE clocked by clk_host  {rise@0.000ns fall@4.000ns period=8.000ns})
  Destination:            u_axil_ar/u_fifo/wbin_reg[0]/CLR
                            (removal check against rising-edge clock clk_host  {rise@0.000ns fall@4.000ns period=8.000ns})
  Path Group:             **async_default**
  Path Type:              Removal (Min at Fast Process Corner)
  Requirement:            0.000ns  (clk_host rise@0.000ns - clk_host rise@0.000ns)
  Data Path Delay:        0.173ns  (logic 0.040ns (23.107%)  route 0.133ns (76.893%))
  Logic Levels:           0  
  Clock Path Skew:        0.006ns (DCD - SCD - CPR)
    Destination Clock Delay (DCD):    0.018ns
    Source Clock Delay      (SCD):    0.012ns
    Clock Pessimism Removal (CPR):    -0.000ns
  Clock Uncertainty:      0.100ns  ((TSJ^2 + TIJ^2)^1/2 + DJ) / 2 + PE + UU
    Total System Jitter     (TSJ):    0.000ns
    Total Input Jitter      (TIJ):    0.000ns
    Discrete Jitter          (DJ):    0.000ns
    Phase Error              (PE):    0.000ns
    User Uncertainty         (UU):    0.100ns

    Location             Delay type                Incr(ns)  Path(ns)    Netlist Resource(s)
  -------------------------------------------------------------------    -------------------
                         (clock clk_host rise edge)
                                                      0.000     0.000 r  
                                                      0.000     0.000 r  clk_host (IN)
                         net (fo=145, unset)          0.012     0.012    u_rst_host/clk_host
    SLICE_X96Y552        FDCE                                         r  u_rst_host/sync_reg[2]/C
  -------------------------------------------------------------------    -------------------
    SLICE_X96Y552        FDCE (Prop_BFF2_SLICEL_C_Q)
                                                      0.040     0.052 r  u_rst_host/sync_reg[2]/Q
                         net (fo=109, routed)         0.133     0.185    u_axil_ar/u_fifo/wbin_reg[0]_0
    SLICE_X98Y553        FDCE                                         f  u_axil_ar/u_fifo/wbin_reg[0]/CLR  (IS_INVERTED)
  -------------------------------------------------------------------    -------------------

                         (clock clk_host rise edge)
                                                      0.000     0.000 r  
                                                      0.000     0.000 r  clk_host (IN)
                         net (fo=145, unset)          0.018     0.018    u_axil_ar/u_fifo/clk_host
    SLICE_X98Y553        FDCE                                         r  u_axil_ar/u_fifo/wbin_reg[0]/C
                         clock pessimism              0.000     0.018    
                         clock uncertainty            0.100     0.118    
    SLICE_X98Y553        FDCE (Remov_DFF_SLICEL_C_CLR)
                                                     -0.020     0.098    u_axil_ar/u_fifo/wbin_reg[0]
  -------------------------------------------------------------------
                         required time                         -0.098    
                         arrival time                           0.185    
  -------------------------------------------------------------------
                         slack                                  0.087    





---------------------------------------------------------------------------------------------------
Path Group:  **async_default**
From Clock:  clk_line
  To Clock:  clk_line

Setup :            0  Failing Endpoints,  Worst Slack        5.358ns,  Total Violation        0.000ns
Hold  :            0  Failing Endpoints,  Worst Slack        0.112ns,  Total Violation        0.000ns
---------------------------------------------------------------------------------------------------


Max Delay Paths
--------------------------------------------------------------------------------------
Slack (MET) :             5.358ns  (required time - arrival time)
  Source:                 u_rst_line/sync_reg[2]/C
                            (rising edge-triggered cell FDCE clocked by clk_line  {rise@0.000ns fall@3.200ns period=6.400ns})
  Destination:            u_ingress/u_fifo/rq_reg[0][1]/CLR
                            (recovery check against rising-edge clock clk_line  {rise@0.000ns fall@3.200ns period=6.400ns})
  Path Group:             **async_default**
  Path Type:              Recovery (Max at Slow Process Corner)
  Requirement:            6.400ns  (clk_line rise@6.400ns - clk_line rise@0.000ns)
  Data Path Delay:        0.831ns  (logic 0.081ns (9.743%)  route 0.750ns (90.257%))
  Logic Levels:           0  
  Clock Path Skew:        -0.009ns (DCD - SCD + CPR)
    Destination Clock Delay (DCD):    0.020ns = ( 6.420 - 6.400 ) 
    Source Clock Delay      (SCD):    0.029ns
    Clock Pessimism Removal (CPR):    0.000ns
  Clock Uncertainty:      0.135ns  ((TSJ^2 + TIJ^2)^1/2 + DJ) / 2 + PE + UU
    Total System Jitter     (TSJ):    0.071ns
    Total Input Jitter      (TIJ):    0.000ns
    Discrete Jitter          (DJ):    0.000ns
    Phase Error              (PE):    0.000ns
    User Uncertainty         (UU):    0.100ns

    Location             Delay type                Incr(ns)  Path(ns)    Netlist Resource(s)
  -------------------------------------------------------------------    -------------------
                         (clock clk_line rise edge)
                                                      0.000     0.000 r  
                                                      0.000     0.000 r  clk_line (IN)
                         net (fo=138, unset)          0.029     0.029    u_rst_line/clk_line
    SLICE_X103Y484       FDCE                                         r  u_rst_line/sync_reg[2]/C
  -------------------------------------------------------------------    -------------------
    SLICE_X103Y484       FDCE (Prop_FFF2_SLICEL_C_Q)
                                                      0.081     0.110 r  u_rst_line/sync_reg[2]/Q
                         net (fo=40, routed)          0.750     0.860    u_ingress/u_fifo/wbin_reg[9]_0
    SLICE_X103Y483       FDCE                                         f  u_ingress/u_fifo/rq_reg[0][1]/CLR  (IS_INVERTED)
  -------------------------------------------------------------------    -------------------

                         (clock clk_line rise edge)
                                                      6.400     6.400 r  
                                                      0.000     6.400 r  clk_line (IN)
                         net (fo=138, unset)          0.020     6.420    u_ingress/u_fifo/clk_line
    SLICE_X103Y483       FDCE                                         r  u_ingress/u_fifo/rq_reg[0][1]/C
                         clock pessimism              0.000     6.420    
                         clock uncertainty           -0.135     6.285    
    SLICE_X103Y483       FDCE (Recov_HFF2_SLICEL_C_CLR)
                                                     -0.066     6.219    u_ingress/u_fifo/rq_reg[0][1]
  -------------------------------------------------------------------
                         required time                          6.219    
                         arrival time                          -0.860    
  -------------------------------------------------------------------
                         slack                                  5.358    

Slack (MET) :             5.358ns  (required time - arrival time)
  Source:                 u_rst_line/sync_reg[2]/C
                            (rising edge-triggered cell FDCE clocked by clk_line  {rise@0.000ns fall@3.200ns period=6.400ns})
  Destination:            u_ingress/u_fifo/rq_reg[0][2]/CLR
                            (recovery check against rising-edge clock clk_line  {rise@0.000ns fall@3.200ns period=6.400ns})
  Path Group:             **async_default**
  Path Type:              Recovery (Max at Slow Process Corner)
  Requirement:            6.400ns  (clk_line rise@6.400ns - clk_line rise@0.000ns)
  Data Path Delay:        0.831ns  (logic 0.081ns (9.743%)  route 0.750ns (90.257%))
  Logic Levels:           0  
  Clock Path Skew:        -0.009ns (DCD - SCD + CPR)
    Destination Clock Delay (DCD):    0.020ns = ( 6.420 - 6.400 ) 
    Source Clock Delay      (SCD):    0.029ns
    Clock Pessimism Removal (CPR):    0.000ns
  Clock Uncertainty:      0.135ns  ((TSJ^2 + TIJ^2)^1/2 + DJ) / 2 + PE + UU
    Total System Jitter     (TSJ):    0.071ns
    Total Input Jitter      (TIJ):    0.000ns
    Discrete Jitter          (DJ):    0.000ns
    Phase Error              (PE):    0.000ns
    User Uncertainty         (UU):    0.100ns

    Location             Delay type                Incr(ns)  Path(ns)    Netlist Resource(s)
  -------------------------------------------------------------------    -------------------
                         (clock clk_line rise edge)
                                                      0.000     0.000 r  
                                                      0.000     0.000 r  clk_line (IN)
                         net (fo=138, unset)          0.029     0.029    u_rst_line/clk_line
    SLICE_X103Y484       FDCE                                         r  u_rst_line/sync_reg[2]/C
  -------------------------------------------------------------------    -------------------
    SLICE_X103Y484       FDCE (Prop_FFF2_SLICEL_C_Q)
                                                      0.081     0.110 r  u_rst_line/sync_reg[2]/Q
                         net (fo=40, routed)          0.750     0.860    u_ingress/u_fifo/wbin_reg[9]_0
    SLICE_X103Y483       FDCE                                         f  u_ingress/u_fifo/rq_reg[0][2]/CLR  (IS_INVERTED)
  -------------------------------------------------------------------    -------------------

                         (clock clk_line rise edge)
                                                      6.400     6.400 r  
                                                      0.000     6.400 r  clk_line (IN)
                         net (fo=138, unset)          0.020     6.420    u_ingress/u_fifo/clk_line
    SLICE_X103Y483       FDCE                                         r  u_ingress/u_fifo/rq_reg[0][2]/C
                         clock pessimism              0.000     6.420    
                         clock uncertainty           -0.135     6.285    
    SLICE_X103Y483       FDCE (Recov_GFF2_SLICEL_C_CLR)
                                                     -0.066     6.219    u_ingress/u_fifo/rq_reg[0][2]
  -------------------------------------------------------------------
                         required time                          6.219    
                         arrival time                          -0.860    
  -------------------------------------------------------------------
                         slack                                  5.358    

Slack (MET) :             5.358ns  (required time - arrival time)
  Source:                 u_rst_line/sync_reg[2]/C
                            (rising edge-triggered cell FDCE clocked by clk_line  {rise@0.000ns fall@3.200ns period=6.400ns})
  Destination:            u_ingress/u_fifo/rq_reg[1][1]/CLR
                            (recovery check against rising-edge clock clk_line  {rise@0.000ns fall@3.200ns period=6.400ns})
  Path Group:             **async_default**
  Path Type:              Recovery (Max at Slow Process Corner)
  Requirement:            6.400ns  (clk_line rise@6.400ns - clk_line rise@0.000ns)
  Data Path Delay:        0.831ns  (logic 0.081ns (9.743%)  route 0.750ns (90.257%))
  Logic Levels:           0  
  Clock Path Skew:        -0.009ns (DCD - SCD + CPR)
    Destination Clock Delay (DCD):    0.020ns = ( 6.420 - 6.400 ) 
    Source Clock Delay      (SCD):    0.029ns
    Clock Pessimism Removal (CPR):    0.000ns
  Clock Uncertainty:      0.135ns  ((TSJ^2 + TIJ^2)^1/2 + DJ) / 2 + PE + UU
    Total System Jitter     (TSJ):    0.071ns
    Total Input Jitter      (TIJ):    0.000ns
    Discrete Jitter          (DJ):    0.000ns
    Phase Error              (PE):    0.000ns
    User Uncertainty         (UU):    0.100ns

    Location             Delay type                Incr(ns)  Path(ns)    Netlist Resource(s)
  -------------------------------------------------------------------    -------------------
                         (clock clk_line rise edge)
                                                      0.000     0.000 r  
                                                      0.000     0.000 r  clk_line (IN)
                         net (fo=138, unset)          0.029     0.029    u_rst_line/clk_line
    SLICE_X103Y484       FDCE                                         r  u_rst_line/sync_reg[2]/C
  -------------------------------------------------------------------    -------------------
    SLICE_X103Y484       FDCE (Prop_FFF2_SLICEL_C_Q)
                                                      0.081     0.110 r  u_rst_line/sync_reg[2]/Q
                         net (fo=40, routed)          0.750     0.860    u_ingress/u_fifo/wbin_reg[9]_0
    SLICE_X103Y483       FDCE                                         f  u_ingress/u_fifo/rq_reg[1][1]/CLR  (IS_INVERTED)
  -------------------------------------------------------------------    -------------------

                         (clock clk_line rise edge)
                                                      6.400     6.400 r  
                                                      0.000     6.400 r  clk_line (IN)
                         net (fo=138, unset)          0.020     6.420    u_ingress/u_fifo/clk_line
    SLICE_X103Y483       FDCE                                         r  u_ingress/u_fifo/rq_reg[1][1]/C
                         clock pessimism              0.000     6.420    
                         clock uncertainty           -0.135     6.285    
    SLICE_X103Y483       FDCE (Recov_EFF2_SLICEL_C_CLR)
                                                     -0.066     6.219    u_ingress/u_fifo/rq_reg[1][1]
  -------------------------------------------------------------------
                         required time                          6.219    
                         arrival time                          -0.860    
  -------------------------------------------------------------------
                         slack                                  5.358    

Slack (MET) :             5.358ns  (required time - arrival time)
  Source:                 u_rst_line/sync_reg[2]/C
                            (rising edge-triggered cell FDCE clocked by clk_line  {rise@0.000ns fall@3.200ns period=6.400ns})
  Destination:            u_ingress/u_fifo/rq_reg[1][2]/CLR
                            (recovery check against rising-edge clock clk_line  {rise@0.000ns fall@3.200ns period=6.400ns})
  Path Group:             **async_default**
  Path Type:              Recovery (Max at Slow Process Corner)
  Requirement:            6.400ns  (clk_line rise@6.400ns - clk_line rise@0.000ns)
  Data Path Delay:        0.831ns  (logic 0.081ns (9.743%)  route 0.750ns (90.257%))
  Logic Levels:           0  
  Clock Path Skew:        -0.009ns (DCD - SCD + CPR)
    Destination Clock Delay (DCD):    0.020ns = ( 6.420 - 6.400 ) 
    Source Clock Delay      (SCD):    0.029ns
    Clock Pessimism Removal (CPR):    0.000ns
  Clock Uncertainty:      0.135ns  ((TSJ^2 + TIJ^2)^1/2 + DJ) / 2 + PE + UU
    Total System Jitter     (TSJ):    0.071ns
    Total Input Jitter      (TIJ):    0.000ns
    Discrete Jitter          (DJ):    0.000ns
    Phase Error              (PE):    0.000ns
    User Uncertainty         (UU):    0.100ns

    Location             Delay type                Incr(ns)  Path(ns)    Netlist Resource(s)
  -------------------------------------------------------------------    -------------------
                         (clock clk_line rise edge)
                                                      0.000     0.000 r  
                                                      0.000     0.000 r  clk_line (IN)
                         net (fo=138, unset)          0.029     0.029    u_rst_line/clk_line
    SLICE_X103Y484       FDCE                                         r  u_rst_line/sync_reg[2]/C
  -------------------------------------------------------------------    -------------------
    SLICE_X103Y484       FDCE (Prop_FFF2_SLICEL_C_Q)
                                                      0.081     0.110 r  u_rst_line/sync_reg[2]/Q
                         net (fo=40, routed)          0.750     0.860    u_ingress/u_fifo/wbin_reg[9]_0
    SLICE_X103Y483       FDCE                                         f  u_ingress/u_fifo/rq_reg[1][2]/CLR  (IS_INVERTED)
  -------------------------------------------------------------------    -------------------

                         (clock clk_line rise edge)
                                                      6.400     6.400 r  
                                                      0.000     6.400 r  clk_line (IN)
                         net (fo=138, unset)          0.020     6.420    u_ingress/u_fifo/clk_line
    SLICE_X103Y483       FDCE                                         r  u_ingress/u_fifo/rq_reg[1][2]/C
                         clock pessimism              0.000     6.420    
                         clock uncertainty           -0.135     6.285    
    SLICE_X103Y483       FDCE (Recov_FFF2_SLICEL_C_CLR)
                                                     -0.066     6.219    u_ingress/u_fifo/rq_reg[1][2]
  -------------------------------------------------------------------
                         required time                          6.219    
                         arrival time                          -0.860    
  -------------------------------------------------------------------
                         slack                                  5.358    

Slack (MET) :             5.358ns  (required time - arrival time)
  Source:                 u_rst_line/sync_reg[2]/C
                            (rising edge-triggered cell FDCE clocked by clk_line  {rise@0.000ns fall@3.200ns period=6.400ns})
  Destination:            u_ingress/u_fifo/wbin_reg[1]/CLR
                            (recovery check against rising-edge clock clk_line  {rise@0.000ns fall@3.200ns period=6.400ns})
  Path Group:             **async_default**
  Path Type:              Recovery (Max at Slow Process Corner)
  Requirement:            6.400ns  (clk_line rise@6.400ns - clk_line rise@0.000ns)
  Data Path Delay:        0.831ns  (logic 0.081ns (9.743%)  route 0.750ns (90.257%))
  Logic Levels:           0  
  Clock Path Skew:        -0.009ns (DCD - SCD + CPR)
    Destination Clock Delay (DCD):    0.020ns = ( 6.420 - 6.400 ) 
    Source Clock Delay      (SCD):    0.029ns
    Clock Pessimism Removal (CPR):    0.000ns
  Clock Uncertainty:      0.135ns  ((TSJ^2 + TIJ^2)^1/2 + DJ) / 2 + PE + UU
    Total System Jitter     (TSJ):    0.071ns
    Total Input Jitter      (TIJ):    0.000ns
    Discrete Jitter          (DJ):    0.000ns
    Phase Error              (PE):    0.000ns
    User Uncertainty         (UU):    0.100ns

    Location             Delay type                Incr(ns)  Path(ns)    Netlist Resource(s)
  -------------------------------------------------------------------    -------------------
                         (clock clk_line rise edge)
                                                      0.000     0.000 r  
                                                      0.000     0.000 r  clk_line (IN)
                         net (fo=138, unset)          0.029     0.029    u_rst_line/clk_line
    SLICE_X103Y484       FDCE                                         r  u_rst_line/sync_reg[2]/C
  -------------------------------------------------------------------    -------------------
    SLICE_X103Y484       FDCE (Prop_FFF2_SLICEL_C_Q)
                                                      0.081     0.110 r  u_rst_line/sync_reg[2]/Q
                         net (fo=40, routed)          0.750     0.860    u_ingress/u_fifo/wbin_reg[9]_0
    SLICE_X103Y483       FDCE                                         f  u_ingress/u_fifo/wbin_reg[1]/CLR  (IS_INVERTED)
  -------------------------------------------------------------------    -------------------

                         (clock clk_line rise edge)
                                                      6.400     6.400 r  
                                                      0.000     6.400 r  clk_line (IN)
                         net (fo=138, unset)          0.020     6.420    u_ingress/u_fifo/clk_line
    SLICE_X103Y483       FDCE                                         r  u_ingress/u_fifo/wbin_reg[1]/C
                         clock pessimism              0.000     6.420    
                         clock uncertainty           -0.135     6.285    
    SLICE_X103Y483       FDCE (Recov_EFF_SLICEL_C_CLR)
                                                     -0.066     6.219    u_ingress/u_fifo/wbin_reg[1]
  -------------------------------------------------------------------
                         required time                          6.219    
                         arrival time                          -0.860    
  -------------------------------------------------------------------
                         slack                                  5.358    

Slack (MET) :             5.471ns  (required time - arrival time)
  Source:                 u_rst_line/sync_reg[2]/C
                            (rising edge-triggered cell FDCE clocked by clk_line  {rise@0.000ns fall@3.200ns period=6.400ns})
  Destination:            u_ingress/u_fifo/wbin_reg[3]/CLR
                            (recovery check against rising-edge clock clk_line  {rise@0.000ns fall@3.200ns period=6.400ns})
  Path Group:             **async_default**
  Path Type:              Recovery (Max at Slow Process Corner)
  Requirement:            6.400ns  (clk_line rise@6.400ns - clk_line rise@0.000ns)
  Data Path Delay:        0.720ns  (logic 0.081ns (11.256%)  route 0.639ns (88.744%))
  Logic Levels:           0  
  Clock Path Skew:        -0.008ns (DCD - SCD + CPR)
    Destination Clock Delay (DCD):    0.021ns = ( 6.421 - 6.400 ) 
    Source Clock Delay      (SCD):    0.029ns
    Clock Pessimism Removal (CPR):    0.000ns
  Clock Uncertainty:      0.135ns  ((TSJ^2 + TIJ^2)^1/2 + DJ) / 2 + PE + UU
    Total System Jitter     (TSJ):    0.071ns
    Total Input Jitter      (TIJ):    0.000ns
    Discrete Jitter          (DJ):    0.000ns
    Phase Error              (PE):    0.000ns
    User Uncertainty         (UU):    0.100ns

    Location             Delay type                Incr(ns)  Path(ns)    Netlist Resource(s)
  -------------------------------------------------------------------    -------------------
                         (clock clk_line rise edge)
                                                      0.000     0.000 r  
                                                      0.000     0.000 r  clk_line (IN)
                         net (fo=138, unset)          0.029     0.029    u_rst_line/clk_line
    SLICE_X103Y484       FDCE                                         r  u_rst_line/sync_reg[2]/C
  -------------------------------------------------------------------    -------------------
    SLICE_X103Y484       FDCE (Prop_FFF2_SLICEL_C_Q)
                                                      0.081     0.110 r  u_rst_line/sync_reg[2]/Q
                         net (fo=40, routed)          0.639     0.749    u_ingress/u_fifo/wbin_reg[9]_0
    SLICE_X104Y481       FDCE                                         f  u_ingress/u_fifo/wbin_reg[3]/CLR  (IS_INVERTED)
  -------------------------------------------------------------------    -------------------

                         (clock clk_line rise edge)
                                                      6.400     6.400 r  
                                                      0.000     6.400 r  clk_line (IN)
                         net (fo=138, unset)          0.021     6.421    u_ingress/u_fifo/clk_line
    SLICE_X104Y481       FDCE                                         r  u_ingress/u_fifo/wbin_reg[3]/C
                         clock pessimism              0.000     6.421    
                         clock uncertainty           -0.135     6.286    
    SLICE_X104Y481       FDCE (Recov_HFF2_SLICEM_C_CLR)
                                                     -0.066     6.220    u_ingress/u_fifo/wbin_reg[3]
  -------------------------------------------------------------------
                         required time                          6.220    
                         arrival time                          -0.749    
  -------------------------------------------------------------------
                         slack                                  5.471    

Slack (MET) :             5.516ns  (required time - arrival time)
  Source:                 u_rst_line/sync_reg[2]/C
                            (rising edge-triggered cell FDCE clocked by clk_line  {rise@0.000ns fall@3.200ns period=6.400ns})
  Destination:            u_ingress/u_fifo/rq_reg[0][0]/CLR
                            (recovery check against rising-edge clock clk_line  {rise@0.000ns fall@3.200ns period=6.400ns})
  Path Group:             **async_default**
  Path Type:              Recovery (Max at Slow Process Corner)
  Requirement:            6.400ns  (clk_line rise@6.400ns - clk_line rise@0.000ns)
  Data Path Delay:        0.674ns  (logic 0.081ns (12.012%)  route 0.593ns (87.988%))
  Logic Levels:           0  
  Clock Path Skew:        -0.008ns (DCD - SCD + CPR)
    Destination Clock Delay (DCD):    0.021ns = ( 6.421 - 6.400 ) 
    Source Clock Delay      (SCD):    0.029ns
    Clock Pessimism Removal (CPR):    0.000ns
  Clock Uncertainty:      0.135ns  ((TSJ^2 + TIJ^2)^1/2 + DJ) / 2 + PE + UU
    Total System Jitter     (TSJ):    0.071ns
    Total Input Jitter      (TIJ):    0.000ns
    Discrete Jitter          (DJ):    0.000ns
    Phase Error              (PE):    0.000ns
    User Uncertainty         (UU):    0.100ns

    Location             Delay type                Incr(ns)  Path(ns)    Netlist Resource(s)
  -------------------------------------------------------------------    -------------------
                         (clock clk_line rise edge)
                                                      0.000     0.000 r  
                                                      0.000     0.000 r  clk_line (IN)
                         net (fo=138, unset)          0.029     0.029    u_rst_line/clk_line
    SLICE_X103Y484       FDCE                                         r  u_rst_line/sync_reg[2]/C
  -------------------------------------------------------------------    -------------------
    SLICE_X103Y484       FDCE (Prop_FFF2_SLICEL_C_Q)
                                                      0.081     0.110 r  u_rst_line/sync_reg[2]/Q
                         net (fo=40, routed)          0.593     0.703    u_ingress/u_fifo/wbin_reg[9]_0
    SLICE_X104Y482       FDCE                                         f  u_ingress/u_fifo/rq_reg[0][0]/CLR  (IS_INVERTED)
  -------------------------------------------------------------------    -------------------

                         (clock clk_line rise edge)
                                                      6.400     6.400 r  
                                                      0.000     6.400 r  clk_line (IN)
                         net (fo=138, unset)          0.021     6.421    u_ingress/u_fifo/clk_line
    SLICE_X104Y482       FDCE                                         r  u_ingress/u_fifo/rq_reg[0][0]/C
                         clock pessimism              0.000     6.421    
                         clock uncertainty           -0.135     6.286    
    SLICE_X104Y482       FDCE (Recov_DFF2_SLICEM_C_CLR)
                                                     -0.066     6.220    u_ingress/u_fifo/rq_reg[0][0]
  -------------------------------------------------------------------
                         required time                          6.220    
                         arrival time                          -0.703    
  -------------------------------------------------------------------
                         slack                                  5.516    

Slack (MET) :             5.516ns  (required time - arrival time)
  Source:                 u_rst_line/sync_reg[2]/C
                            (rising edge-triggered cell FDCE clocked by clk_line  {rise@0.000ns fall@3.200ns period=6.400ns})
  Destination:            u_ingress/u_fifo/rq_reg[1][0]/CLR
                            (recovery check against rising-edge clock clk_line  {rise@0.000ns fall@3.200ns period=6.400ns})
  Path Group:             **async_default**
  Path Type:              Recovery (Max at Slow Process Corner)
  Requirement:            6.400ns  (clk_line rise@6.400ns - clk_line rise@0.000ns)
  Data Path Delay:        0.674ns  (logic 0.081ns (12.012%)  route 0.593ns (87.988%))
  Logic Levels:           0  
  Clock Path Skew:        -0.008ns (DCD - SCD + CPR)
    Destination Clock Delay (DCD):    0.021ns = ( 6.421 - 6.400 ) 
    Source Clock Delay      (SCD):    0.029ns
    Clock Pessimism Removal (CPR):    0.000ns
  Clock Uncertainty:      0.135ns  ((TSJ^2 + TIJ^2)^1/2 + DJ) / 2 + PE + UU
    Total System Jitter     (TSJ):    0.071ns
    Total Input Jitter      (TIJ):    0.000ns
    Discrete Jitter          (DJ):    0.000ns
    Phase Error              (PE):    0.000ns
    User Uncertainty         (UU):    0.100ns

    Location             Delay type                Incr(ns)  Path(ns)    Netlist Resource(s)
  -------------------------------------------------------------------    -------------------
                         (clock clk_line rise edge)
                                                      0.000     0.000 r  
                                                      0.000     0.000 r  clk_line (IN)
                         net (fo=138, unset)          0.029     0.029    u_rst_line/clk_line
    SLICE_X103Y484       FDCE                                         r  u_rst_line/sync_reg[2]/C
  -------------------------------------------------------------------    -------------------
    SLICE_X103Y484       FDCE (Prop_FFF2_SLICEL_C_Q)
                                                      0.081     0.110 r  u_rst_line/sync_reg[2]/Q
                         net (fo=40, routed)          0.593     0.703    u_ingress/u_fifo/wbin_reg[9]_0
    SLICE_X104Y482       FDCE                                         f  u_ingress/u_fifo/rq_reg[1][0]/CLR  (IS_INVERTED)
  -------------------------------------------------------------------    -------------------

                         (clock clk_line rise edge)
                                                      6.400     6.400 r  
                                                      0.000     6.400 r  clk_line (IN)
                         net (fo=138, unset)          0.021     6.421    u_ingress/u_fifo/clk_line
    SLICE_X104Y482       FDCE                                         r  u_ingress/u_fifo/rq_reg[1][0]/C
                         clock pessimism              0.000     6.421    
                         clock uncertainty           -0.135     6.286    
    SLICE_X104Y482       FDCE (Recov_AFF2_SLICEM_C_CLR)
                                                     -0.066     6.220    u_ingress/u_fifo/rq_reg[1][0]
  -------------------------------------------------------------------
                         required time                          6.220    
                         arrival time                          -0.703    
  -------------------------------------------------------------------
                         slack                                  5.516    

Slack (MET) :             5.516ns  (required time - arrival time)
  Source:                 u_rst_line/sync_reg[2]/C
                            (rising edge-triggered cell FDCE clocked by clk_line  {rise@0.000ns fall@3.200ns period=6.400ns})
  Destination:            u_ingress/u_fifo/wgray_reg[1]/CLR
                            (recovery check against rising-edge clock clk_line  {rise@0.000ns fall@3.200ns period=6.400ns})
  Path Group:             **async_default**
  Path Type:              Recovery (Max at Slow Process Corner)
  Requirement:            6.400ns  (clk_line rise@6.400ns - clk_line rise@0.000ns)
  Data Path Delay:        0.674ns  (logic 0.081ns (12.012%)  route 0.593ns (87.988%))
  Logic Levels:           0  
  Clock Path Skew:        -0.008ns (DCD - SCD + CPR)
    Destination Clock Delay (DCD):    0.021ns = ( 6.421 - 6.400 ) 
    Source Clock Delay      (SCD):    0.029ns
    Clock Pessimism Removal (CPR):    0.000ns
  Clock Uncertainty:      0.135ns  ((TSJ^2 + TIJ^2)^1/2 + DJ) / 2 + PE + UU
    Total System Jitter     (TSJ):    0.071ns
    Total Input Jitter      (TIJ):    0.000ns
    Discrete Jitter          (DJ):    0.000ns
    Phase Error              (PE):    0.000ns
    User Uncertainty         (UU):    0.100ns

    Location             Delay type                Incr(ns)  Path(ns)    Netlist Resource(s)
  -------------------------------------------------------------------    -------------------
                         (clock clk_line rise edge)
                                                      0.000     0.000 r  
                                                      0.000     0.000 r  clk_line (IN)
                         net (fo=138, unset)          0.029     0.029    u_rst_line/clk_line
    SLICE_X103Y484       FDCE                                         r  u_rst_line/sync_reg[2]/C
  -------------------------------------------------------------------    -------------------
    SLICE_X103Y484       FDCE (Prop_FFF2_SLICEL_C_Q)
                                                      0.081     0.110 r  u_rst_line/sync_reg[2]/Q
                         net (fo=40, routed)          0.593     0.703    u_ingress/u_fifo/wbin_reg[9]_0
    SLICE_X104Y482       FDCE                                         f  u_ingress/u_fifo/wgray_reg[1]/CLR  (IS_INVERTED)
  -------------------------------------------------------------------    -------------------

                         (clock clk_line rise edge)
                                                      6.400     6.400 r  
                                                      0.000     6.400 r  clk_line (IN)
                         net (fo=138, unset)          0.021     6.421    u_ingress/u_fifo/clk_line
    SLICE_X104Y482       FDCE                                         r  u_ingress/u_fifo/wgray_reg[1]/C
                         clock pessimism              0.000     6.421    
                         clock uncertainty           -0.135     6.286    
    SLICE_X104Y482       FDCE (Recov_AFF_SLICEM_C_CLR)
                                                     -0.066     6.220    u_ingress/u_fifo/wgray_reg[1]
  -------------------------------------------------------------------
                         required time                          6.220    
                         arrival time                          -0.703    
  -------------------------------------------------------------------
                         slack                                  5.516    

Slack (MET) :             5.516ns  (required time - arrival time)
  Source:                 u_rst_line/sync_reg[2]/C
                            (rising edge-triggered cell FDCE clocked by clk_line  {rise@0.000ns fall@3.200ns period=6.400ns})
  Destination:            u_ingress/u_fifo/wgray_reg[2]/CLR
                            (recovery check against rising-edge clock clk_line  {rise@0.000ns fall@3.200ns period=6.400ns})
  Path Group:             **async_default**
  Path Type:              Recovery (Max at Slow Process Corner)
  Requirement:            6.400ns  (clk_line rise@6.400ns - clk_line rise@0.000ns)
  Data Path Delay:        0.674ns  (logic 0.081ns (12.012%)  route 0.593ns (87.988%))
  Logic Levels:           0  
  Clock Path Skew:        -0.008ns (DCD - SCD + CPR)
    Destination Clock Delay (DCD):    0.021ns = ( 6.421 - 6.400 ) 
    Source Clock Delay      (SCD):    0.029ns
    Clock Pessimism Removal (CPR):    0.000ns
  Clock Uncertainty:      0.135ns  ((TSJ^2 + TIJ^2)^1/2 + DJ) / 2 + PE + UU
    Total System Jitter     (TSJ):    0.071ns
    Total Input Jitter      (TIJ):    0.000ns
    Discrete Jitter          (DJ):    0.000ns
    Phase Error              (PE):    0.000ns
    User Uncertainty         (UU):    0.100ns

    Location             Delay type                Incr(ns)  Path(ns)    Netlist Resource(s)
  -------------------------------------------------------------------    -------------------
                         (clock clk_line rise edge)
                                                      0.000     0.000 r  
                                                      0.000     0.000 r  clk_line (IN)
                         net (fo=138, unset)          0.029     0.029    u_rst_line/clk_line
    SLICE_X103Y484       FDCE                                         r  u_rst_line/sync_reg[2]/C
  -------------------------------------------------------------------    -------------------
    SLICE_X103Y484       FDCE (Prop_FFF2_SLICEL_C_Q)
                                                      0.081     0.110 r  u_rst_line/sync_reg[2]/Q
                         net (fo=40, routed)          0.593     0.703    u_ingress/u_fifo/wbin_reg[9]_0
    SLICE_X104Y482       FDCE                                         f  u_ingress/u_fifo/wgray_reg[2]/CLR  (IS_INVERTED)
  -------------------------------------------------------------------    -------------------

                         (clock clk_line rise edge)
                                                      6.400     6.400 r  
                                                      0.000     6.400 r  clk_line (IN)
                         net (fo=138, unset)          0.021     6.421    u_ingress/u_fifo/clk_line
    SLICE_X104Y482       FDCE                                         r  u_ingress/u_fifo/wgray_reg[2]/C
                         clock pessimism              0.000     6.421    
                         clock uncertainty           -0.135     6.286    
    SLICE_X104Y482       FDCE (Recov_DFF_SLICEM_C_CLR)
                                                     -0.066     6.220    u_ingress/u_fifo/wgray_reg[2]
  -------------------------------------------------------------------
                         required time                          6.220    
                         arrival time                          -0.703    
  -------------------------------------------------------------------
                         slack                                  5.516    





Min Delay Paths
--------------------------------------------------------------------------------------
Slack (MET) :             0.112ns  (arrival time - required time)
  Source:                 u_rst_line/sync_reg[2]/C
                            (rising edge-triggered cell FDCE clocked by clk_line  {rise@0.000ns fall@3.200ns period=6.400ns})
  Destination:            u_ingress/u_fifo/full_reg/CLR
                            (removal check against rising-edge clock clk_line  {rise@0.000ns fall@3.200ns period=6.400ns})
  Path Group:             **async_default**
  Path Type:              Removal (Min at Fast Process Corner)
  Requirement:            0.000ns  (clk_line rise@0.000ns - clk_line rise@0.000ns)
  Data Path Delay:        0.198ns  (logic 0.040ns (20.250%)  route 0.158ns (79.750%))
  Logic Levels:           0  
  Clock Path Skew:        0.006ns (DCD - SCD - CPR)
    Destination Clock Delay (DCD):    0.019ns
    Source Clock Delay      (SCD):    0.013ns
    Clock Pessimism Removal (CPR):    -0.000ns
  Clock Uncertainty:      0.100ns  ((TSJ^2 + TIJ^2)^1/2 + DJ) / 2 + PE + UU
    Total System Jitter     (TSJ):    0.000ns
    Total Input Jitter      (TIJ):    0.000ns
    Discrete Jitter          (DJ):    0.000ns
    Phase Error              (PE):    0.000ns
    User Uncertainty         (UU):    0.100ns

    Location             Delay type                Incr(ns)  Path(ns)    Netlist Resource(s)
  -------------------------------------------------------------------    -------------------
                         (clock clk_line rise edge)
                                                      0.000     0.000 r  
                                                      0.000     0.000 r  clk_line (IN)
                         net (fo=138, unset)          0.013     0.013    u_rst_line/clk_line
    SLICE_X103Y484       FDCE                                         r  u_rst_line/sync_reg[2]/C
  -------------------------------------------------------------------    -------------------
    SLICE_X103Y484       FDCE (Prop_FFF2_SLICEL_C_Q)
                                                      0.040     0.053 r  u_rst_line/sync_reg[2]/Q
                         net (fo=40, routed)          0.158     0.211    u_ingress/u_fifo/wbin_reg[9]_0
    SLICE_X103Y482       FDCE                                         f  u_ingress/u_fifo/full_reg/CLR  (IS_INVERTED)
  -------------------------------------------------------------------    -------------------

                         (clock clk_line rise edge)
                                                      0.000     0.000 r  
                                                      0.000     0.000 r  clk_line (IN)
                         net (fo=138, unset)          0.019     0.019    u_ingress/u_fifo/clk_line
    SLICE_X103Y482       FDCE                                         r  u_ingress/u_fifo/full_reg/C
                         clock pessimism              0.000     0.019    
                         clock uncertainty            0.100     0.119    
    SLICE_X103Y482       FDCE (Remov_HFF_SLICEL_C_CLR)
                                                     -0.020     0.099    u_ingress/u_fifo/full_reg
  -------------------------------------------------------------------
                         required time                         -0.099    
                         arrival time                           0.211    
  -------------------------------------------------------------------
                         slack                                  0.112    

Slack (MET) :             0.112ns  (arrival time - required time)
  Source:                 u_rst_line/sync_reg[2]/C
                            (rising edge-triggered cell FDCE clocked by clk_line  {rise@0.000ns fall@3.200ns period=6.400ns})
  Destination:            u_ingress/u_fifo/rq_reg[0][5]/CLR
                            (removal check against rising-edge clock clk_line  {rise@0.000ns fall@3.200ns period=6.400ns})
  Path Group:             **async_default**
  Path Type:              Removal (Min at Fast Process Corner)
  Requirement:            0.000ns  (clk_line rise@0.000ns - clk_line rise@0.000ns)
  Data Path Delay:        0.198ns  (logic 0.040ns (20.250%)  route 0.158ns (79.750%))
  Logic Levels:           0  
  Clock Path Skew:        0.006ns (DCD - SCD - CPR)
    Destination Clock Delay (DCD):    0.019ns
    Source Clock Delay      (SCD):    0.013ns
    Clock Pessimism Removal (CPR):    -0.000ns
  Clock Uncertainty:      0.100ns  ((TSJ^2 + TIJ^2)^1/2 + DJ) / 2 + PE + UU
    Total System Jitter     (TSJ):    0.000ns
    Total Input Jitter      (TIJ):    0.000ns
    Discrete Jitter          (DJ):    0.000ns
    Phase Error              (PE):    0.000ns
    User Uncertainty         (UU):    0.100ns

    Location             Delay type                Incr(ns)  Path(ns)    Netlist Resource(s)
  -------------------------------------------------------------------    -------------------
                         (clock clk_line rise edge)
                                                      0.000     0.000 r  
                                                      0.000     0.000 r  clk_line (IN)
                         net (fo=138, unset)          0.013     0.013    u_rst_line/clk_line
    SLICE_X103Y484       FDCE                                         r  u_rst_line/sync_reg[2]/C
  -------------------------------------------------------------------    -------------------
    SLICE_X103Y484       FDCE (Prop_FFF2_SLICEL_C_Q)
                                                      0.040     0.053 r  u_rst_line/sync_reg[2]/Q
                         net (fo=40, routed)          0.158     0.211    u_ingress/u_fifo/wbin_reg[9]_0
    SLICE_X103Y482       FDCE                                         f  u_ingress/u_fifo/rq_reg[0][5]/CLR  (IS_INVERTED)
  -------------------------------------------------------------------    -------------------

                         (clock clk_line rise edge)
                                                      0.000     0.000 r  
                                                      0.000     0.000 r  clk_line (IN)
                         net (fo=138, unset)          0.019     0.019    u_ingress/u_fifo/clk_line
    SLICE_X103Y482       FDCE                                         r  u_ingress/u_fifo/rq_reg[0][5]/C
                         clock pessimism              0.000     0.019    
                         clock uncertainty            0.100     0.119    
    SLICE_X103Y482       FDCE (Remov_HFF2_SLICEL_C_CLR)
                                                     -0.020     0.099    u_ingress/u_fifo/rq_reg[0][5]
  -------------------------------------------------------------------
                         required time                         -0.099    
                         arrival time                           0.211    
  -------------------------------------------------------------------
                         slack                                  0.112    

Slack (MET) :             0.112ns  (arrival time - required time)
  Source:                 u_rst_line/sync_reg[2]/C
                            (rising edge-triggered cell FDCE clocked by clk_line  {rise@0.000ns fall@3.200ns period=6.400ns})
  Destination:            u_ingress/u_fifo/rq_reg[0][9]/CLR
                            (removal check against rising-edge clock clk_line  {rise@0.000ns fall@3.200ns period=6.400ns})
  Path Group:             **async_default**
  Path Type:              Removal (Min at Fast Process Corner)
  Requirement:            0.000ns  (clk_line rise@0.000ns - clk_line rise@0.000ns)
  Data Path Delay:        0.198ns  (logic 0.040ns (20.250%)  route 0.158ns (79.750%))
  Logic Levels:           0  
  Clock Path Skew:        0.006ns (DCD - SCD - CPR)
    Destination Clock Delay (DCD):    0.019ns
    Source Clock Delay      (SCD):    0.013ns
    Clock Pessimism Removal (CPR):    -0.000ns
  Clock Uncertainty:      0.100ns  ((TSJ^2 + TIJ^2)^1/2 + DJ) / 2 + PE + UU
    Total System Jitter     (TSJ):    0.000ns
    Total Input Jitter      (TIJ):    0.000ns
    Discrete Jitter          (DJ):    0.000ns
    Phase Error              (PE):    0.000ns
    User Uncertainty         (UU):    0.100ns

    Location             Delay type                Incr(ns)  Path(ns)    Netlist Resource(s)
  -------------------------------------------------------------------    -------------------
                         (clock clk_line rise edge)
                                                      0.000     0.000 r  
                                                      0.000     0.000 r  clk_line (IN)
                         net (fo=138, unset)          0.013     0.013    u_rst_line/clk_line
    SLICE_X103Y484       FDCE                                         r  u_rst_line/sync_reg[2]/C
  -------------------------------------------------------------------    -------------------
    SLICE_X103Y484       FDCE (Prop_FFF2_SLICEL_C_Q)
                                                      0.040     0.053 r  u_rst_line/sync_reg[2]/Q
                         net (fo=40, routed)          0.158     0.211    u_ingress/u_fifo/wbin_reg[9]_0
    SLICE_X103Y482       FDCE                                         f  u_ingress/u_fifo/rq_reg[0][9]/CLR  (IS_INVERTED)
  -------------------------------------------------------------------    -------------------

                         (clock clk_line rise edge)
                                                      0.000     0.000 r  
                                                      0.000     0.000 r  clk_line (IN)
                         net (fo=138, unset)          0.019     0.019    u_ingress/u_fifo/clk_line
    SLICE_X103Y482       FDCE                                         r  u_ingress/u_fifo/rq_reg[0][9]/C
                         clock pessimism              0.000     0.019    
                         clock uncertainty            0.100     0.119    
    SLICE_X103Y482       FDCE (Remov_GFF2_SLICEL_C_CLR)
                                                     -0.020     0.099    u_ingress/u_fifo/rq_reg[0][9]
  -------------------------------------------------------------------
                         required time                         -0.099    
                         arrival time                           0.211    
  -------------------------------------------------------------------
                         slack                                  0.112    

Slack (MET) :             0.112ns  (arrival time - required time)
  Source:                 u_rst_line/sync_reg[2]/C
                            (rising edge-triggered cell FDCE clocked by clk_line  {rise@0.000ns fall@3.200ns period=6.400ns})
  Destination:            u_ingress/u_fifo/rq_reg[1][5]/CLR
                            (removal check against rising-edge clock clk_line  {rise@0.000ns fall@3.200ns period=6.400ns})
  Path Group:             **async_default**
  Path Type:              Removal (Min at Fast Process Corner)
  Requirement:            0.000ns  (clk_line rise@0.000ns - clk_line rise@0.000ns)
  Data Path Delay:        0.198ns  (logic 0.040ns (20.250%)  route 0.158ns (79.750%))
  Logic Levels:           0  
  Clock Path Skew:        0.006ns (DCD - SCD - CPR)
    Destination Clock Delay (DCD):    0.019ns
    Source Clock Delay      (SCD):    0.013ns
    Clock Pessimism Removal (CPR):    -0.000ns
  Clock Uncertainty:      0.100ns  ((TSJ^2 + TIJ^2)^1/2 + DJ) / 2 + PE + UU
    Total System Jitter     (TSJ):    0.000ns
    Total Input Jitter      (TIJ):    0.000ns
    Discrete Jitter          (DJ):    0.000ns
    Phase Error              (PE):    0.000ns
    User Uncertainty         (UU):    0.100ns

    Location             Delay type                Incr(ns)  Path(ns)    Netlist Resource(s)
  -------------------------------------------------------------------    -------------------
                         (clock clk_line rise edge)
                                                      0.000     0.000 r  
                                                      0.000     0.000 r  clk_line (IN)
                         net (fo=138, unset)          0.013     0.013    u_rst_line/clk_line
    SLICE_X103Y484       FDCE                                         r  u_rst_line/sync_reg[2]/C
  -------------------------------------------------------------------    -------------------
    SLICE_X103Y484       FDCE (Prop_FFF2_SLICEL_C_Q)
                                                      0.040     0.053 r  u_rst_line/sync_reg[2]/Q
                         net (fo=40, routed)          0.158     0.211    u_ingress/u_fifo/wbin_reg[9]_0
    SLICE_X103Y482       FDCE                                         f  u_ingress/u_fifo/rq_reg[1][5]/CLR  (IS_INVERTED)
  -------------------------------------------------------------------    -------------------

                         (clock clk_line rise edge)
                                                      0.000     0.000 r  
                                                      0.000     0.000 r  clk_line (IN)
                         net (fo=138, unset)          0.019     0.019    u_ingress/u_fifo/clk_line
    SLICE_X103Y482       FDCE                                         r  u_ingress/u_fifo/rq_reg[1][5]/C
                         clock pessimism              0.000     0.019    
                         clock uncertainty            0.100     0.119    
    SLICE_X103Y482       FDCE (Remov_EFF2_SLICEL_C_CLR)
                                                     -0.020     0.099    u_ingress/u_fifo/rq_reg[1][5]
  -------------------------------------------------------------------
                         required time                         -0.099    
                         arrival time                           0.211    
  -------------------------------------------------------------------
                         slack                                  0.112    

Slack (MET) :             0.112ns  (arrival time - required time)
  Source:                 u_rst_line/sync_reg[2]/C
                            (rising edge-triggered cell FDCE clocked by clk_line  {rise@0.000ns fall@3.200ns period=6.400ns})
  Destination:            u_ingress/u_fifo/rq_reg[1][9]/CLR
                            (removal check against rising-edge clock clk_line  {rise@0.000ns fall@3.200ns period=6.400ns})
  Path Group:             **async_default**
  Path Type:              Removal (Min at Fast Process Corner)
  Requirement:            0.000ns  (clk_line rise@0.000ns - clk_line rise@0.000ns)
  Data Path Delay:        0.198ns  (logic 0.040ns (20.250%)  route 0.158ns (79.750%))
  Logic Levels:           0  
  Clock Path Skew:        0.006ns (DCD - SCD - CPR)
    Destination Clock Delay (DCD):    0.019ns
    Source Clock Delay      (SCD):    0.013ns
    Clock Pessimism Removal (CPR):    -0.000ns
  Clock Uncertainty:      0.100ns  ((TSJ^2 + TIJ^2)^1/2 + DJ) / 2 + PE + UU
    Total System Jitter     (TSJ):    0.000ns
    Total Input Jitter      (TIJ):    0.000ns
    Discrete Jitter          (DJ):    0.000ns
    Phase Error              (PE):    0.000ns
    User Uncertainty         (UU):    0.100ns

    Location             Delay type                Incr(ns)  Path(ns)    Netlist Resource(s)
  -------------------------------------------------------------------    -------------------
                         (clock clk_line rise edge)
                                                      0.000     0.000 r  
                                                      0.000     0.000 r  clk_line (IN)
                         net (fo=138, unset)          0.013     0.013    u_rst_line/clk_line
    SLICE_X103Y484       FDCE                                         r  u_rst_line/sync_reg[2]/C
  -------------------------------------------------------------------    -------------------
    SLICE_X103Y484       FDCE (Prop_FFF2_SLICEL_C_Q)
                                                      0.040     0.053 r  u_rst_line/sync_reg[2]/Q
                         net (fo=40, routed)          0.158     0.211    u_ingress/u_fifo/wbin_reg[9]_0
    SLICE_X103Y482       FDCE                                         f  u_ingress/u_fifo/rq_reg[1][9]/CLR  (IS_INVERTED)
  -------------------------------------------------------------------    -------------------

                         (clock clk_line rise edge)
                                                      0.000     0.000 r  
                                                      0.000     0.000 r  clk_line (IN)
                         net (fo=138, unset)          0.019     0.019    u_ingress/u_fifo/clk_line
    SLICE_X103Y482       FDCE                                         r  u_ingress/u_fifo/rq_reg[1][9]/C
                         clock pessimism              0.000     0.019    
                         clock uncertainty            0.100     0.119    
    SLICE_X103Y482       FDCE (Remov_FFF2_SLICEL_C_CLR)
                                                     -0.020     0.099    u_ingress/u_fifo/rq_reg[1][9]
  -------------------------------------------------------------------
                         required time                         -0.099    
                         arrival time                           0.211    
  -------------------------------------------------------------------
                         slack                                  0.112    

Slack (MET) :             0.112ns  (arrival time - required time)
  Source:                 u_rst_line/sync_reg[2]/C
                            (rising edge-triggered cell FDCE clocked by clk_line  {rise@0.000ns fall@3.200ns period=6.400ns})
  Destination:            u_ingress/u_fifo/wbin_reg[0]/CLR
                            (removal check against rising-edge clock clk_line  {rise@0.000ns fall@3.200ns period=6.400ns})
  Path Group:             **async_default**
  Path Type:              Removal (Min at Fast Process Corner)
  Requirement:            0.000ns  (clk_line rise@0.000ns - clk_line rise@0.000ns)
  Data Path Delay:        0.198ns  (logic 0.040ns (20.250%)  route 0.158ns (79.750%))
  Logic Levels:           0  
  Clock Path Skew:        0.006ns (DCD - SCD - CPR)
    Destination Clock Delay (DCD):    0.019ns
    Source Clock Delay      (SCD):    0.013ns
    Clock Pessimism Removal (CPR):    -0.000ns
  Clock Uncertainty:      0.100ns  ((TSJ^2 + TIJ^2)^1/2 + DJ) / 2 + PE + UU
    Total System Jitter     (TSJ):    0.000ns
    Total Input Jitter      (TIJ):    0.000ns
    Discrete Jitter          (DJ):    0.000ns
    Phase Error              (PE):    0.000ns
    User Uncertainty         (UU):    0.100ns

    Location             Delay type                Incr(ns)  Path(ns)    Netlist Resource(s)
  -------------------------------------------------------------------    -------------------
                         (clock clk_line rise edge)
                                                      0.000     0.000 r  
                                                      0.000     0.000 r  clk_line (IN)
                         net (fo=138, unset)          0.013     0.013    u_rst_line/clk_line
    SLICE_X103Y484       FDCE                                         r  u_rst_line/sync_reg[2]/C
  -------------------------------------------------------------------    -------------------
    SLICE_X103Y484       FDCE (Prop_FFF2_SLICEL_C_Q)
                                                      0.040     0.053 r  u_rst_line/sync_reg[2]/Q
                         net (fo=40, routed)          0.158     0.211    u_ingress/u_fifo/wbin_reg[9]_0
    SLICE_X103Y482       FDCE                                         f  u_ingress/u_fifo/wbin_reg[0]/CLR  (IS_INVERTED)
  -------------------------------------------------------------------    -------------------

                         (clock clk_line rise edge)
                                                      0.000     0.000 r  
                                                      0.000     0.000 r  clk_line (IN)
                         net (fo=138, unset)          0.019     0.019    u_ingress/u_fifo/clk_line
    SLICE_X103Y482       FDCE                                         r  u_ingress/u_fifo/wbin_reg[0]/C
                         clock pessimism              0.000     0.019    
                         clock uncertainty            0.100     0.119    
    SLICE_X103Y482       FDCE (Remov_EFF_SLICEL_C_CLR)
                                                     -0.020     0.099    u_ingress/u_fifo/wbin_reg[0]
  -------------------------------------------------------------------
                         required time                         -0.099    
                         arrival time                           0.211    
  -------------------------------------------------------------------
                         slack                                  0.112    

Slack (MET) :             0.112ns  (arrival time - required time)
  Source:                 u_rst_line/sync_reg[2]/C
                            (rising edge-triggered cell FDCE clocked by clk_line  {rise@0.000ns fall@3.200ns period=6.400ns})
  Destination:            u_ingress/u_fifo/wgray_reg[0]/CLR
                            (removal check against rising-edge clock clk_line  {rise@0.000ns fall@3.200ns period=6.400ns})
  Path Group:             **async_default**
  Path Type:              Removal (Min at Fast Process Corner)
  Requirement:            0.000ns  (clk_line rise@0.000ns - clk_line rise@0.000ns)
  Data Path Delay:        0.198ns  (logic 0.040ns (20.250%)  route 0.158ns (79.750%))
  Logic Levels:           0  
  Clock Path Skew:        0.006ns (DCD - SCD - CPR)
    Destination Clock Delay (DCD):    0.019ns
    Source Clock Delay      (SCD):    0.013ns
    Clock Pessimism Removal (CPR):    -0.000ns
  Clock Uncertainty:      0.100ns  ((TSJ^2 + TIJ^2)^1/2 + DJ) / 2 + PE + UU
    Total System Jitter     (TSJ):    0.000ns
    Total Input Jitter      (TIJ):    0.000ns
    Discrete Jitter          (DJ):    0.000ns
    Phase Error              (PE):    0.000ns
    User Uncertainty         (UU):    0.100ns

    Location             Delay type                Incr(ns)  Path(ns)    Netlist Resource(s)
  -------------------------------------------------------------------    -------------------
                         (clock clk_line rise edge)
                                                      0.000     0.000 r  
                                                      0.000     0.000 r  clk_line (IN)
                         net (fo=138, unset)          0.013     0.013    u_rst_line/clk_line
    SLICE_X103Y484       FDCE                                         r  u_rst_line/sync_reg[2]/C
  -------------------------------------------------------------------    -------------------
    SLICE_X103Y484       FDCE (Prop_FFF2_SLICEL_C_Q)
                                                      0.040     0.053 r  u_rst_line/sync_reg[2]/Q
                         net (fo=40, routed)          0.158     0.211    u_ingress/u_fifo/wbin_reg[9]_0
    SLICE_X103Y482       FDCE                                         f  u_ingress/u_fifo/wgray_reg[0]/CLR  (IS_INVERTED)
  -------------------------------------------------------------------    -------------------

                         (clock clk_line rise edge)
                                                      0.000     0.000 r  
                                                      0.000     0.000 r  clk_line (IN)
                         net (fo=138, unset)          0.019     0.019    u_ingress/u_fifo/clk_line
    SLICE_X103Y482       FDCE                                         r  u_ingress/u_fifo/wgray_reg[0]/C
                         clock pessimism              0.000     0.019    
                         clock uncertainty            0.100     0.119    
    SLICE_X103Y482       FDCE (Remov_FFF_SLICEL_C_CLR)
                                                     -0.020     0.099    u_ingress/u_fifo/wgray_reg[0]
  -------------------------------------------------------------------
                         required time                         -0.099    
                         arrival time                           0.211    
  -------------------------------------------------------------------
                         slack                                  0.112    

Slack (MET) :             0.142ns  (arrival time - required time)
  Source:                 u_rst_line/sync_reg[2]/C
                            (rising edge-triggered cell FDCE clocked by clk_line  {rise@0.000ns fall@3.200ns period=6.400ns})
  Destination:            u_ingress/u_fifo/rq_reg[0][6]/CLR
                            (removal check against rising-edge clock clk_line  {rise@0.000ns fall@3.200ns period=6.400ns})
  Path Group:             **async_default**
  Path Type:              Removal (Min at Fast Process Corner)
  Requirement:            0.000ns  (clk_line rise@0.000ns - clk_line rise@0.000ns)
  Data Path Delay:        0.228ns  (logic 0.040ns (17.529%)  route 0.188ns (82.471%))
  Logic Levels:           0  
  Clock Path Skew:        0.006ns (DCD - SCD - CPR)
    Destination Clock Delay (DCD):    0.019ns
    Source Clock Delay      (SCD):    0.013ns
    Clock Pessimism Removal (CPR):    -0.000ns
  Clock Uncertainty:      0.100ns  ((TSJ^2 + TIJ^2)^1/2 + DJ) / 2 + PE + UU
    Total System Jitter     (TSJ):    0.000ns
    Total Input Jitter      (TIJ):    0.000ns
    Discrete Jitter          (DJ):    0.000ns
    Phase Error              (PE):    0.000ns
    User Uncertainty         (UU):    0.100ns

    Location             Delay type                Incr(ns)  Path(ns)    Netlist Resource(s)
  -------------------------------------------------------------------    -------------------
                         (clock clk_line rise edge)
                                                      0.000     0.000 r  
                                                      0.000     0.000 r  clk_line (IN)
                         net (fo=138, unset)          0.013     0.013    u_rst_line/clk_line
    SLICE_X103Y484       FDCE                                         r  u_rst_line/sync_reg[2]/C
  -------------------------------------------------------------------    -------------------
    SLICE_X103Y484       FDCE (Prop_FFF2_SLICEL_C_Q)
                                                      0.040     0.053 r  u_rst_line/sync_reg[2]/Q
                         net (fo=40, routed)          0.188     0.241    u_ingress/u_fifo/wbin_reg[9]_0
    SLICE_X103Y481       FDCE                                         f  u_ingress/u_fifo/rq_reg[0][6]/CLR  (IS_INVERTED)
  -------------------------------------------------------------------    -------------------

                         (clock clk_line rise edge)
                                                      0.000     0.000 r  
                                                      0.000     0.000 r  clk_line (IN)
                         net (fo=138, unset)          0.019     0.019    u_ingress/u_fifo/clk_line
    SLICE_X103Y481       FDCE                                         r  u_ingress/u_fifo/rq_reg[0][6]/C
                         clock pessimism              0.000     0.019    
                         clock uncertainty            0.100     0.119    
    SLICE_X103Y481       FDCE (Remov_HFF2_SLICEL_C_CLR)
                                                     -0.020     0.099    u_ingress/u_fifo/rq_reg[0][6]
  -------------------------------------------------------------------
                         required time                         -0.099    
                         arrival time                           0.241    
  -------------------------------------------------------------------
                         slack                                  0.142    

Slack (MET) :             0.142ns  (arrival time - required time)
  Source:                 u_rst_line/sync_reg[2]/C
                            (rising edge-triggered cell FDCE clocked by clk_line  {rise@0.000ns fall@3.200ns period=6.400ns})
  Destination:            u_ingress/u_fifo/rq_reg[1][6]/CLR
                            (removal check against rising-edge clock clk_line  {rise@0.000ns fall@3.200ns period=6.400ns})
  Path Group:             **async_default**
  Path Type:              Removal (Min at Fast Process Corner)
  Requirement:            0.000ns  (clk_line rise@0.000ns - clk_line rise@0.000ns)
  Data Path Delay:        0.228ns  (logic 0.040ns (17.529%)  route 0.188ns (82.471%))
  Logic Levels:           0  
  Clock Path Skew:        0.006ns (DCD - SCD - CPR)
    Destination Clock Delay (DCD):    0.019ns
    Source Clock Delay      (SCD):    0.013ns
    Clock Pessimism Removal (CPR):    -0.000ns
  Clock Uncertainty:      0.100ns  ((TSJ^2 + TIJ^2)^1/2 + DJ) / 2 + PE + UU
    Total System Jitter     (TSJ):    0.000ns
    Total Input Jitter      (TIJ):    0.000ns
    Discrete Jitter          (DJ):    0.000ns
    Phase Error              (PE):    0.000ns
    User Uncertainty         (UU):    0.100ns

    Location             Delay type                Incr(ns)  Path(ns)    Netlist Resource(s)
  -------------------------------------------------------------------    -------------------
                         (clock clk_line rise edge)
                                                      0.000     0.000 r  
                                                      0.000     0.000 r  clk_line (IN)
                         net (fo=138, unset)          0.013     0.013    u_rst_line/clk_line
    SLICE_X103Y484       FDCE                                         r  u_rst_line/sync_reg[2]/C
  -------------------------------------------------------------------    -------------------
    SLICE_X103Y484       FDCE (Prop_FFF2_SLICEL_C_Q)
                                                      0.040     0.053 r  u_rst_line/sync_reg[2]/Q
                         net (fo=40, routed)          0.188     0.241    u_ingress/u_fifo/wbin_reg[9]_0
    SLICE_X103Y481       FDCE                                         f  u_ingress/u_fifo/rq_reg[1][6]/CLR  (IS_INVERTED)
  -------------------------------------------------------------------    -------------------

                         (clock clk_line rise edge)
                                                      0.000     0.000 r  
                                                      0.000     0.000 r  clk_line (IN)
                         net (fo=138, unset)          0.019     0.019    u_ingress/u_fifo/clk_line
    SLICE_X103Y481       FDCE                                         r  u_ingress/u_fifo/rq_reg[1][6]/C
                         clock pessimism              0.000     0.019    
                         clock uncertainty            0.100     0.119    
    SLICE_X103Y481       FDCE (Remov_EFF2_SLICEL_C_CLR)
                                                     -0.020     0.099    u_ingress/u_fifo/rq_reg[1][6]
  -------------------------------------------------------------------
                         required time                         -0.099    
                         arrival time                           0.241    
  -------------------------------------------------------------------
                         slack                                  0.142    

Slack (MET) :             0.142ns  (arrival time - required time)
  Source:                 u_rst_line/sync_reg[2]/C
                            (rising edge-triggered cell FDCE clocked by clk_line  {rise@0.000ns fall@3.200ns period=6.400ns})
  Destination:            u_ingress/u_fifo/wbin_reg[2]/CLR
                            (removal check against rising-edge clock clk_line  {rise@0.000ns fall@3.200ns period=6.400ns})
  Path Group:             **async_default**
  Path Type:              Removal (Min at Fast Process Corner)
  Requirement:            0.000ns  (clk_line rise@0.000ns - clk_line rise@0.000ns)
  Data Path Delay:        0.228ns  (logic 0.040ns (17.529%)  route 0.188ns (82.471%))
  Logic Levels:           0  
  Clock Path Skew:        0.006ns (DCD - SCD - CPR)
    Destination Clock Delay (DCD):    0.019ns
    Source Clock Delay      (SCD):    0.013ns
    Clock Pessimism Removal (CPR):    -0.000ns
  Clock Uncertainty:      0.100ns  ((TSJ^2 + TIJ^2)^1/2 + DJ) / 2 + PE + UU
    Total System Jitter     (TSJ):    0.000ns
    Total Input Jitter      (TIJ):    0.000ns
    Discrete Jitter          (DJ):    0.000ns
    Phase Error              (PE):    0.000ns
    User Uncertainty         (UU):    0.100ns

    Location             Delay type                Incr(ns)  Path(ns)    Netlist Resource(s)
  -------------------------------------------------------------------    -------------------
                         (clock clk_line rise edge)
                                                      0.000     0.000 r  
                                                      0.000     0.000 r  clk_line (IN)
                         net (fo=138, unset)          0.013     0.013    u_rst_line/clk_line
    SLICE_X103Y484       FDCE                                         r  u_rst_line/sync_reg[2]/C
  -------------------------------------------------------------------    -------------------
    SLICE_X103Y484       FDCE (Prop_FFF2_SLICEL_C_Q)
                                                      0.040     0.053 r  u_rst_line/sync_reg[2]/Q
                         net (fo=40, routed)          0.188     0.241    u_ingress/u_fifo/wbin_reg[9]_0
    SLICE_X103Y481       FDCE                                         f  u_ingress/u_fifo/wbin_reg[2]/CLR  (IS_INVERTED)
  -------------------------------------------------------------------    -------------------

                         (clock clk_line rise edge)
                                                      0.000     0.000 r  
                                                      0.000     0.000 r  clk_line (IN)
                         net (fo=138, unset)          0.019     0.019    u_ingress/u_fifo/clk_line
    SLICE_X103Y481       FDCE                                         r  u_ingress/u_fifo/wbin_reg[2]/C
                         clock pessimism              0.000     0.019    
                         clock uncertainty            0.100     0.119    
    SLICE_X103Y481       FDCE (Remov_EFF_SLICEL_C_CLR)
                                                     -0.020     0.099    u_ingress/u_fifo/wbin_reg[2]
  -------------------------------------------------------------------
                         required time                         -0.099    
                         arrival time                           0.241    
  -------------------------------------------------------------------
                         slack                                  0.142    





--------------------------------------------------------------------------------------
Path Group:  (none)
From Clock:  clk_core
  To Clock:  

Max Delay            74 Endpoints
Min Delay            74 Endpoints
--------------------------------------------------------------------------------------


Max Delay Paths
--------------------------------------------------------------------------------------
Slack:                    inf
  Source:                 u_axil_r/u_fifo/mem_reg_0_3_0_13/RAMF/CLK
                            (rising edge-triggered cell RAMD32 clocked by clk_core  {rise@0.000ns fall@2.000ns period=4.000ns})
  Destination:            s_axil_rdata[10]
                            (output port)
  Path Group:             (none)
  Path Type:              Max at Slow Process Corner
  Data Path Delay:        0.335ns  (logic 0.295ns (88.060%)  route 0.040ns (11.940%))
  Logic Levels:           0  
  Clock Uncertainty:      0.125ns  ((TSJ^2 + TIJ^2)^1/2 + DJ) / 2 + PE + UU
    Total System Jitter     (TSJ):    0.050ns
    Total Input Jitter      (TIJ):    0.000ns
    Discrete Jitter          (DJ):    0.000ns
    Phase Error              (PE):    0.000ns
    User Uncertainty         (UU):    0.100ns
  Timing Exception:       False Path

    Location             Delay type                Incr(ns)  Path(ns)    Netlist Resource(s)
  -------------------------------------------------------------------    -------------------
                         (clock clk_core rise edge)
                                                      0.000     0.000 r  
                                                      0.000     0.000 r  clk_core (IN)
                         net (fo=5569, unset)         0.057     0.057    u_axil_r/u_fifo/mem_reg_0_3_0_13/WCLK
    SLICE_X100Y566       RAMD32                                       r  u_axil_r/u_fifo/mem_reg_0_3_0_13/RAMF/CLK
  -------------------------------------------------------------------    -------------------
    SLICE_X100Y566       RAMD32 (Prop_F5LUT_SLICEM_CLK_O)
                                                      0.295     0.352 r  u_axil_r/u_fifo/mem_reg_0_3_0_13/RAMF/O
                         net (fo=0)                   0.040     0.392    s_axil_rdata[10]
                                                                      r  s_axil_rdata[10] (OUT)
  -------------------------------------------------------------------    -------------------

Slack:                    inf
  Source:                 u_axil_r/u_fifo/mem_reg_0_3_14_27/RAMF/CLK
                            (rising edge-triggered cell RAMD32 clocked by clk_core  {rise@0.000ns fall@2.000ns period=4.000ns})
  Destination:            s_axil_rdata[24]
                            (output port)
  Path Group:             (none)
  Path Type:              Max at Slow Process Corner
  Data Path Delay:        0.335ns  (logic 0.295ns (88.060%)  route 0.040ns (11.940%))
  Logic Levels:           0  
  Clock Uncertainty:      0.125ns  ((TSJ^2 + TIJ^2)^1/2 + DJ) / 2 + PE + UU
    Total System Jitter     (TSJ):    0.050ns
    Total Input Jitter      (TIJ):    0.000ns
    Discrete Jitter          (DJ):    0.000ns
    Phase Error              (PE):    0.000ns
    User Uncertainty         (UU):    0.100ns
  Timing Exception:       False Path

    Location             Delay type                Incr(ns)  Path(ns)    Netlist Resource(s)
  -------------------------------------------------------------------    -------------------
                         (clock clk_core rise edge)
                                                      0.000     0.000 r  
                                                      0.000     0.000 r  clk_core (IN)
                         net (fo=5569, unset)         0.057     0.057    u_axil_r/u_fifo/mem_reg_0_3_14_27/WCLK
    SLICE_X100Y579       RAMD32                                       r  u_axil_r/u_fifo/mem_reg_0_3_14_27/RAMF/CLK
  -------------------------------------------------------------------    -------------------
    SLICE_X100Y579       RAMD32 (Prop_F5LUT_SLICEM_CLK_O)
                                                      0.295     0.352 r  u_axil_r/u_fifo/mem_reg_0_3_14_27/RAMF/O
                         net (fo=0)                   0.040     0.392    s_axil_rdata[24]
                                                                      r  s_axil_rdata[24] (OUT)
  -------------------------------------------------------------------    -------------------

Slack:                    inf
  Source:                 u_axil_r/u_fifo/mem_reg_0_3_28_33/RAMB/CLK
                            (rising edge-triggered cell RAMD32 clocked by clk_core  {rise@0.000ns fall@2.000ns period=4.000ns})
  Destination:            s_axil_rdata[30]
                            (output port)
  Path Group:             (none)
  Path Type:              Max at Slow Process Corner
  Data Path Delay:        0.335ns  (logic 0.295ns (88.060%)  route 0.040ns (11.940%))
  Logic Levels:           0  
  Clock Uncertainty:      0.125ns  ((TSJ^2 + TIJ^2)^1/2 + DJ) / 2 + PE + UU
    Total System Jitter     (TSJ):    0.050ns
    Total Input Jitter      (TIJ):    0.000ns
    Discrete Jitter          (DJ):    0.000ns
    Phase Error              (PE):    0.000ns
    User Uncertainty         (UU):    0.100ns
  Timing Exception:       False Path

    Location             Delay type                Incr(ns)  Path(ns)    Netlist Resource(s)
  -------------------------------------------------------------------    -------------------
                         (clock clk_core rise edge)
                                                      0.000     0.000 r  
                                                      0.000     0.000 r  clk_core (IN)
                         net (fo=5569, unset)         0.057     0.057    u_axil_r/u_fifo/mem_reg_0_3_28_33/WCLK
    SLICE_X100Y578       RAMD32                                       r  u_axil_r/u_fifo/mem_reg_0_3_28_33/RAMB/CLK
  -------------------------------------------------------------------    -------------------
    SLICE_X100Y578       RAMD32 (Prop_F5LUT_SLICEM_CLK_O)
                                                      0.295     0.352 r  u_axil_r/u_fifo/mem_reg_0_3_28_33/RAMB/O
                         net (fo=0)                   0.040     0.392    s_axil_rdata[30]
                                                                      r  s_axil_rdata[30] (OUT)
  -------------------------------------------------------------------    -------------------

Slack:                    inf
  Source:                 u_axil_r/u_fifo/mem_reg_0_3_14_27/RAMB/CLK
                            (rising edge-triggered cell RAMD32 clocked by clk_core  {rise@0.000ns fall@2.000ns period=4.000ns})
  Destination:            s_axil_rdata[16]
                            (output port)
  Path Group:             (none)
  Path Type:              Max at Slow Process Corner
  Data Path Delay:        0.323ns  (logic 0.292ns (90.402%)  route 0.031ns (9.598%))
  Logic Levels:           0  
  Clock Uncertainty:      0.125ns  ((TSJ^2 + TIJ^2)^1/2 + DJ) / 2 + PE + UU
    Total System Jitter     (TSJ):    0.050ns
    Total Input Jitter      (TIJ):    0.000ns
    Discrete Jitter          (DJ):    0.000ns
    Phase Error              (PE):    0.000ns
    User Uncertainty         (UU):    0.100ns
  Timing Exception:       False Path

    Location             Delay type                Incr(ns)  Path(ns)    Netlist Resource(s)
  -------------------------------------------------------------------    -------------------
                         (clock clk_core rise edge)
                                                      0.000     0.000 r  
                                                      0.000     0.000 r  clk_core (IN)
                         net (fo=5569, unset)         0.057     0.057    u_axil_r/u_fifo/mem_reg_0_3_14_27/WCLK
    SLICE_X100Y579       RAMD32                                       r  u_axil_r/u_fifo/mem_reg_0_3_14_27/RAMB/CLK
  -------------------------------------------------------------------    -------------------
    SLICE_X100Y579       RAMD32 (Prop_B5LUT_SLICEM_CLK_O)
                                                      0.292     0.349 r  u_axil_r/u_fifo/mem_reg_0_3_14_27/RAMB/O
                         net (fo=0)                   0.031     0.380    s_axil_rdata[16]
                                                                      r  s_axil_rdata[16] (OUT)
  -------------------------------------------------------------------    -------------------

Slack:                    inf
  Source:                 u_axil_r/u_fifo/mem_reg_0_3_0_13/RAMB/CLK
                            (rising edge-triggered cell RAMD32 clocked by clk_core  {rise@0.000ns fall@2.000ns period=4.000ns})
  Destination:            s_axil_rdata[2]
                            (output port)
  Path Group:             (none)
  Path Type:              Max at Slow Process Corner
  Data Path Delay:        0.323ns  (logic 0.292ns (90.402%)  route 0.031ns (9.598%))
  Logic Levels:           0  
  Clock Uncertainty:      0.125ns  ((TSJ^2 + TIJ^2)^1/2 + DJ) / 2 + PE + UU
    Total System Jitter     (TSJ):    0.050ns
    Total Input Jitter      (TIJ):    0.000ns
    Discrete Jitter          (DJ):    0.000ns
    Phase Error              (PE):    0.000ns
    User Uncertainty         (UU):    0.100ns
  Timing Exception:       False Path

    Location             Delay type                Incr(ns)  Path(ns)    Netlist Resource(s)
  -------------------------------------------------------------------    -------------------
                         (clock clk_core rise edge)
                                                      0.000     0.000 r  
                                                      0.000     0.000 r  clk_core (IN)
                         net (fo=5569, unset)         0.057     0.057    u_axil_r/u_fifo/mem_reg_0_3_0_13/WCLK
    SLICE_X100Y566       RAMD32                                       r  u_axil_r/u_fifo/mem_reg_0_3_0_13/RAMB/CLK
  -------------------------------------------------------------------    -------------------
    SLICE_X100Y566       RAMD32 (Prop_B5LUT_SLICEM_CLK_O)
                                                      0.292     0.349 r  u_axil_r/u_fifo/mem_reg_0_3_0_13/RAMB/O
                         net (fo=0)                   0.031     0.380    s_axil_rdata[2]
                                                                      r  s_axil_rdata[2] (OUT)
  -------------------------------------------------------------------    -------------------

Slack:                    inf
  Source:                 u_axil_r/u_fifo/mem_reg_0_3_14_27/RAMC/CLK
                            (rising edge-triggered cell RAMD32 clocked by clk_core  {rise@0.000ns fall@2.000ns period=4.000ns})
  Destination:            s_axil_rdata[18]
                            (output port)
  Path Group:             (none)
  Path Type:              Max at Slow Process Corner
  Data Path Delay:        0.322ns  (logic 0.288ns (89.441%)  route 0.034ns (10.559%))
  Logic Levels:           0  
  Clock Uncertainty:      0.125ns  ((TSJ^2 + TIJ^2)^1/2 + DJ) / 2 + PE + UU
    Total System Jitter     (TSJ):    0.050ns
    Total Input Jitter      (TIJ):    0.000ns
    Discrete Jitter          (DJ):    0.000ns
    Phase Error              (PE):    0.000ns
    User Uncertainty         (UU):    0.100ns
  Timing Exception:       False Path

    Location             Delay type                Incr(ns)  Path(ns)    Netlist Resource(s)
  -------------------------------------------------------------------    -------------------
                         (clock clk_core rise edge)
                                                      0.000     0.000 r  
                                                      0.000     0.000 r  clk_core (IN)
                         net (fo=5569, unset)         0.057     0.057    u_axil_r/u_fifo/mem_reg_0_3_14_27/WCLK
    SLICE_X100Y579       RAMD32                                       r  u_axil_r/u_fifo/mem_reg_0_3_14_27/RAMC/CLK
  -------------------------------------------------------------------    -------------------
    SLICE_X100Y579       RAMD32 (Prop_C5LUT_SLICEM_CLK_O)
                                                      0.288     0.345 r  u_axil_r/u_fifo/mem_reg_0_3_14_27/RAMC/O
                         net (fo=0)                   0.034     0.379    s_axil_rdata[18]
                                                                      r  s_axil_rdata[18] (OUT)
  -------------------------------------------------------------------    -------------------

Slack:                    inf
  Source:                 u_axil_r/u_fifo/mem_reg_0_3_14_27/RAMD/CLK
                            (rising edge-triggered cell RAMD32 clocked by clk_core  {rise@0.000ns fall@2.000ns period=4.000ns})
  Destination:            s_axil_rdata[20]
                            (output port)
  Path Group:             (none)
  Path Type:              Max at Slow Process Corner
  Data Path Delay:        0.322ns  (logic 0.287ns (89.130%)  route 0.035ns (10.870%))
  Logic Levels:           0  
  Clock Uncertainty:      0.125ns  ((TSJ^2 + TIJ^2)^1/2 + DJ) / 2 + PE + UU
    Total System Jitter     (TSJ):    0.050ns
    Total Input Jitter      (TIJ):    0.000ns
    Discrete Jitter          (DJ):    0.000ns
    Phase Error              (PE):    0.000ns
    User Uncertainty         (UU):    0.100ns
  Timing Exception:       False Path

    Location             Delay type                Incr(ns)  Path(ns)    Netlist Resource(s)
  -------------------------------------------------------------------    -------------------
                         (clock clk_core rise edge)
                                                      0.000     0.000 r  
                                                      0.000     0.000 r  clk_core (IN)
                         net (fo=5569, unset)         0.057     0.057    u_axil_r/u_fifo/mem_reg_0_3_14_27/WCLK
    SLICE_X100Y579       RAMD32                                       r  u_axil_r/u_fifo/mem_reg_0_3_14_27/RAMD/CLK
  -------------------------------------------------------------------    -------------------
    SLICE_X100Y579       RAMD32 (Prop_D5LUT_SLICEM_CLK_O)
                                                      0.287     0.344 r  u_axil_r/u_fifo/mem_reg_0_3_14_27/RAMD/O
                         net (fo=0)                   0.035     0.379    s_axil_rdata[20]
                                                                      r  s_axil_rdata[20] (OUT)
  -------------------------------------------------------------------    -------------------

Slack:                    inf
  Source:                 u_axil_r/u_fifo/mem_reg_0_3_0_13/RAMC/CLK
                            (rising edge-triggered cell RAMD32 clocked by clk_core  {rise@0.000ns fall@2.000ns period=4.000ns})
  Destination:            s_axil_rdata[4]
                            (output port)
  Path Group:             (none)
  Path Type:              Max at Slow Process Corner
  Data Path Delay:        0.322ns  (logic 0.288ns (89.441%)  route 0.034ns (10.559%))
  Logic Levels:           0  
  Clock Uncertainty:      0.125ns  ((TSJ^2 + TIJ^2)^1/2 + DJ) / 2 + PE + UU
    Total System Jitter     (TSJ):    0.050ns
    Total Input Jitter      (TIJ):    0.000ns
    Discrete Jitter          (DJ):    0.000ns
    Phase Error              (PE):    0.000ns
    User Uncertainty         (UU):    0.100ns
  Timing Exception:       False Path

    Location             Delay type                Incr(ns)  Path(ns)    Netlist Resource(s)
  -------------------------------------------------------------------    -------------------
                         (clock clk_core rise edge)
                                                      0.000     0.000 r  
                                                      0.000     0.000 r  clk_core (IN)
                         net (fo=5569, unset)         0.057     0.057    u_axil_r/u_fifo/mem_reg_0_3_0_13/WCLK
    SLICE_X100Y566       RAMD32                                       r  u_axil_r/u_fifo/mem_reg_0_3_0_13/RAMC/CLK
  -------------------------------------------------------------------    -------------------
    SLICE_X100Y566       RAMD32 (Prop_C5LUT_SLICEM_CLK_O)
                                                      0.288     0.345 r  u_axil_r/u_fifo/mem_reg_0_3_0_13/RAMC/O
                         net (fo=0)                   0.034     0.379    s_axil_rdata[4]
                                                                      r  s_axil_rdata[4] (OUT)
  -------------------------------------------------------------------    -------------------

Slack:                    inf
  Source:                 u_axil_r/u_fifo/mem_reg_0_3_0_13/RAMD/CLK
                            (rising edge-triggered cell RAMD32 clocked by clk_core  {rise@0.000ns fall@2.000ns period=4.000ns})
  Destination:            s_axil_rdata[6]
                            (output port)
  Path Group:             (none)
  Path Type:              Max at Slow Process Corner
  Data Path Delay:        0.322ns  (logic 0.287ns (89.130%)  route 0.035ns (10.870%))
  Logic Levels:           0  
  Clock Uncertainty:      0.125ns  ((TSJ^2 + TIJ^2)^1/2 + DJ) / 2 + PE + UU
    Total System Jitter     (TSJ):    0.050ns
    Total Input Jitter      (TIJ):    0.000ns
    Discrete Jitter          (DJ):    0.000ns
    Phase Error              (PE):    0.000ns
    User Uncertainty         (UU):    0.100ns
  Timing Exception:       False Path

    Location             Delay type                Incr(ns)  Path(ns)    Netlist Resource(s)
  -------------------------------------------------------------------    -------------------
                         (clock clk_core rise edge)
                                                      0.000     0.000 r  
                                                      0.000     0.000 r  clk_core (IN)
                         net (fo=5569, unset)         0.057     0.057    u_axil_r/u_fifo/mem_reg_0_3_0_13/WCLK
    SLICE_X100Y566       RAMD32                                       r  u_axil_r/u_fifo/mem_reg_0_3_0_13/RAMD/CLK
  -------------------------------------------------------------------    -------------------
    SLICE_X100Y566       RAMD32 (Prop_D5LUT_SLICEM_CLK_O)
                                                      0.287     0.344 r  u_axil_r/u_fifo/mem_reg_0_3_0_13/RAMD/O
                         net (fo=0)                   0.035     0.379    s_axil_rdata[6]
                                                                      r  s_axil_rdata[6] (OUT)
  -------------------------------------------------------------------    -------------------

Slack:                    inf
  Source:                 u_axil_r/u_fifo/mem_reg_0_3_14_27/RAME/CLK
                            (rising edge-triggered cell RAMD32 clocked by clk_core  {rise@0.000ns fall@2.000ns period=4.000ns})
  Destination:            s_axil_rdata[22]
                            (output port)
  Path Group:             (none)
  Path Type:              Max at Slow Process Corner
  Data Path Delay:        0.318ns  (logic 0.288ns (90.566%)  route 0.030ns (9.434%))
  Logic Levels:           0  
  Clock Uncertainty:      0.125ns  ((TSJ^2 + TIJ^2)^1/2 + DJ) / 2 + PE + UU
    Total System Jitter     (TSJ):    0.050ns
    Total Input Jitter      (TIJ):    0.000ns
    Discrete Jitter          (DJ):    0.000ns
    Phase Error              (PE):    0.000ns
    User Uncertainty         (UU):    0.100ns
  Timing Exception:       False Path

    Location             Delay type                Incr(ns)  Path(ns)    Netlist Resource(s)
  -------------------------------------------------------------------    -------------------
                         (clock clk_core rise edge)
                                                      0.000     0.000 r  
                                                      0.000     0.000 r  clk_core (IN)
                         net (fo=5569, unset)         0.057     0.057    u_axil_r/u_fifo/mem_reg_0_3_14_27/WCLK
    SLICE_X100Y579       RAMD32                                       r  u_axil_r/u_fifo/mem_reg_0_3_14_27/RAME/CLK
  -------------------------------------------------------------------    -------------------
    SLICE_X100Y579       RAMD32 (Prop_E5LUT_SLICEM_CLK_O)
                                                      0.288     0.345 r  u_axil_r/u_fifo/mem_reg_0_3_14_27/RAME/O
                         net (fo=0)                   0.030     0.375    s_axil_rdata[22]
                                                                      r  s_axil_rdata[22] (OUT)
  -------------------------------------------------------------------    -------------------





Min Delay Paths
--------------------------------------------------------------------------------------
Slack:                    inf
  Source:                 u_egress/u_fifo/mem_reg_0_63_7_13/RAMG/CLK
                            (rising edge-triggered cell RAMD64E clocked by clk_core  {rise@0.000ns fall@2.000ns period=4.000ns})
  Destination:            m_axis_tdata[34]
                            (output port)
  Path Group:             (none)
  Path Type:              Min at Fast Process Corner
  Data Path Delay:        0.105ns  (logic 0.105ns (100.000%)  route 0.000ns (0.000%))
  Logic Levels:           0  
  Clock Uncertainty:      0.125ns  ((TSJ^2 + TIJ^2)^1/2 + DJ) / 2 + PE + UU
    Total System Jitter     (TSJ):    0.050ns
    Total Input Jitter      (TIJ):    0.000ns
    Discrete Jitter          (DJ):    0.000ns
    Phase Error              (PE):    0.000ns
    User Uncertainty         (UU):    0.100ns
  Timing Exception:       False Path

    Location             Delay type                Incr(ns)  Path(ns)    Netlist Resource(s)
  -------------------------------------------------------------------    -------------------
                         (clock clk_core rise edge)
                                                      0.000     0.000 r  
                                                      0.000     0.000 r  clk_core (IN)
                         net (fo=5569, unset)         0.029     0.029    u_egress/u_fifo/mem_reg_0_63_7_13/WCLK
    SLICE_X107Y551       RAMD64E                                      r  u_egress/u_fifo/mem_reg_0_63_7_13/RAMG/CLK
  -------------------------------------------------------------------    -------------------
    SLICE_X107Y551       RAMD64E (Prop_G6LUT_SLICEM_CLK_O)
                                                      0.105     0.134 r  u_egress/u_fifo/mem_reg_0_63_7_13/RAMG/O
                         net (fo=0)                   0.000     0.134    m_axis_tdata[34]
                                                                      r  m_axis_tdata[34] (OUT)
  -------------------------------------------------------------------    -------------------

Slack:                    inf
  Source:                 u_egress/u_fifo/mem_reg_0_63_35_41/RAMG/CLK
                            (rising edge-triggered cell RAMD64E clocked by clk_core  {rise@0.000ns fall@2.000ns period=4.000ns})
  Destination:            m_axis_tdata[41]
                            (output port)
  Path Group:             (none)
  Path Type:              Min at Fast Process Corner
  Data Path Delay:        0.105ns  (logic 0.105ns (100.000%)  route 0.000ns (0.000%))
  Logic Levels:           0  
  Clock Uncertainty:      0.125ns  ((TSJ^2 + TIJ^2)^1/2 + DJ) / 2 + PE + UU
    Total System Jitter     (TSJ):    0.050ns
    Total Input Jitter      (TIJ):    0.000ns
    Discrete Jitter          (DJ):    0.000ns
    Phase Error              (PE):    0.000ns
    User Uncertainty         (UU):    0.100ns
  Timing Exception:       False Path

    Location             Delay type                Incr(ns)  Path(ns)    Netlist Resource(s)
  -------------------------------------------------------------------    -------------------
                         (clock clk_core rise edge)
                                                      0.000     0.000 r  
                                                      0.000     0.000 r  clk_core (IN)
                         net (fo=5569, unset)         0.029     0.029    u_egress/u_fifo/mem_reg_0_63_35_41/WCLK
    SLICE_X107Y550       RAMD64E                                      r  u_egress/u_fifo/mem_reg_0_63_35_41/RAMG/CLK
  -------------------------------------------------------------------    -------------------
    SLICE_X107Y550       RAMD64E (Prop_G6LUT_SLICEM_CLK_O)
                                                      0.105     0.134 r  u_egress/u_fifo/mem_reg_0_63_35_41/RAMG/O
                         net (fo=0)                   0.000     0.134    m_axis_tdata[41]
                                                                      r  m_axis_tdata[41] (OUT)
  -------------------------------------------------------------------    -------------------

Slack:                    inf
  Source:                 u_egress/u_fifo/mem_reg_0_63_42_48/RAMG/CLK
                            (rising edge-triggered cell RAMD64E clocked by clk_core  {rise@0.000ns fall@2.000ns period=4.000ns})
  Destination:            m_axis_tdata[48]
                            (output port)
  Path Group:             (none)
  Path Type:              Min at Fast Process Corner
  Data Path Delay:        0.105ns  (logic 0.105ns (100.000%)  route 0.000ns (0.000%))
  Logic Levels:           0  
  Clock Uncertainty:      0.125ns  ((TSJ^2 + TIJ^2)^1/2 + DJ) / 2 + PE + UU
    Total System Jitter     (TSJ):    0.050ns
    Total Input Jitter      (TIJ):    0.000ns
    Discrete Jitter          (DJ):    0.000ns
    Phase Error              (PE):    0.000ns
    User Uncertainty         (UU):    0.100ns
  Timing Exception:       False Path

    Location             Delay type                Incr(ns)  Path(ns)    Netlist Resource(s)
  -------------------------------------------------------------------    -------------------
                         (clock clk_core rise edge)
                                                      0.000     0.000 r  
                                                      0.000     0.000 r  clk_core (IN)
                         net (fo=5569, unset)         0.029     0.029    u_egress/u_fifo/mem_reg_0_63_42_48/WCLK
    SLICE_X107Y553       RAMD64E                                      r  u_egress/u_fifo/mem_reg_0_63_42_48/RAMG/CLK
  -------------------------------------------------------------------    -------------------
    SLICE_X107Y553       RAMD64E (Prop_G6LUT_SLICEM_CLK_O)
                                                      0.105     0.134 r  u_egress/u_fifo/mem_reg_0_63_42_48/RAMG/O
                         net (fo=0)                   0.000     0.134    m_axis_tdata[48]
                                                                      r  m_axis_tdata[48] (OUT)
  -------------------------------------------------------------------    -------------------

Slack:                    inf
  Source:                 u_egress/u_fifo/mem_reg_0_63_49_55/RAMG/CLK
                            (rising edge-triggered cell RAMD64E clocked by clk_core  {rise@0.000ns fall@2.000ns period=4.000ns})
  Destination:            m_axis_tdata[55]
                            (output port)
  Path Group:             (none)
  Path Type:              Min at Fast Process Corner
  Data Path Delay:        0.105ns  (logic 0.105ns (100.000%)  route 0.000ns (0.000%))
  Logic Levels:           0  
  Clock Uncertainty:      0.125ns  ((TSJ^2 + TIJ^2)^1/2 + DJ) / 2 + PE + UU
    Total System Jitter     (TSJ):    0.050ns
    Total Input Jitter      (TIJ):    0.000ns
    Discrete Jitter          (DJ):    0.000ns
    Phase Error              (PE):    0.000ns
    User Uncertainty         (UU):    0.100ns
  Timing Exception:       False Path

    Location             Delay type                Incr(ns)  Path(ns)    Netlist Resource(s)
  -------------------------------------------------------------------    -------------------
                         (clock clk_core rise edge)
                                                      0.000     0.000 r  
                                                      0.000     0.000 r  clk_core (IN)
                         net (fo=5569, unset)         0.029     0.029    u_egress/u_fifo/mem_reg_0_63_49_55/WCLK
    SLICE_X107Y555       RAMD64E                                      r  u_egress/u_fifo/mem_reg_0_63_49_55/RAMG/CLK
  -------------------------------------------------------------------    -------------------
    SLICE_X107Y555       RAMD64E (Prop_G6LUT_SLICEM_CLK_O)
                                                      0.105     0.134 r  u_egress/u_fifo/mem_reg_0_63_49_55/RAMG/O
                         net (fo=0)                   0.000     0.134    m_axis_tdata[55]
                                                                      r  m_axis_tdata[55] (OUT)
  -------------------------------------------------------------------    -------------------

Slack:                    inf
  Source:                 u_egress/u_fifo/mem_reg_0_63_56_62/RAMG/CLK
                            (rising edge-triggered cell RAMD64E clocked by clk_core  {rise@0.000ns fall@2.000ns period=4.000ns})
  Destination:            m_axis_tdata[62]
                            (output port)
  Path Group:             (none)
  Path Type:              Min at Fast Process Corner
  Data Path Delay:        0.105ns  (logic 0.105ns (100.000%)  route 0.000ns (0.000%))
  Logic Levels:           0  
  Clock Uncertainty:      0.125ns  ((TSJ^2 + TIJ^2)^1/2 + DJ) / 2 + PE + UU
    Total System Jitter     (TSJ):    0.050ns
    Total Input Jitter      (TIJ):    0.000ns
    Discrete Jitter          (DJ):    0.000ns
    Phase Error              (PE):    0.000ns
    User Uncertainty         (UU):    0.100ns
  Timing Exception:       False Path

    Location             Delay type                Incr(ns)  Path(ns)    Netlist Resource(s)
  -------------------------------------------------------------------    -------------------
                         (clock clk_core rise edge)
                                                      0.000     0.000 r  
                                                      0.000     0.000 r  clk_core (IN)
                         net (fo=5569, unset)         0.029     0.029    u_egress/u_fifo/mem_reg_0_63_56_62/WCLK
    SLICE_X107Y554       RAMD64E                                      r  u_egress/u_fifo/mem_reg_0_63_56_62/RAMG/CLK
  -------------------------------------------------------------------    -------------------
    SLICE_X107Y554       RAMD64E (Prop_G6LUT_SLICEM_CLK_O)
                                                      0.105     0.134 r  u_egress/u_fifo/mem_reg_0_63_56_62/RAMG/O
                         net (fo=0)                   0.000     0.134    m_axis_tdata[62]
                                                                      r  m_axis_tdata[62] (OUT)
  -------------------------------------------------------------------    -------------------

Slack:                    inf
  Source:                 u_egress/u_fifo/mem_reg_0_63_70_72/RAMG/CLK
                            (rising edge-triggered cell RAMD64E clocked by clk_core  {rise@0.000ns fall@2.000ns period=4.000ns})
  Destination:            m_axis_tdata[6]
                            (output port)
  Path Group:             (none)
  Path Type:              Min at Fast Process Corner
  Data Path Delay:        0.105ns  (logic 0.105ns (100.000%)  route 0.000ns (0.000%))
  Logic Levels:           0  
  Clock Uncertainty:      0.125ns  ((TSJ^2 + TIJ^2)^1/2 + DJ) / 2 + PE + UU
    Total System Jitter     (TSJ):    0.050ns
    Total Input Jitter      (TIJ):    0.000ns
    Discrete Jitter          (DJ):    0.000ns
    Phase Error              (PE):    0.000ns
    User Uncertainty         (UU):    0.100ns
  Timing Exception:       False Path

    Location             Delay type                Incr(ns)  Path(ns)    Netlist Resource(s)
  -------------------------------------------------------------------    -------------------
                         (clock clk_core rise edge)
                                                      0.000     0.000 r  
                                                      0.000     0.000 r  clk_core (IN)
                         net (fo=5569, unset)         0.029     0.029    u_egress/u_fifo/mem_reg_0_63_70_72/WCLK
    SLICE_X102Y552       RAMD64E                                      r  u_egress/u_fifo/mem_reg_0_63_70_72/RAMG/CLK
  -------------------------------------------------------------------    -------------------
    SLICE_X102Y552       RAMD64E (Prop_G6LUT_SLICEM_CLK_O)
                                                      0.105     0.134 r  u_egress/u_fifo/mem_reg_0_63_70_72/RAMG/O
                         net (fo=0)                   0.000     0.134    m_axis_tdata[6]
                                                                      r  m_axis_tdata[6] (OUT)
  -------------------------------------------------------------------    -------------------

Slack:                    inf
  Source:                 u_axil_r/u_fifo/mem_reg_0_3_0_13/RAMG_D1/CLK
                            (rising edge-triggered cell RAMD32 clocked by clk_core  {rise@0.000ns fall@2.000ns period=4.000ns})
  Destination:            s_axil_rdata[13]
                            (output port)
  Path Group:             (none)
  Path Type:              Min at Fast Process Corner
  Data Path Delay:        0.105ns  (logic 0.105ns (100.000%)  route 0.000ns (0.000%))
  Logic Levels:           0  
  Clock Uncertainty:      0.125ns  ((TSJ^2 + TIJ^2)^1/2 + DJ) / 2 + PE + UU
    Total System Jitter     (TSJ):    0.050ns
    Total Input Jitter      (TIJ):    0.000ns
    Discrete Jitter          (DJ):    0.000ns
    Phase Error              (PE):    0.000ns
    User Uncertainty         (UU):    0.100ns
  Timing Exception:       False Path

    Location             Delay type                Incr(ns)  Path(ns)    Netlist Resource(s)
  -------------------------------------------------------------------    -------------------
                         (clock clk_core rise edge)
                                                      0.000     0.000 r  
                                                      0.000     0.000 r  clk_core (IN)
                         net (fo=5569, unset)         0.029     0.029    u_axil_r/u_fifo/mem_reg_0_3_0_13/WCLK
    SLICE_X100Y566       RAMD32                                       r  u_axil_r/u_fifo/mem_reg_0_3_0_13/RAMG_D1/CLK
  -------------------------------------------------------------------    -------------------
    SLICE_X100Y566       RAMD32 (Prop_G6LUT_SLICEM_CLK_O)
                                                      0.105     0.134 r  u_axil_r/u_fifo/mem_reg_0_3_0_13/RAMG_D1/O
                         net (fo=0)                   0.000     0.134    s_axil_rdata[13]
                                                                      r  s_axil_rdata[13] (OUT)
  -------------------------------------------------------------------    -------------------

Slack:                    inf
  Source:                 u_axil_r/u_fifo/mem_reg_0_3_14_27/RAMG_D1/CLK
                            (rising edge-triggered cell RAMD32 clocked by clk_core  {rise@0.000ns fall@2.000ns period=4.000ns})
  Destination:            s_axil_rdata[27]
                            (output port)
  Path Group:             (none)
  Path Type:              Min at Fast Process Corner
  Data Path Delay:        0.105ns  (logic 0.105ns (100.000%)  route 0.000ns (0.000%))
  Logic Levels:           0  
  Clock Uncertainty:      0.125ns  ((TSJ^2 + TIJ^2)^1/2 + DJ) / 2 + PE + UU
    Total System Jitter     (TSJ):    0.050ns
    Total Input Jitter      (TIJ):    0.000ns
    Discrete Jitter          (DJ):    0.000ns
    Phase Error              (PE):    0.000ns
    User Uncertainty         (UU):    0.100ns
  Timing Exception:       False Path

    Location             Delay type                Incr(ns)  Path(ns)    Netlist Resource(s)
  -------------------------------------------------------------------    -------------------
                         (clock clk_core rise edge)
                                                      0.000     0.000 r  
                                                      0.000     0.000 r  clk_core (IN)
                         net (fo=5569, unset)         0.029     0.029    u_axil_r/u_fifo/mem_reg_0_3_14_27/WCLK
    SLICE_X100Y579       RAMD32                                       r  u_axil_r/u_fifo/mem_reg_0_3_14_27/RAMG_D1/CLK
  -------------------------------------------------------------------    -------------------
    SLICE_X100Y579       RAMD32 (Prop_G6LUT_SLICEM_CLK_O)
                                                      0.105     0.134 r  u_axil_r/u_fifo/mem_reg_0_3_14_27/RAMG_D1/O
                         net (fo=0)                   0.000     0.134    s_axil_rdata[27]
                                                                      r  s_axil_rdata[27] (OUT)
  -------------------------------------------------------------------    -------------------

Slack:                    inf
  Source:                 u_egress/u_fifo/mem_reg_0_63_7_13/RAME/CLK
                            (rising edge-triggered cell RAMD64E clocked by clk_core  {rise@0.000ns fall@2.000ns period=4.000ns})
  Destination:            m_axis_tdata[32]
                            (output port)
  Path Group:             (none)
  Path Type:              Min at Fast Process Corner
  Data Path Delay:        0.108ns  (logic 0.108ns (100.000%)  route 0.000ns (0.000%))
  Logic Levels:           0  
  Clock Uncertainty:      0.125ns  ((TSJ^2 + TIJ^2)^1/2 + DJ) / 2 + PE + UU
    Total System Jitter     (TSJ):    0.050ns
    Total Input Jitter      (TIJ):    0.000ns
    Discrete Jitter          (DJ):    0.000ns
    Phase Error              (PE):    0.000ns
    User Uncertainty         (UU):    0.100ns
  Timing Exception:       False Path

    Location             Delay type                Incr(ns)  Path(ns)    Netlist Resource(s)
  -------------------------------------------------------------------    -------------------
                         (clock clk_core rise edge)
                                                      0.000     0.000 r  
                                                      0.000     0.000 r  clk_core (IN)
                         net (fo=5569, unset)         0.029     0.029    u_egress/u_fifo/mem_reg_0_63_7_13/WCLK
    SLICE_X107Y551       RAMD64E                                      r  u_egress/u_fifo/mem_reg_0_63_7_13/RAME/CLK
  -------------------------------------------------------------------    -------------------
    SLICE_X107Y551       RAMD64E (Prop_E6LUT_SLICEM_CLK_O)
                                                      0.108     0.137 r  u_egress/u_fifo/mem_reg_0_63_7_13/RAME/O
                         net (fo=0)                   0.000     0.137    m_axis_tdata[32]
                                                                      r  m_axis_tdata[32] (OUT)
  -------------------------------------------------------------------    -------------------

Slack:                    inf
  Source:                 u_egress/u_fifo/mem_reg_0_63_35_41/RAME/CLK
                            (rising edge-triggered cell RAMD64E clocked by clk_core  {rise@0.000ns fall@2.000ns period=4.000ns})
  Destination:            m_axis_tdata[39]
                            (output port)
  Path Group:             (none)
  Path Type:              Min at Fast Process Corner
  Data Path Delay:        0.108ns  (logic 0.108ns (100.000%)  route 0.000ns (0.000%))
  Logic Levels:           0  
  Clock Uncertainty:      0.125ns  ((TSJ^2 + TIJ^2)^1/2 + DJ) / 2 + PE + UU
    Total System Jitter     (TSJ):    0.050ns
    Total Input Jitter      (TIJ):    0.000ns
    Discrete Jitter          (DJ):    0.000ns
    Phase Error              (PE):    0.000ns
    User Uncertainty         (UU):    0.100ns
  Timing Exception:       False Path

    Location             Delay type                Incr(ns)  Path(ns)    Netlist Resource(s)
  -------------------------------------------------------------------    -------------------
                         (clock clk_core rise edge)
                                                      0.000     0.000 r  
                                                      0.000     0.000 r  clk_core (IN)
                         net (fo=5569, unset)         0.029     0.029    u_egress/u_fifo/mem_reg_0_63_35_41/WCLK
    SLICE_X107Y550       RAMD64E                                      r  u_egress/u_fifo/mem_reg_0_63_35_41/RAME/CLK
  -------------------------------------------------------------------    -------------------
    SLICE_X107Y550       RAMD64E (Prop_E6LUT_SLICEM_CLK_O)
                                                      0.108     0.137 r  u_egress/u_fifo/mem_reg_0_63_35_41/RAME/O
                         net (fo=0)                   0.000     0.137    m_axis_tdata[39]
                                                                      r  m_axis_tdata[39] (OUT)
  -------------------------------------------------------------------    -------------------





--------------------------------------------------------------------------------------
Path Group:  (none)
From Clock:  clk_host
  To Clock:  

Max Delay            86 Endpoints
Min Delay            86 Endpoints
--------------------------------------------------------------------------------------


Max Delay Paths
--------------------------------------------------------------------------------------
Slack:                    inf
  Source:                 u_egress/u_fifo/rbin_reg[3]/C
                            (rising edge-triggered cell FDCE clocked by clk_host  {rise@0.000ns fall@4.000ns period=8.000ns})
  Destination:            m_axis_tdata[58]
                            (output port)
  Path Group:             (none)
  Path Type:              Max at Slow Process Corner
  Data Path Delay:        1.390ns  (logic 0.167ns (12.011%)  route 1.223ns (87.989%))
  Logic Levels:           1  (RAMD64E=1)
  Clock Uncertainty:      0.125ns  ((TSJ^2 + TIJ^2)^1/2 + DJ) / 2 + PE + UU
    Total System Jitter     (TSJ):    0.050ns
    Total Input Jitter      (TIJ):    0.000ns
    Discrete Jitter          (DJ):    0.000ns
    Phase Error              (PE):    0.000ns
    User Uncertainty         (UU):    0.100ns
  Timing Exception:       False Path

    Location             Delay type                Incr(ns)  Path(ns)    Netlist Resource(s)
  -------------------------------------------------------------------    -------------------
                         (clock clk_host rise edge)
                                                      0.000     0.000 r  
                                                      0.000     0.000 r  clk_host (IN)
                         net (fo=145, unset)          0.029     0.029    u_egress/u_fifo/clk_host
    SLICE_X101Y552       FDCE                                         r  u_egress/u_fifo/rbin_reg[3]/C
  -------------------------------------------------------------------    -------------------
    SLICE_X101Y552       FDCE (Prop_FFF_SLICEL_C_Q)
                                                      0.079     0.108 r  u_egress/u_fifo/rbin_reg[3]/Q
                         net (fo=46, routed)          1.223     1.331    u_egress/u_fifo/mem_reg_0_63_56_62/ADDRC3
    SLICE_X107Y554       RAMD64E (Prop_C6LUT_SLICEM_RADR3_O)
                                                      0.088     1.419 r  u_egress/u_fifo/mem_reg_0_63_56_62/RAMC/O
                         net (fo=0)                   0.000     1.419    m_axis_tdata[58]
                                                                      r  m_axis_tdata[58] (OUT)
  -------------------------------------------------------------------    -------------------

Slack:                    inf
  Source:                 u_egress/u_fifo/rbin_reg[3]/C
                            (rising edge-triggered cell FDCE clocked by clk_host  {rise@0.000ns fall@4.000ns period=8.000ns})
  Destination:            m_axis_tdata[59]
                            (output port)
  Path Group:             (none)
  Path Type:              Max at Slow Process Corner
  Data Path Delay:        1.390ns  (logic 0.167ns (12.011%)  route 1.223ns (87.989%))
  Logic Levels:           1  (RAMD64E=1)
  Clock Uncertainty:      0.125ns  ((TSJ^2 + TIJ^2)^1/2 + DJ) / 2 + PE + UU
    Total System Jitter     (TSJ):    0.050ns
    Total Input Jitter      (TIJ):    0.000ns
    Discrete Jitter          (DJ):    0.000ns
    Phase Error              (PE):    0.000ns
    User Uncertainty         (UU):    0.100ns
  Timing Exception:       False Path

    Location             Delay type                Incr(ns)  Path(ns)    Netlist Resource(s)
  -------------------------------------------------------------------    -------------------
                         (clock clk_host rise edge)
                                                      0.000     0.000 r  
                                                      0.000     0.000 r  clk_host (IN)
                         net (fo=145, unset)          0.029     0.029    u_egress/u_fifo/clk_host
    SLICE_X101Y552       FDCE                                         r  u_egress/u_fifo/rbin_reg[3]/C
  -------------------------------------------------------------------    -------------------
    SLICE_X101Y552       FDCE (Prop_FFF_SLICEL_C_Q)
                                                      0.079     0.108 r  u_egress/u_fifo/rbin_reg[3]/Q
                         net (fo=46, routed)          1.223     1.331    u_egress/u_fifo/mem_reg_0_63_56_62/ADDRD3
    SLICE_X107Y554       RAMD64E (Prop_D6LUT_SLICEM_RADR3_O)
                                                      0.088     1.419 r  u_egress/u_fifo/mem_reg_0_63_56_62/RAMD/O
                         net (fo=0)                   0.000     1.419    m_axis_tdata[59]
                                                                      r  m_axis_tdata[59] (OUT)
  -------------------------------------------------------------------    -------------------

Slack:                    inf
  Source:                 u_egress/u_fifo/rbin_reg[3]/C
                            (rising edge-triggered cell FDCE clocked by clk_host  {rise@0.000ns fall@4.000ns period=8.000ns})
  Destination:            m_axis_tdata[61]
                            (output port)
  Path Group:             (none)
  Path Type:              Max at Slow Process Corner
  Data Path Delay:        1.368ns  (logic 0.167ns (12.205%)  route 1.201ns (87.795%))
  Logic Levels:           1  (RAMD64E=1)
  Clock Uncertainty:      0.125ns  ((TSJ^2 + TIJ^2)^1/2 + DJ) / 2 + PE + UU
    Total System Jitter     (TSJ):    0.050ns
    Total Input Jitter      (TIJ):    0.000ns
    Discrete Jitter          (DJ):    0.000ns
    Phase Error              (PE):    0.000ns
    User Uncertainty         (UU):    0.100ns
  Timing Exception:       False Path

    Location             Delay type                Incr(ns)  Path(ns)    Netlist Resource(s)
  -------------------------------------------------------------------    -------------------
                         (clock clk_host rise edge)
                                                      0.000     0.000 r  
                                                      0.000     0.000 r  clk_host (IN)
                         net (fo=145, unset)          0.029     0.029    u_egress/u_fifo/clk_host
    SLICE_X101Y552       FDCE                                         r  u_egress/u_fifo/rbin_reg[3]/C
  -------------------------------------------------------------------    -------------------
    SLICE_X101Y552       FDCE (Prop_FFF_SLICEL_C_Q)
                                                      0.079     0.108 r  u_egress/u_fifo/rbin_reg[3]/Q
                         net (fo=46, routed)          1.201     1.309    u_egress/u_fifo/mem_reg_0_63_56_62/ADDRF3
    SLICE_X107Y554       RAMD64E (Prop_F6LUT_SLICEM_RADR3_O)
                                                      0.088     1.397 r  u_egress/u_fifo/mem_reg_0_63_56_62/RAMF/O
                         net (fo=0)                   0.000     1.397    m_axis_tdata[61]
                                                                      r  m_axis_tdata[61] (OUT)
  -------------------------------------------------------------------    -------------------

Slack:                    inf
  Source:                 u_egress/u_fifo/rbin_reg[2]/C
                            (rising edge-triggered cell FDCE clocked by clk_host  {rise@0.000ns fall@4.000ns period=8.000ns})
  Destination:            m_axis_tdata[38]
                            (output port)
  Path Group:             (none)
  Path Type:              Max at Slow Process Corner
  Data Path Delay:        1.347ns  (logic 0.179ns (13.294%)  route 1.168ns (86.706%))
  Logic Levels:           1  (RAMD64E=1)
  Clock Uncertainty:      0.125ns  ((TSJ^2 + TIJ^2)^1/2 + DJ) / 2 + PE + UU
    Total System Jitter     (TSJ):    0.050ns
    Total Input Jitter      (TIJ):    0.000ns
    Discrete Jitter          (DJ):    0.000ns
    Phase Error              (PE):    0.000ns
    User Uncertainty         (UU):    0.100ns
  Timing Exception:       False Path

    Location             Delay type                Incr(ns)  Path(ns)    Netlist Resource(s)
  -------------------------------------------------------------------    -------------------
                         (clock clk_host rise edge)
                                                      0.000     0.000 r  
                                                      0.000     0.000 r  clk_host (IN)
                         net (fo=145, unset)          0.029     0.029    u_egress/u_fifo/clk_host
    SLICE_X101Y552       FDCE                                         r  u_egress/u_fifo/rbin_reg[2]/C
  -------------------------------------------------------------------    -------------------
    SLICE_X101Y552       FDCE (Prop_HFF2_SLICEL_C_Q)
                                                      0.080     0.109 r  u_egress/u_fifo/rbin_reg[2]/Q
                         net (fo=48, routed)          1.168     1.277    u_egress/u_fifo/mem_reg_0_63_35_41/ADDRD2
    SLICE_X107Y550       RAMD64E (Prop_D6LUT_SLICEM_RADR2_O)
                                                      0.099     1.376 r  u_egress/u_fifo/mem_reg_0_63_35_41/RAMD/O
                         net (fo=0)                   0.000     1.376    m_axis_tdata[38]
                                                                      r  m_axis_tdata[38] (OUT)
  -------------------------------------------------------------------    -------------------

Slack:                    inf
  Source:                 u_egress/u_fifo/rbin_reg[2]/C
                            (rising edge-triggered cell FDCE clocked by clk_host  {rise@0.000ns fall@4.000ns period=8.000ns})
  Destination:            m_axis_tdata[37]
                            (output port)
  Path Group:             (none)
  Path Type:              Max at Slow Process Corner
  Data Path Delay:        1.343ns  (logic 0.178ns (13.259%)  route 1.165ns (86.741%))
  Logic Levels:           1  (RAMD64E=1)
  Clock Uncertainty:      0.125ns  ((TSJ^2 + TIJ^2)^1/2 + DJ) / 2 + PE + UU
    Total System Jitter     (TSJ):    0.050ns
    Total Input Jitter      (TIJ):    0.000ns
    Discrete Jitter          (DJ):    0.000ns
    Phase Error              (PE):    0.000ns
    User Uncertainty         (UU):    0.100ns
  Timing Exception:       False Path

    Location             Delay type                Incr(ns)  Path(ns)    Netlist Resource(s)
  -------------------------------------------------------------------    -------------------
                         (clock clk_host rise edge)
                                                      0.000     0.000 r  
                                                      0.000     0.000 r  clk_host (IN)
                         net (fo=145, unset)          0.029     0.029    u_egress/u_fifo/clk_host
    SLICE_X101Y552       FDCE                                         r  u_egress/u_fifo/rbin_reg[2]/C
  -------------------------------------------------------------------    -------------------
    SLICE_X101Y552       FDCE (Prop_HFF2_SLICEL_C_Q)
                                                      0.080     0.109 r  u_egress/u_fifo/rbin_reg[2]/Q
                         net (fo=48, routed)          1.165     1.274    u_egress/u_fifo/mem_reg_0_63_35_41/ADDRC2
    SLICE_X107Y550       RAMD64E (Prop_C6LUT_SLICEM_RADR2_O)
                                                      0.098     1.372 r  u_egress/u_fifo/mem_reg_0_63_35_41/RAMC/O
                         net (fo=0)                   0.000     1.372    m_axis_tdata[37]
                                                                      r  m_axis_tdata[37] (OUT)
  -------------------------------------------------------------------    -------------------

Slack:                    inf
  Source:                 u_egress/u_fifo/rbin_reg[2]/C
                            (rising edge-triggered cell FDCE clocked by clk_host  {rise@0.000ns fall@4.000ns period=8.000ns})
  Destination:            m_axis_tdata[35]
                            (output port)
  Path Group:             (none)
  Path Type:              Max at Slow Process Corner
  Data Path Delay:        1.277ns  (logic 0.180ns (14.099%)  route 1.097ns (85.901%))
  Logic Levels:           1  (RAMD64E=1)
  Clock Uncertainty:      0.125ns  ((TSJ^2 + TIJ^2)^1/2 + DJ) / 2 + PE + UU
    Total System Jitter     (TSJ):    0.050ns
    Total Input Jitter      (TIJ):    0.000ns
    Discrete Jitter          (DJ):    0.000ns
    Phase Error              (PE):    0.000ns
    User Uncertainty         (UU):    0.100ns
  Timing Exception:       False Path

    Location             Delay type                Incr(ns)  Path(ns)    Netlist Resource(s)
  -------------------------------------------------------------------    -------------------
                         (clock clk_host rise edge)
                                                      0.000     0.000 r  
                                                      0.000     0.000 r  clk_host (IN)
                         net (fo=145, unset)          0.029     0.029    u_egress/u_fifo/clk_host
    SLICE_X101Y552       FDCE                                         r  u_egress/u_fifo/rbin_reg[2]/C
  -------------------------------------------------------------------    -------------------
    SLICE_X101Y552       FDCE (Prop_HFF2_SLICEL_C_Q)
                                                      0.080     0.109 r  u_egress/u_fifo/rbin_reg[2]/Q
                         net (fo=48, routed)          1.097     1.206    u_egress/u_fifo/mem_reg_0_63_35_41/ADDRA2
    SLICE_X107Y550       RAMD64E (Prop_A6LUT_SLICEM_RADR2_O)
                                                      0.100     1.306 r  u_egress/u_fifo/mem_reg_0_63_35_41/RAMA/O
                         net (fo=0)                   0.000     1.306    m_axis_tdata[35]
                                                                      r  m_axis_tdata[35] (OUT)
  -------------------------------------------------------------------    -------------------

Slack:                    inf
  Source:                 u_egress/u_fifo/rbin_reg[2]/C
                            (rising edge-triggered cell FDCE clocked by clk_host  {rise@0.000ns fall@4.000ns period=8.000ns})
  Destination:            m_axis_tdata[36]
                            (output port)
  Path Group:             (none)
  Path Type:              Max at Slow Process Corner
  Data Path Delay:        1.276ns  (logic 0.180ns (14.110%)  route 1.096ns (85.890%))
  Logic Levels:           1  (RAMD64E=1)
  Clock Uncertainty:      0.125ns  ((TSJ^2 + TIJ^2)^1/2 + DJ) / 2 + PE + UU
    Total System Jitter     (TSJ):    0.050ns
    Total Input Jitter      (TIJ):    0.000ns
    Discrete Jitter          (DJ):    0.000ns
    Phase Error              (PE):    0.000ns
    User Uncertainty         (UU):    0.100ns
  Timing Exception:       False Path

    Location             Delay type                Incr(ns)  Path(ns)    Netlist Resource(s)
  -------------------------------------------------------------------    -------------------
                         (clock clk_host rise edge)
                                                      0.000     0.000 r  
                                                      0.000     0.000 r  clk_host (IN)
                         net (fo=145, unset)          0.029     0.029    u_egress/u_fifo/clk_host
    SLICE_X101Y552       FDCE                                         r  u_egress/u_fifo/rbin_reg[2]/C
  -------------------------------------------------------------------    -------------------
    SLICE_X101Y552       FDCE (Prop_HFF2_SLICEL_C_Q)
                                                      0.080     0.109 r  u_egress/u_fifo/rbin_reg[2]/Q
                         net (fo=48, routed)          1.096     1.205    u_egress/u_fifo/mem_reg_0_63_35_41/ADDRB2
    SLICE_X107Y550       RAMD64E (Prop_B6LUT_SLICEM_RADR2_O)
                                                      0.100     1.305 r  u_egress/u_fifo/mem_reg_0_63_35_41/RAMB/O
                         net (fo=0)                   0.000     1.305    m_axis_tdata[36]
                                                                      r  m_axis_tdata[36] (OUT)
  -------------------------------------------------------------------    -------------------

Slack:                    inf
  Source:                 u_egress/u_fifo/rbin_reg[3]/C
                            (rising edge-triggered cell FDCE clocked by clk_host  {rise@0.000ns fall@4.000ns period=8.000ns})
  Destination:            m_axis_tdata[60]
                            (output port)
  Path Group:             (none)
  Path Type:              Max at Slow Process Corner
  Data Path Delay:        1.271ns  (logic 0.170ns (13.376%)  route 1.101ns (86.624%))
  Logic Levels:           1  (RAMD64E=1)
  Clock Uncertainty:      0.125ns  ((TSJ^2 + TIJ^2)^1/2 + DJ) / 2 + PE + UU
    Total System Jitter     (TSJ):    0.050ns
    Total Input Jitter      (TIJ):    0.000ns
    Discrete Jitter          (DJ):    0.000ns
    Phase Error              (PE):    0.000ns
    User Uncertainty         (UU):    0.100ns
  Timing Exception:       False Path

    Location             Delay type                Incr(ns)  Path(ns)    Netlist Resource(s)
  -------------------------------------------------------------------    -------------------
                         (clock clk_host rise edge)
                                                      0.000     0.000 r  
                                                      0.000     0.000 r  clk_host (IN)
                         net (fo=145, unset)          0.029     0.029    u_egress/u_fifo/clk_host
    SLICE_X101Y552       FDCE                                         r  u_egress/u_fifo/rbin_reg[3]/C
  -------------------------------------------------------------------    -------------------
    SLICE_X101Y552       FDCE (Prop_FFF_SLICEL_C_Q)
                                                      0.079     0.108 r  u_egress/u_fifo/rbin_reg[3]/Q
                         net (fo=46, routed)          1.101     1.209    u_egress/u_fifo/mem_reg_0_63_56_62/ADDRE3
    SLICE_X107Y554       RAMD64E (Prop_E6LUT_SLICEM_RADR3_O)
                                                      0.091     1.300 r  u_egress/u_fifo/mem_reg_0_63_56_62/RAME/O
                         net (fo=0)                   0.000     1.300    m_axis_tdata[60]
                                                                      r  m_axis_tdata[60] (OUT)
  -------------------------------------------------------------------    -------------------

Slack:                    inf
  Source:                 u_egress/u_fifo/rbin_reg[2]/C
                            (rising edge-triggered cell FDCE clocked by clk_host  {rise@0.000ns fall@4.000ns period=8.000ns})
  Destination:            m_axis_tdata[39]
                            (output port)
  Path Group:             (none)
  Path Type:              Max at Slow Process Corner
  Data Path Delay:        1.216ns  (logic 0.180ns (14.807%)  route 1.036ns (85.193%))
  Logic Levels:           1  (RAMD64E=1)
  Clock Uncertainty:      0.125ns  ((TSJ^2 + TIJ^2)^1/2 + DJ) / 2 + PE + UU
    Total System Jitter     (TSJ):    0.050ns
    Total Input Jitter      (TIJ):    0.000ns
    Discrete Jitter          (DJ):    0.000ns
    Phase Error              (PE):    0.000ns
    User Uncertainty         (UU):    0.100ns
  Timing Exception:       False Path

    Location             Delay type                Incr(ns)  Path(ns)    Netlist Resource(s)
  -------------------------------------------------------------------    -------------------
                         (clock clk_host rise edge)
                                                      0.000     0.000 r  
                                                      0.000     0.000 r  clk_host (IN)
                         net (fo=145, unset)          0.029     0.029    u_egress/u_fifo/clk_host
    SLICE_X101Y552       FDCE                                         r  u_egress/u_fifo/rbin_reg[2]/C
  -------------------------------------------------------------------    -------------------
    SLICE_X101Y552       FDCE (Prop_HFF2_SLICEL_C_Q)
                                                      0.080     0.109 r  u_egress/u_fifo/rbin_reg[2]/Q
                         net (fo=48, routed)          1.036     1.145    u_egress/u_fifo/mem_reg_0_63_35_41/ADDRE2
    SLICE_X107Y550       RAMD64E (Prop_E6LUT_SLICEM_RADR2_O)
                                                      0.100     1.245 r  u_egress/u_fifo/mem_reg_0_63_35_41/RAME/O
                         net (fo=0)                   0.000     1.245    m_axis_tdata[39]
                                                                      r  m_axis_tdata[39] (OUT)
  -------------------------------------------------------------------    -------------------

Slack:                    inf
  Source:                 u_egress/u_fifo/rbin_reg[2]/C
                            (rising edge-triggered cell FDCE clocked by clk_host  {rise@0.000ns fall@4.000ns period=8.000ns})
  Destination:            m_axis_tdata[40]
                            (output port)
  Path Group:             (none)
  Path Type:              Max at Slow Process Corner
  Data Path Delay:        1.211ns  (logic 0.178ns (14.703%)  route 1.033ns (85.297%))
  Logic Levels:           1  (RAMD64E=1)
  Clock Uncertainty:      0.125ns  ((TSJ^2 + TIJ^2)^1/2 + DJ) / 2 + PE + UU
    Total System Jitter     (TSJ):    0.050ns
    Total Input Jitter      (TIJ):    0.000ns
    Discrete Jitter          (DJ):    0.000ns
    Phase Error              (PE):    0.000ns
    User Uncertainty         (UU):    0.100ns
  Timing Exception:       False Path

    Location             Delay type                Incr(ns)  Path(ns)    Netlist Resource(s)
  -------------------------------------------------------------------    -------------------
                         (clock clk_host rise edge)
                                                      0.000     0.000 r  
                                                      0.000     0.000 r  clk_host (IN)
                         net (fo=145, unset)          0.029     0.029    u_egress/u_fifo/clk_host
    SLICE_X101Y552       FDCE                                         r  u_egress/u_fifo/rbin_reg[2]/C
  -------------------------------------------------------------------    -------------------
    SLICE_X101Y552       FDCE (Prop_HFF2_SLICEL_C_Q)
                                                      0.080     0.109 r  u_egress/u_fifo/rbin_reg[2]/Q
                         net (fo=48, routed)          1.033     1.142    u_egress/u_fifo/mem_reg_0_63_35_41/ADDRF2
    SLICE_X107Y550       RAMD64E (Prop_F6LUT_SLICEM_RADR2_O)
                                                      0.098     1.240 r  u_egress/u_fifo/mem_reg_0_63_35_41/RAMF/O
                         net (fo=0)                   0.000     1.240    m_axis_tdata[40]
                                                                      r  m_axis_tdata[40] (OUT)
  -------------------------------------------------------------------    -------------------





Min Delay Paths
--------------------------------------------------------------------------------------
Slack:                    inf
  Source:                 u_risk_evt/dst_data_reg[0]/C
                            (rising edge-triggered cell FDCE clocked by clk_host  {rise@0.000ns fall@4.000ns period=8.000ns})
  Destination:            risk_reason[0]
                            (output port)
  Path Group:             (none)
  Path Type:              Min at Fast Process Corner
  Data Path Delay:        0.038ns  (logic 0.038ns (100.000%)  route 0.000ns (0.000%))
  Logic Levels:           0  
  Clock Uncertainty:      0.125ns  ((TSJ^2 + TIJ^2)^1/2 + DJ) / 2 + PE + UU
    Total System Jitter     (TSJ):    0.050ns
    Total Input Jitter      (TIJ):    0.000ns
    Discrete Jitter          (DJ):    0.000ns
    Phase Error              (PE):    0.000ns
    User Uncertainty         (UU):    0.100ns
  Timing Exception:       False Path

    Location             Delay type                Incr(ns)  Path(ns)    Netlist Resource(s)
  -------------------------------------------------------------------    -------------------
                         (clock clk_host rise edge)
                                                      0.000     0.000 r  
                                                      0.000     0.000 r  clk_host (IN)
                         net (fo=145, unset)          0.013     0.013    u_risk_evt/clk_host
    SLICE_X99Y550        FDCE                                         r  u_risk_evt/dst_data_reg[0]/C
  -------------------------------------------------------------------    -------------------
    SLICE_X99Y550        FDCE (Prop_AFF_SLICEM_C_Q)
                                                      0.038     0.051 r  u_risk_evt/dst_data_reg[0]/Q
                         net (fo=0)                   0.000     0.051    risk_reason[0]
                                                                      r  risk_reason[0] (OUT)
  -------------------------------------------------------------------    -------------------

Slack:                    inf
  Source:                 u_dec_ovf/sync_reg[1]/C
                            (rising edge-triggered cell FDCE clocked by clk_host  {rise@0.000ns fall@4.000ns period=8.000ns})
  Destination:            decision_overflow
                            (output port)
  Path Group:             (none)
  Path Type:              Min at Fast Process Corner
  Data Path Delay:        0.039ns  (logic 0.039ns (100.000%)  route 0.000ns (0.000%))
  Logic Levels:           0  
  Clock Uncertainty:      0.125ns  ((TSJ^2 + TIJ^2)^1/2 + DJ) / 2 + PE + UU
    Total System Jitter     (TSJ):    0.050ns
    Total Input Jitter      (TIJ):    0.000ns
    Discrete Jitter          (DJ):    0.000ns
    Phase Error              (PE):    0.000ns
    User Uncertainty         (UU):    0.100ns
  Timing Exception:       False Path

    Location             Delay type                Incr(ns)  Path(ns)    Netlist Resource(s)
  -------------------------------------------------------------------    -------------------
                         (clock clk_host rise edge)
                                                      0.000     0.000 r  
                                                      0.000     0.000 r  clk_host (IN)
                         net (fo=145, unset)          0.013     0.013    u_dec_ovf/clk_host
    SLICE_X102Y554       FDCE                                         r  u_dec_ovf/sync_reg[1]/C
  -------------------------------------------------------------------    -------------------
    SLICE_X102Y554       FDCE (Prop_AFF2_SLICEM_C_Q)
                                                      0.039     0.052 r  u_dec_ovf/sync_reg[1]/Q
                         net (fo=0)                   0.000     0.052    decision_overflow
                                                                      r  decision_overflow (OUT)
  -------------------------------------------------------------------    -------------------

Slack:                    inf
  Source:                 u_risk_ovf/sync_reg[1]/C
                            (rising edge-triggered cell FDCE clocked by clk_host  {rise@0.000ns fall@4.000ns period=8.000ns})
  Destination:            risk_evt_overflow
                            (output port)
  Path Group:             (none)
  Path Type:              Min at Fast Process Corner
  Data Path Delay:        0.040ns  (logic 0.040ns (100.000%)  route 0.000ns (0.000%))
  Logic Levels:           0  
  Clock Uncertainty:      0.125ns  ((TSJ^2 + TIJ^2)^1/2 + DJ) / 2 + PE + UU
    Total System Jitter     (TSJ):    0.050ns
    Total Input Jitter      (TIJ):    0.000ns
    Discrete Jitter          (DJ):    0.000ns
    Phase Error              (PE):    0.000ns
    User Uncertainty         (UU):    0.100ns
  Timing Exception:       False Path

    Location             Delay type                Incr(ns)  Path(ns)    Netlist Resource(s)
  -------------------------------------------------------------------    -------------------
                         (clock clk_host rise edge)
                                                      0.000     0.000 r  
                                                      0.000     0.000 r  clk_host (IN)
                         net (fo=145, unset)          0.012     0.012    u_risk_ovf/clk_host
    SLICE_X103Y552       FDCE                                         r  u_risk_ovf/sync_reg[1]/C
  -------------------------------------------------------------------    -------------------
    SLICE_X103Y552       FDCE (Prop_AFF2_SLICEL_C_Q)
                                                      0.040     0.052 r  u_risk_ovf/sync_reg[1]/Q
                         net (fo=0)                   0.000     0.052    risk_evt_overflow
                                                                      r  risk_evt_overflow (OUT)
  -------------------------------------------------------------------    -------------------

Slack:                    inf
  Source:                 u_risk_evt/dst_data_reg[1]/C
                            (rising edge-triggered cell FDCE clocked by clk_host  {rise@0.000ns fall@4.000ns period=8.000ns})
  Destination:            risk_reason[1]
                            (output port)
  Path Group:             (none)
  Path Type:              Min at Fast Process Corner
  Data Path Delay:        0.039ns  (logic 0.039ns (100.000%)  route 0.000ns (0.000%))
  Logic Levels:           0  
  Clock Uncertainty:      0.125ns  ((TSJ^2 + TIJ^2)^1/2 + DJ) / 2 + PE + UU
    Total System Jitter     (TSJ):    0.050ns
    Total Input Jitter      (TIJ):    0.000ns
    Discrete Jitter          (DJ):    0.000ns
    Phase Error              (PE):    0.000ns
    User Uncertainty         (UU):    0.100ns
  Timing Exception:       False Path

    Location             Delay type                Incr(ns)  Path(ns)    Netlist Resource(s)
  -------------------------------------------------------------------    -------------------
                         (clock clk_host rise edge)
                                                      0.000     0.000 r  
                                                      0.000     0.000 r  clk_host (IN)
                         net (fo=145, unset)          0.013     0.013    u_risk_evt/clk_host
    SLICE_X99Y550        FDCE                                         r  u_risk_evt/dst_data_reg[1]/C
  -------------------------------------------------------------------    -------------------
    SLICE_X99Y550        FDCE (Prop_AFF2_SLICEM_C_Q)
                                                      0.039     0.052 r  u_risk_evt/dst_data_reg[1]/Q
                         net (fo=0)                   0.000     0.052    risk_reason[1]
                                                                      r  risk_reason[1] (OUT)
  -------------------------------------------------------------------    -------------------

Slack:                    inf
  Source:                 u_risk_evt/dst_data_reg[2]/C
                            (rising edge-triggered cell FDCE clocked by clk_host  {rise@0.000ns fall@4.000ns period=8.000ns})
  Destination:            risk_reason[2]
                            (output port)
  Path Group:             (none)
  Path Type:              Min at Fast Process Corner
  Data Path Delay:        0.039ns  (logic 0.039ns (100.000%)  route 0.000ns (0.000%))
  Logic Levels:           0  
  Clock Uncertainty:      0.125ns  ((TSJ^2 + TIJ^2)^1/2 + DJ) / 2 + PE + UU
    Total System Jitter     (TSJ):    0.050ns
    Total Input Jitter      (TIJ):    0.000ns
    Discrete Jitter          (DJ):    0.000ns
    Phase Error              (PE):    0.000ns
    User Uncertainty         (UU):    0.100ns
  Timing Exception:       False Path

    Location             Delay type                Incr(ns)  Path(ns)    Netlist Resource(s)
  -------------------------------------------------------------------    -------------------
                         (clock clk_host rise edge)
                                                      0.000     0.000 r  
                                                      0.000     0.000 r  clk_host (IN)
                         net (fo=145, unset)          0.013     0.013    u_risk_evt/clk_host
    SLICE_X103Y551       FDCE                                         r  u_risk_evt/dst_data_reg[2]/C
  -------------------------------------------------------------------    -------------------
    SLICE_X103Y551       FDCE (Prop_GFF_SLICEL_C_Q)
                                                      0.039     0.052 r  u_risk_evt/dst_data_reg[2]/Q
                         net (fo=0)                   0.000     0.052    risk_reason[2]
                                                                      r  risk_reason[2] (OUT)
  -------------------------------------------------------------------    -------------------

Slack:                    inf
  Source:                 u_risk_evt/dst_valid_reg/C
                            (rising edge-triggered cell FDCE clocked by clk_host  {rise@0.000ns fall@4.000ns period=8.000ns})
  Destination:            risk_reject
                            (output port)
  Path Group:             (none)
  Path Type:              Min at Fast Process Corner
  Data Path Delay:        0.040ns  (logic 0.040ns (100.000%)  route 0.000ns (0.000%))
  Logic Levels:           0  
  Clock Uncertainty:      0.125ns  ((TSJ^2 + TIJ^2)^1/2 + DJ) / 2 + PE + UU
    Total System Jitter     (TSJ):    0.050ns
    Total Input Jitter      (TIJ):    0.000ns
    Discrete Jitter          (DJ):    0.000ns
    Phase Error              (PE):    0.000ns
    User Uncertainty         (UU):    0.100ns
  Timing Exception:       False Path

    Location             Delay type                Incr(ns)  Path(ns)    Netlist Resource(s)
  -------------------------------------------------------------------    -------------------
                         (clock clk_host rise edge)
                                                      0.000     0.000 r  
                                                      0.000     0.000 r  clk_host (IN)
                         net (fo=145, unset)          0.013     0.013    u_risk_evt/clk_host
    SLICE_X103Y551       FDCE                                         r  u_risk_evt/dst_valid_reg/C
  -------------------------------------------------------------------    -------------------
    SLICE_X103Y551       FDCE (Prop_GFF2_SLICEL_C_Q)
                                                      0.040     0.053 r  u_risk_evt/dst_valid_reg/Q
                         net (fo=0)                   0.000     0.053    risk_reject
                                                                      r  risk_reject (OUT)
  -------------------------------------------------------------------    -------------------

Slack:                    inf
  Source:                 u_egress/u_fifo/empty_reg/C
                            (rising edge-triggered cell FDPE clocked by clk_host  {rise@0.000ns fall@4.000ns period=8.000ns})
  Destination:            m_axis_tvalid
                            (output port)
  Path Group:             (none)
  Path Type:              Min at Fast Process Corner
  Data Path Delay:        0.155ns  (logic 0.080ns (51.535%)  route 0.075ns (48.465%))
  Logic Levels:           1  (LUT1=1)
  Clock Uncertainty:      0.125ns  ((TSJ^2 + TIJ^2)^1/2 + DJ) / 2 + PE + UU
    Total System Jitter     (TSJ):    0.050ns
    Total Input Jitter      (TIJ):    0.000ns
    Discrete Jitter          (DJ):    0.000ns
    Phase Error              (PE):    0.000ns
    User Uncertainty         (UU):    0.100ns
  Timing Exception:       False Path

    Location             Delay type                Incr(ns)  Path(ns)    Netlist Resource(s)
  -------------------------------------------------------------------    -------------------
                         (clock clk_host rise edge)
                                                      0.000     0.000 r  
                                                      0.000     0.000 r  clk_host (IN)
                         net (fo=145, unset)          0.013     0.013    u_egress/u_fifo/clk_host
    SLICE_X100Y551       FDPE                                         r  u_egress/u_fifo/empty_reg/C
  -------------------------------------------------------------------    -------------------
    SLICE_X100Y551       FDPE (Prop_DFF_SLICEM_C_Q)
                                                      0.039     0.052 f  u_egress/u_fifo/empty_reg/Q
                         net (fo=10, routed)          0.075     0.127    u_egress/u_fifo/empty
    SLICE_X101Y552       LUT1 (Prop_B6LUT_SLICEL_I0_O)
                                                      0.041     0.168 r  u_egress/u_fifo/m_axis_tvalid_INST_0/O
                         net (fo=0)                   0.000     0.168    m_axis_tvalid
                                                                      r  m_axis_tvalid (OUT)
  -------------------------------------------------------------------    -------------------

Slack:                    inf
  Source:                 u_egress/u_fifo/rbin_reg[3]/C
                            (rising edge-triggered cell FDCE clocked by clk_host  {rise@0.000ns fall@4.000ns period=8.000ns})
  Destination:            m_axis_tdata[5]
                            (output port)
  Path Group:             (none)
  Path Type:              Min at Fast Process Corner
  Data Path Delay:        0.194ns  (logic 0.074ns (38.138%)  route 0.120ns (61.862%))
  Logic Levels:           1  (RAMD64E=1)
  Clock Uncertainty:      0.125ns  ((TSJ^2 + TIJ^2)^1/2 + DJ) / 2 + PE + UU
    Total System Jitter     (TSJ):    0.050ns
    Total Input Jitter      (TIJ):    0.000ns
    Discrete Jitter          (DJ):    0.000ns
    Phase Error              (PE):    0.000ns
    User Uncertainty         (UU):    0.100ns
  Timing Exception:       False Path

    Location             Delay type                Incr(ns)  Path(ns)    Netlist Resource(s)
  -------------------------------------------------------------------    -------------------
                         (clock clk_host rise edge)
                                                      0.000     0.000 r  
                                                      0.000     0.000 r  clk_host (IN)
                         net (fo=145, unset)          0.013     0.013    u_egress/u_fifo/clk_host
    SLICE_X101Y552       FDCE                                         r  u_egress/u_fifo/rbin_reg[3]/C
  -------------------------------------------------------------------    -------------------
    SLICE_X101Y552       FDCE (Prop_FFF_SLICEL_C_Q)
                                                      0.039     0.052 r  u_egress/u_fifo/rbin_reg[3]/Q
                         net (fo=46, routed)          0.120     0.172    u_egress/u_fifo/mem_reg_0_63_70_72/ADDRF3
    SLICE_X102Y552       RAMD64E (Prop_F6LUT_SLICEM_RADR3_O)
                                                      0.035     0.207 r  u_egress/u_fifo/mem_reg_0_63_70_72/RAMF/O
                         net (fo=0)                   0.000     0.207    m_axis_tdata[5]
                                                                      r  m_axis_tdata[5] (OUT)
  -------------------------------------------------------------------    -------------------

Slack:                    inf
  Source:                 u_egress/u_fifo/rbin_reg[3]/C
                            (rising edge-triggered cell FDCE clocked by clk_host  {rise@0.000ns fall@4.000ns period=8.000ns})
  Destination:            m_axis_tdata[4]
                            (output port)
  Path Group:             (none)
  Path Type:              Min at Fast Process Corner
  Data Path Delay:        0.195ns  (logic 0.074ns (37.943%)  route 0.121ns (62.057%))
  Logic Levels:           1  (RAMD64E=1)
  Clock Uncertainty:      0.125ns  ((TSJ^2 + TIJ^2)^1/2 + DJ) / 2 + PE + UU
    Total System Jitter     (TSJ):    0.050ns
    Total Input Jitter      (TIJ):    0.000ns
    Discrete Jitter          (DJ):    0.000ns
    Phase Error              (PE):    0.000ns
    User Uncertainty         (UU):    0.100ns
  Timing Exception:       False Path

    Location             Delay type                Incr(ns)  Path(ns)    Netlist Resource(s)
  -------------------------------------------------------------------    -------------------
                         (clock clk_host rise edge)
                                                      0.000     0.000 r  
                                                      0.000     0.000 r  clk_host (IN)
                         net (fo=145, unset)          0.013     0.013    u_egress/u_fifo/clk_host
    SLICE_X101Y552       FDCE                                         r  u_egress/u_fifo/rbin_reg[3]/C
  -------------------------------------------------------------------    -------------------
    SLICE_X101Y552       FDCE (Prop_FFF_SLICEL_C_Q)
                                                      0.039     0.052 r  u_egress/u_fifo/rbin_reg[3]/Q
                         net (fo=46, routed)          0.121     0.173    u_egress/u_fifo/mem_reg_0_63_70_72/ADDRE3
    SLICE_X102Y552       RAMD64E (Prop_E6LUT_SLICEM_RADR3_O)
                                                      0.035     0.208 r  u_egress/u_fifo/mem_reg_0_63_70_72/RAME/O
                         net (fo=0)                   0.000     0.208    m_axis_tdata[4]
                                                                      r  m_axis_tdata[4] (OUT)
  -------------------------------------------------------------------    -------------------

Slack:                    inf
  Source:                 u_axil_r/u_fifo/empty_reg/C
                            (rising edge-triggered cell FDPE clocked by clk_host  {rise@0.000ns fall@4.000ns period=8.000ns})
  Destination:            s_axil_rvalid
                            (output port)
  Path Group:             (none)
  Path Type:              Min at Fast Process Corner
  Data Path Delay:        0.222ns  (logic 0.075ns (33.830%)  route 0.147ns (66.170%))
  Logic Levels:           1  (LUT1=1)
  Clock Uncertainty:      0.125ns  ((TSJ^2 + TIJ^2)^1/2 + DJ) / 2 + PE + UU
    Total System Jitter     (TSJ):    0.050ns
    Total Input Jitter      (TIJ):    0.000ns
    Discrete Jitter          (DJ):    0.000ns
    Phase Error              (PE):    0.000ns
    User Uncertainty         (UU):    0.100ns
  Timing Exception:       False Path

    Location             Delay type                Incr(ns)  Path(ns)    Netlist Resource(s)
  -------------------------------------------------------------------    -------------------
                         (clock clk_host rise edge)
                                                      0.000     0.000 r  
                                                      0.000     0.000 r  clk_host (IN)
                         net (fo=145, unset)          0.013     0.013    u_axil_r/u_fifo/clk_host
    SLICE_X97Y555        FDPE                                         r  u_axil_r/u_fifo/empty_reg/C
  -------------------------------------------------------------------    -------------------
    SLICE_X97Y555        FDPE (Prop_DFF_SLICEM_C_Q)
                                                      0.039     0.052 f  u_axil_r/u_fifo/empty_reg/Q
                         net (fo=6, routed)           0.130     0.182    u_axil_r/u_fifo/empty
    SLICE_X97Y555        LUT1 (Prop_C5LUT_SLICEM_I0_O)
                                                      0.036     0.218 r  u_axil_r/u_fifo/s_axil_rvalid_INST_0/O
                         net (fo=0)                   0.017     0.235    s_axil_rvalid
                                                                      r  s_axil_rvalid (OUT)
  -------------------------------------------------------------------    -------------------





--------------------------------------------------------------------------------------
Path Group:  (none)
From Clock:  clk_line
  To Clock:  

Max Delay             1 Endpoint
Min Delay             1 Endpoint
--------------------------------------------------------------------------------------


Max Delay Paths
--------------------------------------------------------------------------------------
Slack:                    inf
  Source:                 u_ingress/u_fifo/full_reg/C
                            (rising edge-triggered cell FDCE clocked by clk_line  {rise@0.000ns fall@3.200ns period=6.400ns})
  Destination:            s_axis_tready
                            (output port)
  Path Group:             (none)
  Path Type:              Max at Slow Process Corner
  Data Path Delay:        0.529ns  (logic 0.177ns (33.455%)  route 0.352ns (66.545%))
  Logic Levels:           1  (LUT1=1)
  Clock Uncertainty:      0.125ns  ((TSJ^2 + TIJ^2)^1/2 + DJ) / 2 + PE + UU
    Total System Jitter     (TSJ):    0.050ns
    Total Input Jitter      (TIJ):    0.000ns
    Discrete Jitter          (DJ):    0.000ns
    Phase Error              (PE):    0.000ns
    User Uncertainty         (UU):    0.100ns
  Timing Exception:       False Path

    Location             Delay type                Incr(ns)  Path(ns)    Netlist Resource(s)
  -------------------------------------------------------------------    -------------------
                         (clock clk_line rise edge)
                                                      0.000     0.000 r  
                                                      0.000     0.000 r  clk_line (IN)
                         net (fo=138, unset)          0.029     0.029    u_ingress/u_fifo/clk_line
    SLICE_X103Y482       FDCE                                         r  u_ingress/u_fifo/full_reg/C
  -------------------------------------------------------------------    -------------------
    SLICE_X103Y482       FDCE (Prop_HFF_SLICEL_C_Q)
                                                      0.079     0.108 f  u_ingress/u_fifo/full_reg/Q
                         net (fo=19, routed)          0.329     0.437    u_ingress/u_fifo/full
    SLICE_X103Y482       LUT1 (Prop_C5LUT_SLICEL_I0_O)
                                                      0.098     0.535 r  u_ingress/u_fifo/s_axis_tready_INST_0/O
                         net (fo=0)                   0.023     0.558    s_axis_tready
                                                                      r  s_axis_tready (OUT)
  -------------------------------------------------------------------    -------------------





Min Delay Paths
--------------------------------------------------------------------------------------
Slack:                    inf
  Source:                 u_ingress/u_fifo/full_reg/C
                            (rising edge-triggered cell FDCE clocked by clk_line  {rise@0.000ns fall@3.200ns period=6.400ns})
  Destination:            s_axis_tready
                            (output port)
  Path Group:             (none)
  Path Type:              Min at Fast Process Corner
  Data Path Delay:        0.233ns  (logic 0.072ns (30.931%)  route 0.161ns (69.069%))
  Logic Levels:           1  (LUT1=1)
  Clock Uncertainty:      0.125ns  ((TSJ^2 + TIJ^2)^1/2 + DJ) / 2 + PE + UU
    Total System Jitter     (TSJ):    0.050ns
    Total Input Jitter      (TIJ):    0.000ns
    Discrete Jitter          (DJ):    0.000ns
    Phase Error              (PE):    0.000ns
    User Uncertainty         (UU):    0.100ns
  Timing Exception:       False Path

    Location             Delay type                Incr(ns)  Path(ns)    Netlist Resource(s)
  -------------------------------------------------------------------    -------------------
                         (clock clk_line rise edge)
                                                      0.000     0.000 r  
                                                      0.000     0.000 r  clk_line (IN)
                         net (fo=138, unset)          0.013     0.013    u_ingress/u_fifo/clk_line
    SLICE_X103Y482       FDCE                                         r  u_ingress/u_fifo/full_reg/C
  -------------------------------------------------------------------    -------------------
    SLICE_X103Y482       FDCE (Prop_HFF_SLICEL_C_Q)
                                                      0.039     0.052 f  u_ingress/u_fifo/full_reg/Q
                         net (fo=19, routed)          0.146     0.198    u_ingress/u_fifo/full
    SLICE_X103Y482       LUT1 (Prop_C5LUT_SLICEL_I0_O)
                                                      0.033     0.231 r  u_ingress/u_fifo/s_axis_tready_INST_0/O
                         net (fo=0)                   0.015     0.246    s_axis_tready
                                                                      r  s_axis_tready (OUT)
  -------------------------------------------------------------------    -------------------





--------------------------------------------------------------------------------------
Path Group:  (none)
From Clock:  
  To Clock:  clk_core

Max Delay             4 Endpoints
Min Delay             4 Endpoints
--------------------------------------------------------------------------------------


Max Delay Paths
--------------------------------------------------------------------------------------
Slack:                    inf
  Source:                 halt
                            (input port)
  Destination:            u_halt/sync_reg[0]/D
                            (rising edge-triggered cell FDPE clocked by clk_core  {rise@0.000ns fall@2.000ns period=4.000ns})
  Path Group:             (none)
  Path Type:              Setup (Max at Slow Process Corner)
  Data Path Delay:        0.054ns  (logic 0.000ns (0.000%)  route 0.054ns (100.000%))
  Logic Levels:           0  
  Clock Path Skew:        0.020ns (DCD - SCD + CPR)
    Destination Clock Delay (DCD):    0.020ns
    Source Clock Delay      (SCD):    0.000ns
    Clock Pessimism Removal (CPR):    0.000ns
  Clock Uncertainty:      0.125ns  ((TSJ^2 + TIJ^2)^1/2 + DJ) / 2 + PE + UU
    Total System Jitter     (TSJ):    0.050ns
    Total Input Jitter      (TIJ):    0.000ns
    Discrete Jitter          (DJ):    0.000ns
    Phase Error              (PE):    0.000ns
    User Uncertainty         (UU):    0.100ns
  Timing Exception:       False Path

    Location             Delay type                Incr(ns)  Path(ns)    Netlist Resource(s)
  -------------------------------------------------------------------    -------------------
                                                      0.000     0.000 r  halt (IN)
                         net (fo=0)                   0.054     0.054    u_halt/halt
    SLICE_X103Y550       FDPE                                         r  u_halt/sync_reg[0]/D
  -------------------------------------------------------------------    -------------------

                         (clock clk_core rise edge)
                                                      0.000     0.000 r  
                                                      0.000     0.000 r  clk_core (IN)
                         net (fo=5569, unset)         0.020     0.020    u_halt/clk_core
    SLICE_X103Y550       FDPE                                         r  u_halt/sync_reg[0]/C

Slack:                    inf
  Source:                 rst_core_n
                            (input port)
  Destination:            u_rst_core/sync_reg[0]/CLR
                            (recovery check against rising-edge clock clk_core  {rise@0.000ns fall@2.000ns period=4.000ns})
  Path Group:             (none)
  Path Type:              Recovery (Max at Slow Process Corner)
  Data Path Delay:        0.023ns  (logic 0.000ns (0.000%)  route 0.023ns (100.000%))
  Logic Levels:           0  
  Clock Path Skew:        0.020ns (DCD - SCD + CPR)
    Destination Clock Delay (DCD):    0.020ns
    Source Clock Delay      (SCD):    0.000ns
    Clock Pessimism Removal (CPR):    0.000ns
  Clock Uncertainty:      0.125ns  ((TSJ^2 + TIJ^2)^1/2 + DJ) / 2 + PE + UU
    Total System Jitter     (TSJ):    0.050ns
    Total Input Jitter      (TIJ):    0.000ns
    Discrete Jitter          (DJ):    0.000ns
    Phase Error              (PE):    0.000ns
    User Uncertainty         (UU):    0.100ns
  Timing Exception:       False Path

    Location             Delay type                Incr(ns)  Path(ns)    Netlist Resource(s)
  -------------------------------------------------------------------    -------------------
                                                      0.000     0.000 r  rst_core_n (IN)
                         net (fo=2, unset)            0.023     0.023    u_rst_core/rst_core_n
    SLICE_X109Y524       FDCE                                         f  u_rst_core/sync_reg[0]/CLR  (IS_INVERTED)
  -------------------------------------------------------------------    -------------------

                         (clock clk_core rise edge)
                                                      0.000     0.000 r  
                                                      0.000     0.000 r  clk_core (IN)
                         net (fo=5569, unset)         0.020     0.020    u_rst_core/clk_core
    SLICE_X109Y524       FDCE                                         r  u_rst_core/sync_reg[0]/C

Slack:                    inf
  Source:                 rst_core_n
                            (input port)
  Destination:            u_rst_core/sync_reg[1]/CLR
                            (recovery check against rising-edge clock clk_core  {rise@0.000ns fall@2.000ns period=4.000ns})
  Path Group:             (none)
  Path Type:              Recovery (Max at Slow Process Corner)
  Data Path Delay:        0.023ns  (logic 0.000ns (0.000%)  route 0.023ns (100.000%))
  Logic Levels:           0  
  Clock Path Skew:        0.020ns (DCD - SCD + CPR)
    Destination Clock Delay (DCD):    0.020ns
    Source Clock Delay      (SCD):    0.000ns
    Clock Pessimism Removal (CPR):    0.000ns
  Clock Uncertainty:      0.125ns  ((TSJ^2 + TIJ^2)^1/2 + DJ) / 2 + PE + UU
    Total System Jitter     (TSJ):    0.050ns
    Total Input Jitter      (TIJ):    0.000ns
    Discrete Jitter          (DJ):    0.000ns
    Phase Error              (PE):    0.000ns
    User Uncertainty         (UU):    0.100ns
  Timing Exception:       False Path

    Location             Delay type                Incr(ns)  Path(ns)    Netlist Resource(s)
  -------------------------------------------------------------------    -------------------
                                                      0.000     0.000 r  rst_core_n (IN)
                         net (fo=2, unset)            0.023     0.023    u_rst_core/rst_core_n
    SLICE_X109Y524       FDCE                                         f  u_rst_core/sync_reg[1]/CLR  (IS_INVERTED)
  -------------------------------------------------------------------    -------------------

                         (clock clk_core rise edge)
                                                      0.000     0.000 r  
                                                      0.000     0.000 r  clk_core (IN)
                         net (fo=5569, unset)         0.020     0.020    u_rst_core/clk_core
    SLICE_X109Y524       FDCE                                         r  u_rst_core/sync_reg[1]/C

Slack:                    inf
  Source:                 rst_core_n
                            (input port)
  Destination:            u_rst_core/sync_reg[2]/CLR
                            (recovery check against rising-edge clock clk_core  {rise@0.000ns fall@2.000ns period=4.000ns})
  Path Group:             (none)
  Path Type:              Recovery (Max at Slow Process Corner)
  Data Path Delay:        0.023ns  (logic 0.000ns (0.000%)  route 0.023ns (100.000%))
  Logic Levels:           0  
  Clock Path Skew:        0.020ns (DCD - SCD + CPR)
    Destination Clock Delay (DCD):    0.020ns
    Source Clock Delay      (SCD):    0.000ns
    Clock Pessimism Removal (CPR):    0.000ns
  Clock Uncertainty:      0.125ns  ((TSJ^2 + TIJ^2)^1/2 + DJ) / 2 + PE + UU
    Total System Jitter     (TSJ):    0.050ns
    Total Input Jitter      (TIJ):    0.000ns
    Discrete Jitter          (DJ):    0.000ns
    Phase Error              (PE):    0.000ns
    User Uncertainty         (UU):    0.100ns
  Timing Exception:       False Path

    Location             Delay type                Incr(ns)  Path(ns)    Netlist Resource(s)
  -------------------------------------------------------------------    -------------------
                                                      0.000     0.000 r  rst_core_n (IN)
                         net (fo=2, unset)            0.023     0.023    u_rst_core/rst_core_n
    SLICE_X109Y524       FDCE                                         f  u_rst_core/sync_reg[2]/CLR  (IS_INVERTED)
  -------------------------------------------------------------------    -------------------

                         (clock clk_core rise edge)
                                                      0.000     0.000 r  
                                                      0.000     0.000 r  clk_core (IN)
                         net (fo=5569, unset)         0.020     0.020    u_rst_core/clk_core
    SLICE_X109Y524       FDCE                                         r  u_rst_core/sync_reg[2]/C





Min Delay Paths
--------------------------------------------------------------------------------------
Slack:                    inf
  Source:                 halt
                            (input port)
  Destination:            u_halt/sync_reg[0]/D
                            (rising edge-triggered cell FDPE clocked by clk_core  {rise@0.000ns fall@2.000ns period=4.000ns})
  Path Group:             (none)
  Path Type:              Hold (Min at Fast Process Corner)
  Data Path Delay:        0.007ns  (logic 0.000ns (0.000%)  route 0.007ns (100.000%))
  Logic Levels:           0  
  Clock Path Skew:        0.018ns (DCD - SCD - CPR)
    Destination Clock Delay (DCD):    0.018ns
    Source Clock Delay      (SCD):    0.000ns
    Clock Pessimism Removal (CPR):    -0.000ns
  Timing Exception:       False Path

    Location             Delay type                Incr(ns)  Path(ns)    Netlist Resource(s)
  -------------------------------------------------------------------    -------------------
                                                      0.000     0.000 r  halt (IN)
                         net (fo=0)                   0.007     0.007    u_halt/halt
    SLICE_X103Y550       FDPE                                         r  u_halt/sync_reg[0]/D
  -------------------------------------------------------------------    -------------------

                         (clock clk_core rise edge)
                                                      0.000     0.000 r  
                                                      0.000     0.000 r  clk_core (IN)
                         net (fo=5569, unset)         0.018     0.018    u_halt/clk_core
    SLICE_X103Y550       FDPE                                         r  u_halt/sync_reg[0]/C

Slack:                    inf
  Source:                 rst_core_n
                            (input port)
  Destination:            u_rst_core/sync_reg[0]/CLR
                            (removal check against rising-edge clock clk_core  {rise@0.000ns fall@2.000ns period=4.000ns})
  Path Group:             (none)
  Path Type:              Removal (Min at Fast Process Corner)
  Data Path Delay:        0.009ns  (logic 0.000ns (0.000%)  route 0.009ns (100.000%))
  Logic Levels:           0  
  Clock Path Skew:        0.018ns (DCD - SCD - CPR)
    Destination Clock Delay (DCD):    0.018ns
    Source Clock Delay      (SCD):    0.000ns
    Clock Pessimism Removal (CPR):    -0.000ns
  Timing Exception:       False Path

    Location             Delay type                Incr(ns)  Path(ns)    Netlist Resource(s)
  -------------------------------------------------------------------    -------------------
                                                      0.000     0.000 r  rst_core_n (IN)
                         net (fo=2, unset)            0.009     0.009    u_rst_core/rst_core_n
    SLICE_X109Y524       FDCE                                         f  u_rst_core/sync_reg[0]/CLR  (IS_INVERTED)
  -------------------------------------------------------------------    -------------------

                         (clock clk_core rise edge)
                                                      0.000     0.000 r  
                                                      0.000     0.000 r  clk_core (IN)
                         net (fo=5569, unset)         0.018     0.018    u_rst_core/clk_core
    SLICE_X109Y524       FDCE                                         r  u_rst_core/sync_reg[0]/C

Slack:                    inf
  Source:                 rst_core_n
                            (input port)
  Destination:            u_rst_core/sync_reg[1]/CLR
                            (removal check against rising-edge clock clk_core  {rise@0.000ns fall@2.000ns period=4.000ns})
  Path Group:             (none)
  Path Type:              Removal (Min at Fast Process Corner)
  Data Path Delay:        0.009ns  (logic 0.000ns (0.000%)  route 0.009ns (100.000%))
  Logic Levels:           0  
  Clock Path Skew:        0.018ns (DCD - SCD - CPR)
    Destination Clock Delay (DCD):    0.018ns
    Source Clock Delay      (SCD):    0.000ns
    Clock Pessimism Removal (CPR):    -0.000ns
  Timing Exception:       False Path

    Location             Delay type                Incr(ns)  Path(ns)    Netlist Resource(s)
  -------------------------------------------------------------------    -------------------
                                                      0.000     0.000 r  rst_core_n (IN)
                         net (fo=2, unset)            0.009     0.009    u_rst_core/rst_core_n
    SLICE_X109Y524       FDCE                                         f  u_rst_core/sync_reg[1]/CLR  (IS_INVERTED)
  -------------------------------------------------------------------    -------------------

                         (clock clk_core rise edge)
                                                      0.000     0.000 r  
                                                      0.000     0.000 r  clk_core (IN)
                         net (fo=5569, unset)         0.018     0.018    u_rst_core/clk_core
    SLICE_X109Y524       FDCE                                         r  u_rst_core/sync_reg[1]/C

Slack:                    inf
  Source:                 rst_core_n
                            (input port)
  Destination:            u_rst_core/sync_reg[2]/CLR
                            (removal check against rising-edge clock clk_core  {rise@0.000ns fall@2.000ns period=4.000ns})
  Path Group:             (none)
  Path Type:              Removal (Min at Fast Process Corner)
  Data Path Delay:        0.009ns  (logic 0.000ns (0.000%)  route 0.009ns (100.000%))
  Logic Levels:           0  
  Clock Path Skew:        0.018ns (DCD - SCD - CPR)
    Destination Clock Delay (DCD):    0.018ns
    Source Clock Delay      (SCD):    0.000ns
    Clock Pessimism Removal (CPR):    -0.000ns
  Timing Exception:       False Path

    Location             Delay type                Incr(ns)  Path(ns)    Netlist Resource(s)
  -------------------------------------------------------------------    -------------------
                                                      0.000     0.000 r  rst_core_n (IN)
                         net (fo=2, unset)            0.009     0.009    u_rst_core/rst_core_n
    SLICE_X109Y524       FDCE                                         f  u_rst_core/sync_reg[2]/CLR  (IS_INVERTED)
  -------------------------------------------------------------------    -------------------

                         (clock clk_core rise edge)
                                                      0.000     0.000 r  
                                                      0.000     0.000 r  clk_core (IN)
                         net (fo=5569, unset)         0.018     0.018    u_rst_core/clk_core
    SLICE_X109Y524       FDCE                                         r  u_rst_core/sync_reg[2]/C





--------------------------------------------------------------------------------------
Path Group:  (none)
From Clock:  clk_host
  To Clock:  clk_core

Max Delay             0 Endpoints
Min Delay            55 Endpoints
--------------------------------------------------------------------------------------


Min Delay Paths
--------------------------------------------------------------------------------------
Slack:                    inf
  Source:                 u_risk_evt/ack_tog_reg/C
                            (rising edge-triggered cell FDCE clocked by clk_host  {rise@0.000ns fall@4.000ns period=8.000ns})
  Destination:            u_risk_evt/u_ack/sync_reg[0]/D
                            (rising edge-triggered cell FDCE clocked by clk_core  {rise@0.000ns fall@2.000ns period=4.000ns})
  Path Group:             (none)
  Path Type:              Hold (Min at Fast Process Corner)
  Data Path Delay:        0.118ns  (logic 0.039ns (33.051%)  route 0.079ns (66.949%))
  Logic Levels:           0  
  Clock Path Skew:        0.005ns (DCD - SCD - CPR)
    Destination Clock Delay (DCD):    0.018ns
    Source Clock Delay      (SCD):    0.013ns
    Clock Pessimism Removal (CPR):    -0.000ns
  Clock Uncertainty:      0.135ns  ((TSJ^2 + TIJ^2)^1/2 + DJ) / 2 + PE + UU
    Total System Jitter     (TSJ):    0.071ns
    Total Input Jitter      (TIJ):    0.000ns
    Discrete Jitter          (DJ):    0.000ns
    Phase Error              (PE):    0.000ns
    User Uncertainty         (UU):    0.100ns
  Timing Exception:       False Path

    Location             Delay type                Incr(ns)  Path(ns)    Netlist Resource(s)
  -------------------------------------------------------------------    -------------------
                         (clock clk_host rise edge)
                                                      0.000     0.000 r  
                                                      0.000     0.000 r  clk_host (IN)
                         net (fo=145, unset)          0.013     0.013    u_risk_evt/clk_host
    SLICE_X103Y551       FDCE                                         r  u_risk_evt/ack_tog_reg/C
  -------------------------------------------------------------------    -------------------
    SLICE_X103Y551       FDCE (Prop_HFF_SLICEL_C_Q)
                                                      0.039     0.052 r  u_risk_evt/ack_tog_reg/Q
                         net (fo=1, routed)           0.079     0.131    u_risk_evt/u_ack/sync_reg[0]_0[0]
    SLICE_X103Y551       FDCE                                         r  u_risk_evt/u_ack/sync_reg[0]/D
  -------------------------------------------------------------------    -------------------

                         (clock clk_core rise edge)
                                                      0.000     0.000 r  
                                                      0.000     0.000 r  clk_core (IN)
                         net (fo=5569, unset)         0.018     0.018    u_risk_evt/u_ack/clk_core
    SLICE_X103Y551       FDCE                                         r  u_risk_evt/u_ack/sync_reg[0]/C

Slack:                    inf
  Source:                 u_axil_aw/u_fifo/wgray_reg[1]/C
                            (rising edge-triggered cell FDCE clocked by clk_host  {rise@0.000ns fall@4.000ns period=8.000ns})
  Destination:            u_axil_aw/u_fifo/wq_reg[0][1]/D
                            (rising edge-triggered cell FDCE clocked by clk_core  {rise@0.000ns fall@2.000ns period=4.000ns})
  Path Group:             (none)
  Path Type:              Hold (Min at Fast Process Corner)
  Data Path Delay:        0.127ns  (logic 0.038ns (29.921%)  route 0.089ns (70.079%))
  Logic Levels:           0  
  Clock Path Skew:        0.006ns (DCD - SCD - CPR)
    Destination Clock Delay (DCD):    0.019ns
    Source Clock Delay      (SCD):    0.013ns
    Clock Pessimism Removal (CPR):    -0.000ns
  Clock Uncertainty:      0.135ns  ((TSJ^2 + TIJ^2)^1/2 + DJ) / 2 + PE + UU
    Total System Jitter     (TSJ):    0.071ns
    Total Input Jitter      (TIJ):    0.000ns
    Discrete Jitter          (DJ):    0.000ns
    Phase Error              (PE):    0.000ns
    User Uncertainty         (UU):    0.100ns
  Timing Exception:       False Path

    Location             Delay type                Incr(ns)  Path(ns)    Netlist Resource(s)
  -------------------------------------------------------------------    -------------------
                         (clock clk_host rise edge)
                                                      0.000     0.000 r  
                                                      0.000     0.000 r  clk_host (IN)
                         net (fo=145, unset)          0.013     0.013    u_axil_aw/u_fifo/clk_host
    SLICE_X92Y556        FDCE                                         r  u_axil_aw/u_fifo/wgray_reg[1]/C
  -------------------------------------------------------------------    -------------------
    SLICE_X92Y556        FDCE (Prop_EFF_SLICEM_C_Q)
                                                      0.038     0.051 r  u_axil_aw/u_fifo/wgray_reg[1]/Q
                         net (fo=1, routed)           0.089     0.140    u_axil_aw/u_fifo/wgray_reg_n_0_[1]
    SLICE_X92Y556        FDCE                                         r  u_axil_aw/u_fifo/wq_reg[0][1]/D
  -------------------------------------------------------------------    -------------------

                         (clock clk_core rise edge)
                                                      0.000     0.000 r  
                                                      0.000     0.000 r  clk_core (IN)
                         net (fo=5569, unset)         0.019     0.019    u_axil_aw/u_fifo/clk_core
    SLICE_X92Y556        FDCE                                         r  u_axil_aw/u_fifo/wq_reg[0][1]/C

Slack:                    inf
  Source:                 u_axil_r/u_fifo/rbin_reg[2]/C
                            (rising edge-triggered cell FDCE clocked by clk_host  {rise@0.000ns fall@4.000ns period=8.000ns})
  Destination:            u_axil_r/u_fifo/rq_reg[0][2]/D
                            (rising edge-triggered cell FDCE clocked by clk_core  {rise@0.000ns fall@2.000ns period=4.000ns})
  Path Group:             (none)
  Path Type:              Hold (Min at Fast Process Corner)
  Data Path Delay:        0.129ns  (logic 0.038ns (29.569%)  route 0.091ns (70.431%))
  Logic Levels:           0  
  Clock Path Skew:        0.006ns (DCD - SCD - CPR)
    Destination Clock Delay (DCD):    0.019ns
    Source Clock Delay      (SCD):    0.013ns
    Clock Pessimism Removal (CPR):    -0.000ns
  Clock Uncertainty:      0.135ns  ((TSJ^2 + TIJ^2)^1/2 + DJ) / 2 + PE + UU
    Total System Jitter     (TSJ):    0.071ns
    Total Input Jitter      (TIJ):    0.000ns
    Discrete Jitter          (DJ):    0.000ns
    Phase Error              (PE):    0.000ns
    User Uncertainty         (UU):    0.100ns
  Timing Exception:       False Path

    Location             Delay type                Incr(ns)  Path(ns)    Netlist Resource(s)
  -------------------------------------------------------------------    -------------------
                         (clock clk_host rise edge)
                                                      0.000     0.000 r  
                                                      0.000     0.000 r  clk_host (IN)
                         net (fo=145, unset)          0.013     0.013    u_axil_r/u_fifo/clk_host
    SLICE_X97Y556        FDCE                                         r  u_axil_r/u_fifo/rbin_reg[2]/C
  -------------------------------------------------------------------    -------------------
    SLICE_X97Y556        FDCE (Prop_EFF_SLICEM_C_Q)
                                                      0.038     0.051 r  u_axil_r/u_fifo/rbin_reg[2]/Q
                         net (fo=3, routed)           0.091     0.142    u_axil_r/u_fifo/rbin_reg_n_0_[2]
    SLICE_X97Y556        FDCE                                         r  u_axil_r/u_fifo/rq_reg[0][2]/D
  -------------------------------------------------------------------    -------------------

                         (clock clk_core rise edge)
                                                      0.000     0.000 r  
                                                      0.000     0.000 r  clk_core (IN)
                         net (fo=5569, unset)         0.019     0.019    u_axil_r/u_fifo/clk_core
    SLICE_X97Y556        FDCE                                         r  u_axil_r/u_fifo/rq_reg[0][2]/C

Slack:                    inf
  Source:                 u_axil_b/u_fifo/rgray_reg[1]/C
                            (rising edge-triggered cell FDCE clocked by clk_host  {rise@0.000ns fall@4.000ns period=8.000ns})
  Destination:            u_axil_b/u_fifo/rq_reg[0][1]/D
                            (rising edge-triggered cell FDCE clocked by clk_core  {rise@0.000ns fall@2.000ns period=4.000ns})
  Path Group:             (none)
  Path Type:              Hold (Min at Fast Process Corner)
  Data Path Delay:        0.132ns  (logic 0.039ns (29.545%)  route 0.093ns (70.455%))
  Logic Levels:           0  
  Clock Path Skew:        0.005ns (DCD - SCD - CPR)
    Destination Clock Delay (DCD):    0.018ns
    Source Clock Delay      (SCD):    0.013ns
    Clock Pessimism Removal (CPR):    -0.000ns
  Clock Uncertainty:      0.135ns  ((TSJ^2 + TIJ^2)^1/2 + DJ) / 2 + PE + UU
    Total System Jitter     (TSJ):    0.071ns
    Total Input Jitter      (TIJ):    0.000ns
    Discrete Jitter          (DJ):    0.000ns
    Phase Error              (PE):    0.000ns
    User Uncertainty         (UU):    0.100ns
  Timing Exception:       False Path

    Location             Delay type                Incr(ns)  Path(ns)    Netlist Resource(s)
  -------------------------------------------------------------------    -------------------
                         (clock clk_host rise edge)
                                                      0.000     0.000 r  
                                                      0.000     0.000 r  clk_host (IN)
                         net (fo=145, unset)          0.013     0.013    u_axil_b/u_fifo/clk_host
    SLICE_X94Y551        FDCE                                         r  u_axil_b/u_fifo/rgray_reg[1]/C
  -------------------------------------------------------------------    -------------------
    SLICE_X94Y551        FDCE (Prop_FFF_SLICEL_C_Q)
                                                      0.039     0.052 r  u_axil_b/u_fifo/rgray_reg[1]/Q
                         net (fo=1, routed)           0.093     0.145    u_axil_b/u_fifo/rgray_reg_n_0_[1]
    SLICE_X94Y551        FDCE                                         r  u_axil_b/u_fifo/rq_reg[0][1]/D
  -------------------------------------------------------------------    -------------------

                         (clock clk_core rise edge)
                                                      0.000     0.000 r  
                                                      0.000     0.000 r  clk_core (IN)
                         net (fo=5569, unset)         0.018     0.018    u_axil_b/u_fifo/clk_core
    SLICE_X94Y551        FDCE                                         r  u_axil_b/u_fifo/rq_reg[0][1]/C

Slack:                    inf
  Source:                 u_axil_b/u_fifo/rbin_reg[2]/C
                            (rising edge-triggered cell FDCE clocked by clk_host  {rise@0.000ns fall@4.000ns period=8.000ns})
  Destination:            u_axil_b/u_fifo/rq_reg[0][2]/D
                            (rising edge-triggered cell FDCE clocked by clk_core  {rise@0.000ns fall@2.000ns period=4.000ns})
  Path Group:             (none)
  Path Type:              Hold (Min at Fast Process Corner)
  Data Path Delay:        0.132ns  (logic 0.040ns (30.261%)  route 0.092ns (69.739%))
  Logic Levels:           0  
  Clock Path Skew:        0.005ns (DCD - SCD - CPR)
    Destination Clock Delay (DCD):    0.018ns
    Source Clock Delay      (SCD):    0.013ns
    Clock Pessimism Removal (CPR):    -0.000ns
  Clock Uncertainty:      0.135ns  ((TSJ^2 + TIJ^2)^1/2 + DJ) / 2 + PE + UU
    Total System Jitter     (TSJ):    0.071ns
    Total Input Jitter      (TIJ):    0.000ns
    Discrete Jitter          (DJ):    0.000ns
    Phase Error              (PE):    0.000ns
    User Uncertainty         (UU):    0.100ns
  Timing Exception:       False Path

    Location             Delay type                Incr(ns)  Path(ns)    Netlist Resource(s)
  -------------------------------------------------------------------    -------------------
                         (clock clk_host rise edge)
                                                      0.000     0.000 r  
                                                      0.000     0.000 r  clk_host (IN)
                         net (fo=145, unset)          0.013     0.013    u_axil_b/u_fifo/clk_host
    SLICE_X94Y551        FDCE                                         r  u_axil_b/u_fifo/rbin_reg[2]/C
  -------------------------------------------------------------------    -------------------
    SLICE_X94Y551        FDCE (Prop_EFF2_SLICEL_C_Q)
                                                      0.040     0.053 r  u_axil_b/u_fifo/rbin_reg[2]/Q
                         net (fo=3, routed)           0.092     0.145    u_axil_b/u_fifo/rbin_reg_n_0_[2]
    SLICE_X94Y551        FDCE                                         r  u_axil_b/u_fifo/rq_reg[0][2]/D
  -------------------------------------------------------------------    -------------------

                         (clock clk_core rise edge)
                                                      0.000     0.000 r  
                                                      0.000     0.000 r  clk_core (IN)
                         net (fo=5569, unset)         0.018     0.018    u_axil_b/u_fifo/clk_core
    SLICE_X94Y551        FDCE                                         r  u_axil_b/u_fifo/rq_reg[0][2]/C

Slack:                    inf
  Source:                 u_egress/u_fifo/rgray_reg[4]/C
                            (rising edge-triggered cell FDCE clocked by clk_host  {rise@0.000ns fall@4.000ns period=8.000ns})
  Destination:            u_egress/u_fifo/rq_reg[0][4]/D
                            (rising edge-triggered cell FDCE clocked by clk_core  {rise@0.000ns fall@2.000ns period=4.000ns})
  Path Group:             (none)
  Path Type:              Hold (Min at Fast Process Corner)
  Data Path Delay:        0.141ns  (logic 0.039ns (27.660%)  route 0.102ns (72.340%))
  Logic Levels:           0  
  Clock Path Skew:        0.006ns (DCD - SCD - CPR)
    Destination Clock Delay (DCD):    0.019ns
    Source Clock Delay      (SCD):    0.013ns
    Clock Pessimism Removal (CPR):    -0.000ns
  Clock Uncertainty:      0.135ns  ((TSJ^2 + TIJ^2)^1/2 + DJ) / 2 + PE + UU
    Total System Jitter     (TSJ):    0.071ns
    Total Input Jitter      (TIJ):    0.000ns
    Discrete Jitter          (DJ):    0.000ns
    Phase Error              (PE):    0.000ns
    User Uncertainty         (UU):    0.100ns
  Timing Exception:       False Path

    Location             Delay type                Incr(ns)  Path(ns)    Netlist Resource(s)
  -------------------------------------------------------------------    -------------------
                         (clock clk_host rise edge)
                                                      0.000     0.000 r  
                                                      0.000     0.000 r  clk_host (IN)
                         net (fo=145, unset)          0.013     0.013    u_egress/u_fifo/clk_host
    SLICE_X100Y553       FDCE                                         r  u_egress/u_fifo/rgray_reg[4]/C
  -------------------------------------------------------------------    -------------------
    SLICE_X100Y553       FDCE (Prop_HFF2_SLICEM_C_Q)
                                                      0.039     0.052 r  u_egress/u_fifo/rgray_reg[4]/Q
                         net (fo=1, routed)           0.102     0.154    u_egress/u_fifo/rgray_reg_n_0_[4]
    SLICE_X101Y553       FDCE                                         r  u_egress/u_fifo/rq_reg[0][4]/D
  -------------------------------------------------------------------    -------------------

                         (clock clk_core rise edge)
                                                      0.000     0.000 r  
                                                      0.000     0.000 r  clk_core (IN)
                         net (fo=5569, unset)         0.019     0.019    u_egress/u_fifo/clk_core
    SLICE_X101Y553       FDCE                                         r  u_egress/u_fifo/rq_reg[0][4]/C

Slack:                    inf
  Source:                 u_axil_w/u_fifo/wgray_reg[1]/C
                            (rising edge-triggered cell FDCE clocked by clk_host  {rise@0.000ns fall@4.000ns period=8.000ns})
  Destination:            u_axil_w/u_fifo/wq_reg[0][1]/D
                            (rising edge-triggered cell FDCE clocked by clk_core  {rise@0.000ns fall@2.000ns period=4.000ns})
  Path Group:             (none)
  Path Type:              Hold (Min at Fast Process Corner)
  Data Path Delay:        0.148ns  (logic 0.040ns (27.027%)  route 0.108ns (72.973%))
  Logic Levels:           0  
  Clock Path Skew:        0.005ns (DCD - SCD - CPR)
    Destination Clock Delay (DCD):    0.018ns
    Source Clock Delay      (SCD):    0.013ns
    Clock Pessimism Removal (CPR):    -0.000ns
  Clock Uncertainty:      0.135ns  ((TSJ^2 + TIJ^2)^1/2 + DJ) / 2 + PE + UU
    Total System Jitter     (TSJ):    0.071ns
    Total Input Jitter      (TIJ):    0.000ns
    Discrete Jitter          (DJ):    0.000ns
    Phase Error              (PE):    0.000ns
    User Uncertainty         (UU):    0.100ns
  Timing Exception:       False Path

    Location             Delay type                Incr(ns)  Path(ns)    Netlist Resource(s)
  -------------------------------------------------------------------    -------------------
                         (clock clk_host rise edge)
                                                      0.000     0.000 r  
                                                      0.000     0.000 r  clk_host (IN)
                         net (fo=145, unset)          0.013     0.013    u_axil_w/u_fifo/clk_host
    SLICE_X92Y553        FDCE                                         r  u_axil_w/u_fifo/wgray_reg[1]/C
  -------------------------------------------------------------------    -------------------
    SLICE_X92Y553        FDCE (Prop_FFF2_SLICEM_C_Q)
                                                      0.040     0.053 r  u_axil_w/u_fifo/wgray_reg[1]/Q
                         net (fo=1, routed)           0.108     0.161    u_axil_w/u_fifo/wgray_reg_n_0_[1]
    SLICE_X91Y553        FDCE                                         r  u_axil_w/u_fifo/wq_reg[0][1]/D
  -------------------------------------------------------------------    -------------------

                         (clock clk_core rise edge)
                                                      0.000     0.000 r  
                                                      0.000     0.000 r  clk_core (IN)
                         net (fo=5569, unset)         0.018     0.018    u_axil_w/u_fifo/clk_core
    SLICE_X91Y553        FDCE                                         r  u_axil_w/u_fifo/wq_reg[0][1]/C

Slack:                    inf
  Source:                 u_egress/u_fifo/rbin_reg[6]/C
                            (rising edge-triggered cell FDCE clocked by clk_host  {rise@0.000ns fall@4.000ns period=8.000ns})
  Destination:            u_egress/u_fifo/rq_reg[0][6]/D
                            (rising edge-triggered cell FDCE clocked by clk_core  {rise@0.000ns fall@2.000ns period=4.000ns})
  Path Group:             (none)
  Path Type:              Hold (Min at Fast Process Corner)
  Data Path Delay:        0.148ns  (logic 0.038ns (25.651%)  route 0.110ns (74.349%))
  Logic Levels:           0  
  Clock Path Skew:        0.006ns (DCD - SCD - CPR)
    Destination Clock Delay (DCD):    0.019ns
    Source Clock Delay      (SCD):    0.013ns
    Clock Pessimism Removal (CPR):    -0.000ns
  Clock Uncertainty:      0.135ns  ((TSJ^2 + TIJ^2)^1/2 + DJ) / 2 + PE + UU
    Total System Jitter     (TSJ):    0.071ns
    Total Input Jitter      (TIJ):    0.000ns
    Discrete Jitter          (DJ):    0.000ns
    Phase Error              (PE):    0.000ns
    User Uncertainty         (UU):    0.100ns
  Timing Exception:       False Path

    Location             Delay type                Incr(ns)  Path(ns)    Netlist Resource(s)
  -------------------------------------------------------------------    -------------------
                         (clock clk_host rise edge)
                                                      0.000     0.000 r  
                                                      0.000     0.000 r  clk_host (IN)
                         net (fo=145, unset)          0.013     0.013    u_egress/u_fifo/clk_host
    SLICE_X100Y551       FDCE                                         r  u_egress/u_fifo/rbin_reg[6]/C
  -------------------------------------------------------------------    -------------------
    SLICE_X100Y551       FDCE (Prop_EFF_SLICEM_C_Q)
                                                      0.038     0.051 r  u_egress/u_fifo/rbin_reg[6]/Q
                         net (fo=4, routed)           0.110     0.161    u_egress/u_fifo/rbin_reg[6]
    SLICE_X101Y553       FDCE                                         r  u_egress/u_fifo/rq_reg[0][6]/D
  -------------------------------------------------------------------    -------------------

                         (clock clk_core rise edge)
                                                      0.000     0.000 r  
                                                      0.000     0.000 r  clk_core (IN)
                         net (fo=5569, unset)         0.019     0.019    u_egress/u_fifo/clk_core
    SLICE_X101Y553       FDCE                                         r  u_egress/u_fifo/rq_reg[0][6]/C

Slack:                    inf
  Source:                 u_axil_r/u_fifo/rgray_reg[0]/C
                            (rising edge-triggered cell FDCE clocked by clk_host  {rise@0.000ns fall@4.000ns period=8.000ns})
  Destination:            u_axil_r/u_fifo/rq_reg[0][0]/D
                            (rising edge-triggered cell FDCE clocked by clk_core  {rise@0.000ns fall@2.000ns period=4.000ns})
  Path Group:             (none)
  Path Type:              Hold (Min at Fast Process Corner)
  Data Path Delay:        0.151ns  (logic 0.037ns (24.503%)  route 0.114ns (75.497%))
  Logic Levels:           0  
  Clock Path Skew:        0.006ns (DCD - SCD - CPR)
    Destination Clock Delay (DCD):    0.019ns
    Source Clock Delay      (SCD):    0.013ns
    Clock Pessimism Removal (CPR):    -0.000ns
  Clock Uncertainty:      0.135ns  ((TSJ^2 + TIJ^2)^1/2 + DJ) / 2 + PE + UU
    Total System Jitter     (TSJ):    0.071ns
    Total Input Jitter      (TIJ):    0.000ns
    Discrete Jitter          (DJ):    0.000ns
    Phase Error              (PE):    0.000ns
    User Uncertainty         (UU):    0.100ns
  Timing Exception:       False Path

    Location             Delay type                Incr(ns)  Path(ns)    Netlist Resource(s)
  -------------------------------------------------------------------    -------------------
                         (clock clk_host rise edge)
                                                      0.000     0.000 r  
                                                      0.000     0.000 r  clk_host (IN)
                         net (fo=145, unset)          0.013     0.013    u_axil_r/u_fifo/clk_host
    SLICE_X97Y555        FDCE                                         r  u_axil_r/u_fifo/rgray_reg[0]/C
  -------------------------------------------------------------------    -------------------
    SLICE_X97Y555        FDCE (Prop_FFF_SLICEM_C_Q)
                                                      0.037     0.050 r  u_axil_r/u_fifo/rgray_reg[0]/Q
                         net (fo=1, routed)           0.114     0.164    u_axil_r/u_fifo/rgray_reg_n_0_[0]
    SLICE_X97Y557        FDCE                                         r  u_axil_r/u_fifo/rq_reg[0][0]/D
  -------------------------------------------------------------------    -------------------

                         (clock clk_core rise edge)
                                                      0.000     0.000 r  
                                                      0.000     0.000 r  clk_core (IN)
                         net (fo=5569, unset)         0.019     0.019    u_axil_r/u_fifo/clk_core
    SLICE_X97Y557        FDCE                                         r  u_axil_r/u_fifo/rq_reg[0][0]/C

Slack:                    inf
  Source:                 u_axil_aw/u_fifo/wbin_reg[2]/C
                            (rising edge-triggered cell FDCE clocked by clk_host  {rise@0.000ns fall@4.000ns period=8.000ns})
  Destination:            u_axil_aw/u_fifo/wq_reg[0][2]/D
                            (rising edge-triggered cell FDCE clocked by clk_core  {rise@0.000ns fall@2.000ns period=4.000ns})
  Path Group:             (none)
  Path Type:              Hold (Min at Fast Process Corner)
  Data Path Delay:        0.152ns  (logic 0.039ns (25.648%)  route 0.113ns (74.352%))
  Logic Levels:           0  
  Clock Path Skew:        0.005ns (DCD - SCD - CPR)
    Destination Clock Delay (DCD):    0.018ns
    Source Clock Delay      (SCD):    0.013ns
    Clock Pessimism Removal (CPR):    -0.000ns
  Clock Uncertainty:      0.135ns  ((TSJ^2 + TIJ^2)^1/2 + DJ) / 2 + PE + UU
    Total System Jitter     (TSJ):    0.071ns
    Total Input Jitter      (TIJ):    0.000ns
    Discrete Jitter          (DJ):    0.000ns
    Phase Error              (PE):    0.000ns
    User Uncertainty         (UU):    0.100ns
  Timing Exception:       False Path

    Location             Delay type                Incr(ns)  Path(ns)    Netlist Resource(s)
  -------------------------------------------------------------------    -------------------
                         (clock clk_host rise edge)
                                                      0.000     0.000 r  
                                                      0.000     0.000 r  clk_host (IN)
                         net (fo=145, unset)          0.013     0.013    u_axil_aw/u_fifo/clk_host
    SLICE_X91Y556        FDCE                                         r  u_axil_aw/u_fifo/wbin_reg[2]/C
  -------------------------------------------------------------------    -------------------
    SLICE_X91Y556        FDCE (Prop_EFF_SLICEL_C_Q)
                                                      0.039     0.052 r  u_axil_aw/u_fifo/wbin_reg[2]/Q
                         net (fo=3, routed)           0.113     0.165    u_axil_aw/u_fifo/wbin_reg_n_0_[2]
    SLICE_X91Y556        FDCE                                         r  u_axil_aw/u_fifo/wq_reg[0][2]/D
  -------------------------------------------------------------------    -------------------

                         (clock clk_core rise edge)
                                                      0.000     0.000 r  
                                                      0.000     0.000 r  clk_core (IN)
                         net (fo=5569, unset)         0.018     0.018    u_axil_aw/u_fifo/clk_core
    SLICE_X91Y556        FDCE                                         r  u_axil_aw/u_fifo/wq_reg[0][2]/C





--------------------------------------------------------------------------------------
Path Group:  (none)
From Clock:  clk_line
  To Clock:  clk_core

Max Delay             0 Endpoints
Min Delay           330 Endpoints
--------------------------------------------------------------------------------------


Min Delay Paths
--------------------------------------------------------------------------------------
Slack:                    inf
  Source:                 u_ingress/u_fifo/wgray_reg[8]/C
                            (rising edge-triggered cell FDCE clocked by clk_line  {rise@0.000ns fall@3.200ns period=6.400ns})
  Destination:            u_ingress/u_fifo/wq_reg[0][8]/D
                            (rising edge-triggered cell FDCE clocked by clk_core  {rise@0.000ns fall@2.000ns period=4.000ns})
  Path Group:             (none)
  Path Type:              Hold (Min at Fast Process Corner)
  Data Path Delay:        0.096ns  (logic 0.039ns (40.625%)  route 0.057ns (59.375%))
  Logic Levels:           0  
  Clock Path Skew:        0.007ns (DCD - SCD - CPR)
    Destination Clock Delay (DCD):    0.019ns
    Source Clock Delay      (SCD):    0.012ns
    Clock Pessimism Removal (CPR):    -0.000ns
  Clock Uncertainty:      0.135ns  ((TSJ^2 + TIJ^2)^1/2 + DJ) / 2 + PE + UU
    Total System Jitter     (TSJ):    0.071ns
    Total Input Jitter      (TIJ):    0.000ns
    Discrete Jitter          (DJ):    0.000ns
    Phase Error              (PE):    0.000ns
    User Uncertainty         (UU):    0.100ns
  Timing Exception:       False Path

    Location             Delay type                Incr(ns)  Path(ns)    Netlist Resource(s)
  -------------------------------------------------------------------    -------------------
                         (clock clk_line rise edge)
                                                      0.000     0.000 r  
                                                      0.000     0.000 r  clk_line (IN)
                         net (fo=138, unset)          0.012     0.012    u_ingress/u_fifo/clk_line
    SLICE_X103Y480       FDCE                                         r  u_ingress/u_fifo/wgray_reg[8]/C
  -------------------------------------------------------------------    -------------------
    SLICE_X103Y480       FDCE (Prop_BFF_SLICEL_C_Q)
                                                      0.039     0.051 r  u_ingress/u_fifo/wgray_reg[8]/Q
                         net (fo=1, routed)           0.057     0.108    u_ingress/u_fifo/wgray[8]
    SLICE_X103Y479       FDCE                                         r  u_ingress/u_fifo/wq_reg[0][8]/D
  -------------------------------------------------------------------    -------------------

                         (clock clk_core rise edge)
                                                      0.000     0.000 r  
                                                      0.000     0.000 r  clk_core (IN)
                         net (fo=5569, unset)         0.019     0.019    u_ingress/u_fifo/clk_core
    SLICE_X103Y479       FDCE                                         r  u_ingress/u_fifo/wq_reg[0][8]/C

Slack:                    inf
  Source:                 u_ingress/u_fifo/wgray_reg[3]/C
                            (rising edge-triggered cell FDCE clocked by clk_line  {rise@0.000ns fall@3.200ns period=6.400ns})
  Destination:            u_ingress/u_fifo/wq_reg[0][3]/D
                            (rising edge-triggered cell FDCE clocked by clk_core  {rise@0.000ns fall@2.000ns period=4.000ns})
  Path Group:             (none)
  Path Type:              Hold (Min at Fast Process Corner)
  Data Path Delay:        0.097ns  (logic 0.039ns (40.206%)  route 0.058ns (59.794%))
  Logic Levels:           0  
  Clock Path Skew:        0.005ns (DCD - SCD - CPR)
    Destination Clock Delay (DCD):    0.018ns
    Source Clock Delay      (SCD):    0.013ns
    Clock Pessimism Removal (CPR):    -0.000ns
  Clock Uncertainty:      0.135ns  ((TSJ^2 + TIJ^2)^1/2 + DJ) / 2 + PE + UU
    Total System Jitter     (TSJ):    0.071ns
    Total Input Jitter      (TIJ):    0.000ns
    Discrete Jitter          (DJ):    0.000ns
    Phase Error              (PE):    0.000ns
    User Uncertainty         (UU):    0.100ns
  Timing Exception:       False Path

    Location             Delay type                Incr(ns)  Path(ns)    Netlist Resource(s)
  -------------------------------------------------------------------    -------------------
                         (clock clk_line rise edge)
                                                      0.000     0.000 r  
                                                      0.000     0.000 r  clk_line (IN)
                         net (fo=138, unset)          0.013     0.013    u_ingress/u_fifo/clk_line
    SLICE_X103Y481       FDCE                                         r  u_ingress/u_fifo/wgray_reg[3]/C
  -------------------------------------------------------------------    -------------------
    SLICE_X103Y481       FDCE (Prop_GFF_SLICEL_C_Q)
                                                      0.039     0.052 r  u_ingress/u_fifo/wgray_reg[3]/Q
                         net (fo=1, routed)           0.058     0.110    u_ingress/u_fifo/wgray[3]
    SLICE_X103Y479       FDCE                                         r  u_ingress/u_fifo/wq_reg[0][3]/D
  -------------------------------------------------------------------    -------------------

                         (clock clk_core rise edge)
                                                      0.000     0.000 r  
                                                      0.000     0.000 r  clk_core (IN)
                         net (fo=5569, unset)         0.018     0.018    u_ingress/u_fifo/clk_core
    SLICE_X103Y479       FDCE                                         r  u_ingress/u_fifo/wq_reg[0][3]/C

Slack:                    inf
  Source:                 u_ingress/u_fifo/wgray_reg[6]/C
                            (rising edge-triggered cell FDCE clocked by clk_line  {rise@0.000ns fall@3.200ns period=6.400ns})
  Destination:            u_ingress/u_fifo/wq_reg[0][6]/D
                            (rising edge-triggered cell FDCE clocked by clk_core  {rise@0.000ns fall@2.000ns period=4.000ns})
  Path Group:             (none)
  Path Type:              Hold (Min at Fast Process Corner)
  Data Path Delay:        0.124ns  (logic 0.040ns (32.258%)  route 0.084ns (67.742%))
  Logic Levels:           0  
  Clock Path Skew:        0.006ns (DCD - SCD - CPR)
    Destination Clock Delay (DCD):    0.018ns
    Source Clock Delay      (SCD):    0.012ns
    Clock Pessimism Removal (CPR):    -0.000ns
  Clock Uncertainty:      0.135ns  ((TSJ^2 + TIJ^2)^1/2 + DJ) / 2 + PE + UU
    Total System Jitter     (TSJ):    0.071ns
    Total Input Jitter      (TIJ):    0.000ns
    Discrete Jitter          (DJ):    0.000ns
    Phase Error              (PE):    0.000ns
    User Uncertainty         (UU):    0.100ns
  Timing Exception:       False Path

    Location             Delay type                Incr(ns)  Path(ns)    Netlist Resource(s)
  -------------------------------------------------------------------    -------------------
                         (clock clk_line rise edge)
                                                      0.000     0.000 r  
                                                      0.000     0.000 r  clk_line (IN)
                         net (fo=138, unset)          0.012     0.012    u_ingress/u_fifo/clk_line
    SLICE_X103Y480       FDCE                                         r  u_ingress/u_fifo/wgray_reg[6]/C
  -------------------------------------------------------------------    -------------------
    SLICE_X103Y480       FDCE (Prop_AFF2_SLICEL_C_Q)
                                                      0.040     0.052 r  u_ingress/u_fifo/wgray_reg[6]/Q
                         net (fo=1, routed)           0.084     0.136    u_ingress/u_fifo/wgray[6]
    SLICE_X103Y479       FDCE                                         r  u_ingress/u_fifo/wq_reg[0][6]/D
  -------------------------------------------------------------------    -------------------

                         (clock clk_core rise edge)
                                                      0.000     0.000 r  
                                                      0.000     0.000 r  clk_core (IN)
                         net (fo=5569, unset)         0.018     0.018    u_ingress/u_fifo/clk_core
    SLICE_X103Y479       FDCE                                         r  u_ingress/u_fifo/wq_reg[0][6]/C

Slack:                    inf
  Source:                 u_ingress/u_fifo/wgray_reg[2]/C
                            (rising edge-triggered cell FDCE clocked by clk_line  {rise@0.000ns fall@3.200ns period=6.400ns})
  Destination:            u_ingress/u_fifo/wq_reg[0][2]/D
                            (rising edge-triggered cell FDCE clocked by clk_core  {rise@0.000ns fall@2.000ns period=4.000ns})
  Path Group:             (none)
  Path Type:              Hold (Min at Fast Process Corner)
  Data Path Delay:        0.125ns  (logic 0.039ns (31.200%)  route 0.086ns (68.800%))
  Logic Levels:           0  
  Clock Path Skew:        0.006ns (DCD - SCD - CPR)
    Destination Clock Delay (DCD):    0.019ns
    Source Clock Delay      (SCD):    0.013ns
    Clock Pessimism Removal (CPR):    -0.000ns
  Clock Uncertainty:      0.135ns  ((TSJ^2 + TIJ^2)^1/2 + DJ) / 2 + PE + UU
    Total System Jitter     (TSJ):    0.071ns
    Total Input Jitter      (TIJ):    0.000ns
    Discrete Jitter          (DJ):    0.000ns
    Phase Error              (PE):    0.000ns
    User Uncertainty         (UU):    0.100ns
  Timing Exception:       False Path

    Location             Delay type                Incr(ns)  Path(ns)    Netlist Resource(s)
  -------------------------------------------------------------------    -------------------
                         (clock clk_line rise edge)
                                                      0.000     0.000 r  
                                                      0.000     0.000 r  clk_line (IN)
                         net (fo=138, unset)          0.013     0.013    u_ingress/u_fifo/clk_line
    SLICE_X104Y482       FDCE                                         r  u_ingress/u_fifo/wgray_reg[2]/C
  -------------------------------------------------------------------    -------------------
    SLICE_X104Y482       FDCE (Prop_DFF_SLICEM_C_Q)
                                                      0.039     0.052 r  u_ingress/u_fifo/wgray_reg[2]/Q
                         net (fo=1, routed)           0.086     0.138    u_ingress/u_fifo/wgray[2]
    SLICE_X104Y482       FDCE                                         r  u_ingress/u_fifo/wq_reg[0][2]/D
  -------------------------------------------------------------------    -------------------

                         (clock clk_core rise edge)
                                                      0.000     0.000 r  
                                                      0.000     0.000 r  clk_core (IN)
                         net (fo=5569, unset)         0.019     0.019    u_ingress/u_fifo/clk_core
    SLICE_X104Y482       FDCE                                         r  u_ingress/u_fifo/wq_reg[0][2]/C

Slack:                    inf
  Source:                 u_ingress/u_fifo/wgray_reg[0]/C
                            (rising edge-triggered cell FDCE clocked by clk_line  {rise@0.000ns fall@3.200ns period=6.400ns})
  Destination:            u_ingress/u_fifo/wq_reg[0][0]/D
                            (rising edge-triggered cell FDCE clocked by clk_core  {rise@0.000ns fall@2.000ns period=4.000ns})
  Path Group:             (none)
  Path Type:              Hold (Min at Fast Process Corner)
  Data Path Delay:        0.127ns  (logic 0.039ns (30.709%)  route 0.088ns (69.291%))
  Logic Levels:           0  
  Clock Path Skew:        0.005ns (DCD - SCD - CPR)
    Destination Clock Delay (DCD):    0.018ns
    Source Clock Delay      (SCD):    0.013ns
    Clock Pessimism Removal (CPR):    -0.000ns
  Clock Uncertainty:      0.135ns  ((TSJ^2 + TIJ^2)^1/2 + DJ) / 2 + PE + UU
    Total System Jitter     (TSJ):    0.071ns
    Total Input Jitter      (TIJ):    0.000ns
    Discrete Jitter          (DJ):    0.000ns
    Phase Error              (PE):    0.000ns
    User Uncertainty         (UU):    0.100ns
  Timing Exception:       False Path

    Location             Delay type                Incr(ns)  Path(ns)    Netlist Resource(s)
  -------------------------------------------------------------------    -------------------
                         (clock clk_line rise edge)
                                                      0.000     0.000 r  
                                                      0.000     0.000 r  clk_line (IN)
                         net (fo=138, unset)          0.013     0.013    u_ingress/u_fifo/clk_line
    SLICE_X103Y482       FDCE                                         r  u_ingress/u_fifo/wgray_reg[0]/C
  -------------------------------------------------------------------    -------------------
    SLICE_X103Y482       FDCE (Prop_FFF_SLICEL_C_Q)
                                                      0.039     0.052 r  u_ingress/u_fifo/wgray_reg[0]/Q
                         net (fo=1, routed)           0.088     0.140    u_ingress/u_fifo/wgray[0]
    SLICE_X103Y482       FDCE                                         r  u_ingress/u_fifo/wq_reg[0][0]/D
  -------------------------------------------------------------------    -------------------

                         (clock clk_core rise edge)
                                                      0.000     0.000 r  
                                                      0.000     0.000 r  clk_core (IN)
                         net (fo=5569, unset)         0.018     0.018    u_ingress/u_fifo/clk_core
    SLICE_X103Y482       FDCE                                         r  u_ingress/u_fifo/wq_reg[0][0]/C

Slack:                    inf
  Source:                 u_ingress/u_fifo/wgray_reg[4]/C
                            (rising edge-triggered cell FDCE clocked by clk_line  {rise@0.000ns fall@3.200ns period=6.400ns})
  Destination:            u_ingress/u_fifo/wq_reg[0][4]/D
                            (rising edge-triggered cell FDCE clocked by clk_core  {rise@0.000ns fall@2.000ns period=4.000ns})
  Path Group:             (none)
  Path Type:              Hold (Min at Fast Process Corner)
  Data Path Delay:        0.145ns  (logic 0.039ns (26.897%)  route 0.106ns (73.103%))
  Logic Levels:           0  
  Clock Path Skew:        0.007ns (DCD - SCD - CPR)
    Destination Clock Delay (DCD):    0.019ns
    Source Clock Delay      (SCD):    0.012ns
    Clock Pessimism Removal (CPR):    -0.000ns
  Clock Uncertainty:      0.135ns  ((TSJ^2 + TIJ^2)^1/2 + DJ) / 2 + PE + UU
    Total System Jitter     (TSJ):    0.071ns
    Total Input Jitter      (TIJ):    0.000ns
    Discrete Jitter          (DJ):    0.000ns
    Phase Error              (PE):    0.000ns
    User Uncertainty         (UU):    0.100ns
  Timing Exception:       False Path

    Location             Delay type                Incr(ns)  Path(ns)    Netlist Resource(s)
  -------------------------------------------------------------------    -------------------
                         (clock clk_line rise edge)
                                                      0.000     0.000 r  
                                                      0.000     0.000 r  clk_line (IN)
                         net (fo=138, unset)          0.012     0.012    u_ingress/u_fifo/clk_line
    SLICE_X103Y481       FDCE                                         r  u_ingress/u_fifo/wgray_reg[4]/C
  -------------------------------------------------------------------    -------------------
    SLICE_X103Y481       FDCE (Prop_BFF_SLICEL_C_Q)
                                                      0.039     0.051 r  u_ingress/u_fifo/wgray_reg[4]/Q
                         net (fo=1, routed)           0.106     0.157    u_ingress/u_fifo/wgray[4]
    SLICE_X103Y480       FDCE                                         r  u_ingress/u_fifo/wq_reg[0][4]/D
  -------------------------------------------------------------------    -------------------

                         (clock clk_core rise edge)
                                                      0.000     0.000 r  
                                                      0.000     0.000 r  clk_core (IN)
                         net (fo=5569, unset)         0.019     0.019    u_ingress/u_fifo/clk_core
    SLICE_X103Y480       FDCE                                         r  u_ingress/u_fifo/wq_reg[0][4]/C

Slack:                    inf
  Source:                 u_ingress/u_fifo/wgray_reg[1]/C
                            (rising edge-triggered cell FDCE clocked by clk_line  {rise@0.000ns fall@3.200ns period=6.400ns})
  Destination:            u_ingress/u_fifo/wq_reg[0][1]/D
                            (rising edge-triggered cell FDCE clocked by clk_core  {rise@0.000ns fall@2.000ns period=4.000ns})
  Path Group:             (none)
  Path Type:              Hold (Min at Fast Process Corner)
  Data Path Delay:        0.153ns  (logic 0.038ns (24.837%)  route 0.115ns (75.163%))
  Logic Levels:           0  
  Clock Path Skew:        0.006ns (DCD - SCD - CPR)
    Destination Clock Delay (DCD):    0.019ns
    Source Clock Delay      (SCD):    0.013ns
    Clock Pessimism Removal (CPR):    -0.000ns
  Clock Uncertainty:      0.135ns  ((TSJ^2 + TIJ^2)^1/2 + DJ) / 2 + PE + UU
    Total System Jitter     (TSJ):    0.071ns
    Total Input Jitter      (TIJ):    0.000ns
    Discrete Jitter          (DJ):    0.000ns
    Phase Error              (PE):    0.000ns
    User Uncertainty         (UU):    0.100ns
  Timing Exception:       False Path

    Location             Delay type                Incr(ns)  Path(ns)    Netlist Resource(s)
  -------------------------------------------------------------------    -------------------
                         (clock clk_line rise edge)
                                                      0.000     0.000 r  
                                                      0.000     0.000 r  clk_line (IN)
                         net (fo=138, unset)          0.013     0.013    u_ingress/u_fifo/clk_line
    SLICE_X104Y482       FDCE                                         r  u_ingress/u_fifo/wgray_reg[1]/C
  -------------------------------------------------------------------    -------------------
    SLICE_X104Y482       FDCE (Prop_AFF_SLICEM_C_Q)
                                                      0.038     0.051 r  u_ingress/u_fifo/wgray_reg[1]/Q
                         net (fo=1, routed)           0.115     0.166    u_ingress/u_fifo/wgray[1]
    SLICE_X104Y482       FDCE                                         r  u_ingress/u_fifo/wq_reg[0][1]/D
  -------------------------------------------------------------------    -------------------

                         (clock clk_core rise edge)
                                                      0.000     0.000 r  
                                                      0.000     0.000 r  clk_core (IN)
                         net (fo=5569, unset)         0.019     0.019    u_ingress/u_fifo/clk_core
    SLICE_X104Y482       FDCE                                         r  u_ingress/u_fifo/wq_reg[0][1]/C

Slack:                    inf
  Source:                 u_ingress/u_fifo/wgray_reg[5]/C
                            (rising edge-triggered cell FDCE clocked by clk_line  {rise@0.000ns fall@3.200ns period=6.400ns})
  Destination:            u_ingress/u_fifo/wq_reg[0][5]/D
                            (rising edge-triggered cell FDCE clocked by clk_core  {rise@0.000ns fall@2.000ns period=4.000ns})
  Path Group:             (none)
  Path Type:              Hold (Min at Fast Process Corner)
  Data Path Delay:        0.157ns  (logic 0.041ns (26.115%)  route 0.116ns (73.885%))
  Logic Levels:           0  
  Clock Path Skew:        0.007ns (DCD - SCD - CPR)
    Destination Clock Delay (DCD):    0.019ns
    Source Clock Delay      (SCD):    0.012ns
    Clock Pessimism Removal (CPR):    -0.000ns
  Clock Uncertainty:      0.135ns  ((TSJ^2 + TIJ^2)^1/2 + DJ) / 2 + PE + UU
    Total System Jitter     (TSJ):    0.071ns
    Total Input Jitter      (TIJ):    0.000ns
    Discrete Jitter          (DJ):    0.000ns
    Phase Error              (PE):    0.000ns
    User Uncertainty         (UU):    0.100ns
  Timing Exception:       False Path

    Location             Delay type                Incr(ns)  Path(ns)    Netlist Resource(s)
  -------------------------------------------------------------------    -------------------
                         (clock clk_line rise edge)
                                                      0.000     0.000 r  
                                                      0.000     0.000 r  clk_line (IN)
                         net (fo=138, unset)          0.012     0.012    u_ingress/u_fifo/clk_line
    SLICE_X101Y480       FDCE                                         r  u_ingress/u_fifo/wgray_reg[5]/C
  -------------------------------------------------------------------    -------------------
    SLICE_X101Y480       FDCE (Prop_DFF2_SLICEL_C_Q)
                                                      0.041     0.053 r  u_ingress/u_fifo/wgray_reg[5]/Q
                         net (fo=1, routed)           0.116     0.169    u_ingress/u_fifo/wgray[5]
    SLICE_X102Y480       FDCE                                         r  u_ingress/u_fifo/wq_reg[0][5]/D
  -------------------------------------------------------------------    -------------------

                         (clock clk_core rise edge)
                                                      0.000     0.000 r  
                                                      0.000     0.000 r  clk_core (IN)
                         net (fo=5569, unset)         0.019     0.019    u_ingress/u_fifo/clk_core
    SLICE_X102Y480       FDCE                                         r  u_ingress/u_fifo/wq_reg[0][5]/C

Slack:                    inf
  Source:                 u_ingress/u_fifo/wbin_reg[9]/C
                            (rising edge-triggered cell FDCE clocked by clk_line  {rise@0.000ns fall@3.200ns period=6.400ns})
  Destination:            u_ingress/u_fifo/wq_reg[0][9]/D
                            (rising edge-triggered cell FDCE clocked by clk_core  {rise@0.000ns fall@2.000ns period=4.000ns})
  Path Group:             (none)
  Path Type:              Hold (Min at Fast Process Corner)
  Data Path Delay:        0.180ns  (logic 0.039ns (21.683%)  route 0.141ns (78.317%))
  Logic Levels:           0  
  Clock Path Skew:        0.006ns (DCD - SCD - CPR)
    Destination Clock Delay (DCD):    0.018ns
    Source Clock Delay      (SCD):    0.012ns
    Clock Pessimism Removal (CPR):    -0.000ns
  Clock Uncertainty:      0.135ns  ((TSJ^2 + TIJ^2)^1/2 + DJ) / 2 + PE + UU
    Total System Jitter     (TSJ):    0.071ns
    Total Input Jitter      (TIJ):    0.000ns
    Discrete Jitter          (DJ):    0.000ns
    Phase Error              (PE):    0.000ns
    User Uncertainty         (UU):    0.100ns
  Timing Exception:       False Path

    Location             Delay type                Incr(ns)  Path(ns)    Netlist Resource(s)
  -------------------------------------------------------------------    -------------------
                         (clock clk_line rise edge)
                                                      0.000     0.000 r  
                                                      0.000     0.000 r  clk_line (IN)
                         net (fo=138, unset)          0.012     0.012    u_ingress/u_fifo/clk_line
    SLICE_X103Y480       FDCE                                         r  u_ingress/u_fifo/wbin_reg[9]/C
  -------------------------------------------------------------------    -------------------
    SLICE_X103Y480       FDCE (Prop_AFF_SLICEL_C_Q)
                                                      0.039     0.051 r  u_ingress/u_fifo/wbin_reg[9]/Q
                         net (fo=4, routed)           0.141     0.192    u_ingress/u_fifo/wbin_reg_n_0_[9]
    SLICE_X103Y482       FDCE                                         r  u_ingress/u_fifo/wq_reg[0][9]/D
  -------------------------------------------------------------------    -------------------

                         (clock clk_core rise edge)
                                                      0.000     0.000 r  
                                                      0.000     0.000 r  clk_core (IN)
                         net (fo=5569, unset)         0.018     0.018    u_ingress/u_fifo/clk_core
    SLICE_X103Y482       FDCE                                         r  u_ingress/u_fifo/wq_reg[0][9]/C

Slack:                    inf
  Source:                 u_ingress/u_fifo/mem_reg_0_63_7_8/RAMA/CLK
                            (rising edge-triggered cell RAMD64E clocked by clk_line  {rise@0.000ns fall@3.200ns period=6.400ns})
  Destination:            u_core/u_parser/msg_type_r_reg[7]/D
                            (rising edge-triggered cell FDCE clocked by clk_core  {rise@0.000ns fall@2.000ns period=4.000ns})
  Path Group:             (none)
  Path Type:              Hold (Min at Fast Process Corner)
  Data Path Delay:        0.218ns  (logic 0.132ns (60.550%)  route 0.086ns (39.450%))
  Logic Levels:           2  (LUT6=1 MUXF7=1)
  Clock Path Skew:        -0.011ns (DCD - SCD - CPR)
    Destination Clock Delay (DCD):    0.018ns
    Source Clock Delay      (SCD):    0.029ns
    Clock Pessimism Removal (CPR):    -0.000ns
  Clock Uncertainty:      0.135ns  ((TSJ^2 + TIJ^2)^1/2 + DJ) / 2 + PE + UU
    Total System Jitter     (TSJ):    0.071ns
    Total Input Jitter      (TIJ):    0.000ns
    Discrete Jitter          (DJ):    0.000ns
    Phase Error              (PE):    0.000ns
    User Uncertainty         (UU):    0.100ns
  Timing Exception:       False Path

    Location             Delay type                Incr(ns)  Path(ns)    Netlist Resource(s)
  -------------------------------------------------------------------    -------------------
                         (clock clk_line rise edge)
                                                      0.000     0.000 r  
                                                      0.000     0.000 r  clk_line (IN)
                         net (fo=138, unset)          0.029     0.029    u_ingress/u_fifo/mem_reg_0_63_7_8/WCLK
    SLICE_X100Y480       RAMD64E                                      r  u_ingress/u_fifo/mem_reg_0_63_7_8/RAMA/CLK
  -------------------------------------------------------------------    -------------------
    SLICE_X100Y480       RAMD64E (Prop_E6LUT_SLICEM_CLK_O)
                                                      0.108     0.137 r  u_ingress/u_fifo/mem_reg_0_63_7_8/RAMA/O
                         net (fo=1, routed)           0.072     0.209    u_ingress/u_fifo/mem_reg_0_63_7_8_n_0
    SLICE_X101Y482       LUT6 (Prop_D6LUT_SLICEL_I5_O)
                                                      0.014     0.223 r  u_ingress/u_fifo/msg_type_r[7]_i_4/O
                         net (fo=1, routed)           0.007     0.230    u_ingress/u_fifo/msg_type_r[7]_i_4_n_0
    SLICE_X101Y482       MUXF7 (Prop_F7MUX_CD_SLICEL_I0_O)
                                                      0.010     0.240 r  u_ingress/u_fifo/msg_type_r_reg[7]_i_2/O
                         net (fo=9, routed)           0.007     0.247    u_core/u_parser/core_s_tdata[7]
    SLICE_X101Y482       FDCE                                         r  u_core/u_parser/msg_type_r_reg[7]/D
  -------------------------------------------------------------------    -------------------

                         (clock clk_core rise edge)
                                                      0.000     0.000 r  
                                                      0.000     0.000 r  clk_core (IN)
                         net (fo=5569, unset)         0.018     0.018    u_core/u_parser/clk_core
    SLICE_X101Y482       FDCE                                         r  u_core/u_parser/msg_type_r_reg[7]/C





--------------------------------------------------------------------------------------
Path Group:  (none)
From Clock:  
  To Clock:  clk_host

Max Delay           109 Endpoints
Min Delay           109 Endpoints
--------------------------------------------------------------------------------------


Max Delay Paths
--------------------------------------------------------------------------------------
Slack:                    inf
  Source:                 strat_sel[0]
                            (input port)
  Destination:            cfg_valid_host_reg/D
                            (rising edge-triggered cell FDCE clocked by clk_host  {rise@0.000ns fall@4.000ns period=8.000ns})
  Path Group:             (none)
  Path Type:              Setup (Max at Slow Process Corner)
  Data Path Delay:        1.084ns  (logic 0.122ns (11.255%)  route 0.962ns (88.745%))
  Logic Levels:           1  (LUT6=1)
  Clock Path Skew:        0.020ns (DCD - SCD + CPR)
    Destination Clock Delay (DCD):    0.020ns
    Source Clock Delay      (SCD):    0.000ns
    Clock Pessimism Removal (CPR):    0.000ns
  Clock Uncertainty:      0.125ns  ((TSJ^2 + TIJ^2)^1/2 + DJ) / 2 + PE + UU
    Total System Jitter     (TSJ):    0.050ns
    Total Input Jitter      (TIJ):    0.000ns
    Discrete Jitter          (DJ):    0.000ns
    Phase Error              (PE):    0.000ns
    User Uncertainty         (UU):    0.100ns
  Timing Exception:       False Path

    Location             Delay type                Incr(ns)  Path(ns)    Netlist Resource(s)
  -------------------------------------------------------------------    -------------------
                                                      0.000     0.000 r  strat_sel[0] (IN)
                         net (fo=2, unset)            0.000     0.000    u_cfg/u_ack/strat_sel[0]
    SLICE_X110Y555       LUT6 (Prop_D6LUT_SLICEM_I1_O)
                                                      0.122     0.122 r  u_cfg/u_ack/cfg_load_pending_i_1/O
                         net (fo=4, routed)           0.962     1.084    cfg_valid_host0
    SLICE_X111Y555       FDCE                                         r  cfg_valid_host_reg/D
  -------------------------------------------------------------------    -------------------

                         (clock clk_host rise edge)
                                                      0.000     0.000 r  
                                                      0.000     0.000 r  clk_host (IN)
                         net (fo=145, unset)          0.020     0.020    clk_host
    SLICE_X111Y555       FDCE                                         r  cfg_valid_host_reg/C

Slack:                    inf
  Source:                 m_axis_tready
                            (input port)
  Destination:            u_egress/u_fifo/empty_reg/D
                            (rising edge-triggered cell FDPE clocked by clk_host  {rise@0.000ns fall@4.000ns period=8.000ns})
  Path Group:             (none)
  Path Type:              Setup (Max at Slow Process Corner)
  Data Path Delay:        0.902ns  (logic 0.378ns (41.893%)  route 0.524ns (58.107%))
  Logic Levels:           3  (LUT6=3)
  Clock Path Skew:        0.021ns (DCD - SCD + CPR)
    Destination Clock Delay (DCD):    0.021ns
    Source Clock Delay      (SCD):    0.000ns
    Clock Pessimism Removal (CPR):    0.000ns
  Clock Uncertainty:      0.125ns  ((TSJ^2 + TIJ^2)^1/2 + DJ) / 2 + PE + UU
    Total System Jitter     (TSJ):    0.050ns
    Total Input Jitter      (TIJ):    0.000ns
    Discrete Jitter          (DJ):    0.000ns
    Phase Error              (PE):    0.000ns
    User Uncertainty         (UU):    0.100ns
  Timing Exception:       False Path

    Location             Delay type                Incr(ns)  Path(ns)    Netlist Resource(s)
  -------------------------------------------------------------------    -------------------
                                                      0.000     0.000 r  m_axis_tready (IN)
                         net (fo=8, unset)            0.000     0.000    u_egress/u_fifo/m_axis_tready
    SLICE_X101Y552       LUT6 (Prop_C6LUT_SLICEL_I3_O)
                                                      0.088     0.088 r  u_egress/u_fifo/rgray[5]_i_2/O
                         net (fo=6, routed)           0.145     0.233    u_egress/u_fifo/rgray[5]_i_2_n_0
    SLICE_X100Y551       LUT6 (Prop_C6LUT_SLICEM_I4_O)
                                                      0.145     0.378 r  u_egress/u_fifo/empty_i_2/O
                         net (fo=1, routed)           0.307     0.685    u_egress/u_fifo/empty_i_2_n_0
    SLICE_X100Y551       LUT6 (Prop_D6LUT_SLICEM_I4_O)
                                                      0.145     0.830 r  u_egress/u_fifo/empty_i_1/O
                         net (fo=1, routed)           0.072     0.902    u_egress/u_fifo/empty_i_1_n_0
    SLICE_X100Y551       FDPE                                         r  u_egress/u_fifo/empty_reg/D
  -------------------------------------------------------------------    -------------------

                         (clock clk_host rise edge)
                                                      0.000     0.000 r  
                                                      0.000     0.000 r  clk_host (IN)
                         net (fo=145, unset)          0.021     0.021    u_egress/u_fifo/clk_host
    SLICE_X100Y551       FDPE                                         r  u_egress/u_fifo/empty_reg/C

Slack:                    inf
  Source:                 s_axil_rready
                            (input port)
  Destination:            u_axil_r/u_fifo/rgray_reg[0]/D
                            (rising edge-triggered cell FDCE clocked by clk_host  {rise@0.000ns fall@4.000ns period=8.000ns})
  Path Group:             (none)
  Path Type:              Setup (Max at Slow Process Corner)
  Data Path Delay:        0.744ns  (logic 0.116ns (15.587%)  route 0.628ns (84.413%))
  Logic Levels:           1  (LUT4=1)
  Clock Path Skew:        0.021ns (DCD - SCD + CPR)
    Destination Clock Delay (DCD):    0.021ns
    Source Clock Delay      (SCD):    0.000ns
    Clock Pessimism Removal (CPR):    0.000ns
  Clock Uncertainty:      0.125ns  ((TSJ^2 + TIJ^2)^1/2 + DJ) / 2 + PE + UU
    Total System Jitter     (TSJ):    0.050ns
    Total Input Jitter      (TIJ):    0.000ns
    Discrete Jitter          (DJ):    0.000ns
    Phase Error              (PE):    0.000ns
    User Uncertainty         (UU):    0.100ns
  Timing Exception:       False Path

    Location             Delay type                Incr(ns)  Path(ns)    Netlist Resource(s)
  -------------------------------------------------------------------    -------------------
                                                      0.000     0.000 r  s_axil_rready (IN)
                         net (fo=4, unset)            0.000     0.000    u_axil_r/u_fifo/s_axil_rready
    SLICE_X97Y555        LUT4 (Prop_B5LUT_SLICEM_I1_O)
                                                      0.116     0.116 r  u_axil_r/u_fifo/rgray[0]_i_1__1/O
                         net (fo=2, routed)           0.628     0.744    u_axil_r/u_fifo/bin2gray4_return[0]
    SLICE_X97Y555        FDCE                                         r  u_axil_r/u_fifo/rgray_reg[0]/D
  -------------------------------------------------------------------    -------------------

                         (clock clk_host rise edge)
                                                      0.000     0.000 r  
                                                      0.000     0.000 r  clk_host (IN)
                         net (fo=145, unset)          0.021     0.021    u_axil_r/u_fifo/clk_host
    SLICE_X97Y555        FDCE                                         r  u_axil_r/u_fifo/rgray_reg[0]/C

Slack:                    inf
  Source:                 s_axil_bready
                            (input port)
  Destination:            u_axil_b/u_fifo/empty_reg/D
                            (rising edge-triggered cell FDPE clocked by clk_host  {rise@0.000ns fall@4.000ns period=8.000ns})
  Path Group:             (none)
  Path Type:              Setup (Max at Slow Process Corner)
  Data Path Delay:        0.738ns  (logic 0.200ns (27.090%)  route 0.538ns (72.910%))
  Logic Levels:           2  (LUT4=1 LUT6=1)
  Clock Path Skew:        0.021ns (DCD - SCD + CPR)
    Destination Clock Delay (DCD):    0.021ns
    Source Clock Delay      (SCD):    0.000ns
    Clock Pessimism Removal (CPR):    0.000ns
  Clock Uncertainty:      0.125ns  ((TSJ^2 + TIJ^2)^1/2 + DJ) / 2 + PE + UU
    Total System Jitter     (TSJ):    0.050ns
    Total Input Jitter      (TIJ):    0.000ns
    Discrete Jitter          (DJ):    0.000ns
    Phase Error              (PE):    0.000ns
    User Uncertainty         (UU):    0.100ns
  Timing Exception:       False Path

    Location             Delay type                Incr(ns)  Path(ns)    Netlist Resource(s)
  -------------------------------------------------------------------    -------------------
                                                      0.000     0.000 r  s_axil_bready (IN)
                         net (fo=4, unset)            0.000     0.000    u_axil_b/u_fifo/s_axil_bready
    SLICE_X94Y551        LUT4 (Prop_D6LUT_SLICEL_I1_O)
                                                      0.099     0.099 r  u_axil_b/u_fifo/rbin[1]_i_1__0/O
                         net (fo=2, routed)           0.480     0.579    u_axil_b/u_fifo/b__0[1]
    SLICE_X93Y551        LUT6 (Prop_H6LUT_SLICEM_I5_O)
                                                      0.101     0.680 r  u_axil_b/u_fifo/empty_i_1__0/O
                         net (fo=1, routed)           0.058     0.738    u_axil_b/u_fifo/empty_i_1__0_n_0
    SLICE_X93Y551        FDPE                                         r  u_axil_b/u_fifo/empty_reg/D
  -------------------------------------------------------------------    -------------------

                         (clock clk_host rise edge)
                                                      0.000     0.000 r  
                                                      0.000     0.000 r  clk_host (IN)
                         net (fo=145, unset)          0.021     0.021    u_axil_b/u_fifo/clk_host
    SLICE_X93Y551        FDPE                                         r  u_axil_b/u_fifo/empty_reg/C

Slack:                    inf
  Source:                 m_axis_tready
                            (input port)
  Destination:            u_egress/u_fifo/rgray_reg[3]/D
                            (rising edge-triggered cell FDCE clocked by clk_host  {rise@0.000ns fall@4.000ns period=8.000ns})
  Path Group:             (none)
  Path Type:              Setup (Max at Slow Process Corner)
  Data Path Delay:        0.715ns  (logic 0.187ns (26.150%)  route 0.528ns (73.850%))
  Logic Levels:           2  (LUT3=1 LUT5=1)
  Clock Path Skew:        0.021ns (DCD - SCD + CPR)
    Destination Clock Delay (DCD):    0.021ns
    Source Clock Delay      (SCD):    0.000ns
    Clock Pessimism Removal (CPR):    0.000ns
  Clock Uncertainty:      0.125ns  ((TSJ^2 + TIJ^2)^1/2 + DJ) / 2 + PE + UU
    Total System Jitter     (TSJ):    0.050ns
    Total Input Jitter      (TIJ):    0.000ns
    Discrete Jitter          (DJ):    0.000ns
    Phase Error              (PE):    0.000ns
    User Uncertainty         (UU):    0.100ns
  Timing Exception:       False Path

    Location             Delay type                Incr(ns)  Path(ns)    Netlist Resource(s)
  -------------------------------------------------------------------    -------------------
                                                      0.000     0.000 r  m_axis_tready (IN)
                         net (fo=8, unset)            0.000     0.000    u_egress/u_fifo/m_axis_tready
    SLICE_X101Y553       LUT5 (Prop_C5LUT_SLICEL_I2_O)
                                                      0.098     0.098 r  u_egress/u_fifo/rgray[3]_i_2/O
                         net (fo=1, routed)           0.159     0.257    u_egress/u_fifo/rgray[3]_i_2_n_0
    SLICE_X101Y553       LUT3 (Prop_D6LUT_SLICEL_I2_O)
                                                      0.089     0.346 r  u_egress/u_fifo/rgray[3]_i_1/O
                         net (fo=2, routed)           0.369     0.715    u_egress/u_fifo/bin2gray0_return[3]
    SLICE_X100Y550       FDCE                                         r  u_egress/u_fifo/rgray_reg[3]/D
  -------------------------------------------------------------------    -------------------

                         (clock clk_host rise edge)
                                                      0.000     0.000 r  
                                                      0.000     0.000 r  clk_host (IN)
                         net (fo=145, unset)          0.021     0.021    u_egress/u_fifo/clk_host
    SLICE_X100Y550       FDCE                                         r  u_egress/u_fifo/rgray_reg[3]/C

Slack:                    inf
  Source:                 s_axil_awvalid
                            (input port)
  Destination:            u_axil_aw/u_fifo/full_reg/D
                            (rising edge-triggered cell FDCE clocked by clk_host  {rise@0.000ns fall@4.000ns period=8.000ns})
  Path Group:             (none)
  Path Type:              Setup (Max at Slow Process Corner)
  Data Path Delay:        0.708ns  (logic 0.238ns (33.616%)  route 0.470ns (66.384%))
  Logic Levels:           2  (LUT4=1 LUT6=1)
  Clock Path Skew:        0.021ns (DCD - SCD + CPR)
    Destination Clock Delay (DCD):    0.021ns
    Source Clock Delay      (SCD):    0.000ns
    Clock Pessimism Removal (CPR):    0.000ns
  Clock Uncertainty:      0.125ns  ((TSJ^2 + TIJ^2)^1/2 + DJ) / 2 + PE + UU
    Total System Jitter     (TSJ):    0.050ns
    Total Input Jitter      (TIJ):    0.000ns
    Discrete Jitter          (DJ):    0.000ns
    Phase Error              (PE):    0.000ns
    User Uncertainty         (UU):    0.100ns
  Timing Exception:       False Path

    Location             Delay type                Incr(ns)  Path(ns)    Netlist Resource(s)
  -------------------------------------------------------------------    -------------------
                                                      0.000     0.000 r  s_axil_awvalid (IN)
                         net (fo=5, unset)            0.000     0.000    u_axil_aw/u_fifo/s_axil_awvalid
    SLICE_X92Y557        LUT4 (Prop_B5LUT_SLICEM_I1_O)
                                                      0.116     0.116 r  u_axil_aw/u_fifo/wgray[0]_i_1__0/O
                         net (fo=2, routed)           0.398     0.514    u_axil_aw/u_fifo/bin2gray1_return2_out[0]
    SLICE_X92Y557        LUT6 (Prop_D6LUT_SLICEM_I0_O)
                                                      0.122     0.636 r  u_axil_aw/u_fifo/full_i_1__0/O
                         net (fo=1, routed)           0.072     0.708    u_axil_aw/u_fifo/full_i_1__0_n_0
    SLICE_X92Y557        FDCE                                         r  u_axil_aw/u_fifo/full_reg/D
  -------------------------------------------------------------------    -------------------

                         (clock clk_host rise edge)
                                                      0.000     0.000 r  
                                                      0.000     0.000 r  clk_host (IN)
                         net (fo=145, unset)          0.021     0.021    u_axil_aw/u_fifo/clk_host
    SLICE_X92Y557        FDCE                                         r  u_axil_aw/u_fifo/full_reg/C

Slack:                    inf
  Source:                 s_axil_rready
                            (input port)
  Destination:            u_axil_r/u_fifo/empty_reg/D
                            (rising edge-triggered cell FDPE clocked by clk_host  {rise@0.000ns fall@4.000ns period=8.000ns})
  Path Group:             (none)
  Path Type:              Setup (Max at Slow Process Corner)
  Data Path Delay:        0.701ns  (logic 0.167ns (23.816%)  route 0.534ns (76.184%))
  Logic Levels:           2  (LUT4=1 LUT6=1)
  Clock Path Skew:        0.021ns (DCD - SCD + CPR)
    Destination Clock Delay (DCD):    0.021ns
    Source Clock Delay      (SCD):    0.000ns
    Clock Pessimism Removal (CPR):    0.000ns
  Clock Uncertainty:      0.125ns  ((TSJ^2 + TIJ^2)^1/2 + DJ) / 2 + PE + UU
    Total System Jitter     (TSJ):    0.050ns
    Total Input Jitter      (TIJ):    0.000ns
    Discrete Jitter          (DJ):    0.000ns
    Phase Error              (PE):    0.000ns
    User Uncertainty         (UU):    0.100ns
  Timing Exception:       False Path

    Location             Delay type                Incr(ns)  Path(ns)    Netlist Resource(s)
  -------------------------------------------------------------------    -------------------
                                                      0.000     0.000 r  s_axil_rready (IN)
                         net (fo=4, unset)            0.000     0.000    u_axil_r/u_fifo/s_axil_rready
    SLICE_X97Y555        LUT4 (Prop_B5LUT_SLICEM_I1_O)
                                                      0.116     0.116 r  u_axil_r/u_fifo/rgray[0]_i_1__1/O
                         net (fo=2, routed)           0.462     0.578    u_axil_r/u_fifo/bin2gray4_return[0]
    SLICE_X97Y555        LUT6 (Prop_D6LUT_SLICEM_I0_O)
                                                      0.051     0.629 r  u_axil_r/u_fifo/empty_i_1__1/O
                         net (fo=1, routed)           0.072     0.701    u_axil_r/u_fifo/empty_i_1__1_n_0
    SLICE_X97Y555        FDPE                                         r  u_axil_r/u_fifo/empty_reg/D
  -------------------------------------------------------------------    -------------------

                         (clock clk_host rise edge)
                                                      0.000     0.000 r  
                                                      0.000     0.000 r  clk_host (IN)
                         net (fo=145, unset)          0.021     0.021    u_axil_r/u_fifo/clk_host
    SLICE_X97Y555        FDPE                                         r  u_axil_r/u_fifo/empty_reg/C

Slack:                    inf
  Source:                 s_axil_bready
                            (input port)
  Destination:            u_axil_b/u_fifo/rbin_reg[1]/D
                            (rising edge-triggered cell FDCE clocked by clk_host  {rise@0.000ns fall@4.000ns period=8.000ns})
  Path Group:             (none)
  Path Type:              Setup (Max at Slow Process Corner)
  Data Path Delay:        0.693ns  (logic 0.099ns (14.296%)  route 0.594ns (85.704%))
  Logic Levels:           1  (LUT4=1)
  Clock Path Skew:        0.020ns (DCD - SCD + CPR)
    Destination Clock Delay (DCD):    0.020ns
    Source Clock Delay      (SCD):    0.000ns
    Clock Pessimism Removal (CPR):    0.000ns
  Clock Uncertainty:      0.125ns  ((TSJ^2 + TIJ^2)^1/2 + DJ) / 2 + PE + UU
    Total System Jitter     (TSJ):    0.050ns
    Total Input Jitter      (TIJ):    0.000ns
    Discrete Jitter          (DJ):    0.000ns
    Phase Error              (PE):    0.000ns
    User Uncertainty         (UU):    0.100ns
  Timing Exception:       False Path

    Location             Delay type                Incr(ns)  Path(ns)    Netlist Resource(s)
  -------------------------------------------------------------------    -------------------
                                                      0.000     0.000 r  s_axil_bready (IN)
                         net (fo=4, unset)            0.000     0.000    u_axil_b/u_fifo/s_axil_bready
    SLICE_X94Y551        LUT4 (Prop_D6LUT_SLICEL_I1_O)
                                                      0.099     0.099 r  u_axil_b/u_fifo/rbin[1]_i_1__0/O
                         net (fo=2, routed)           0.594     0.693    u_axil_b/u_fifo/b__0[1]
    SLICE_X94Y551        FDCE                                         r  u_axil_b/u_fifo/rbin_reg[1]/D
  -------------------------------------------------------------------    -------------------

                         (clock clk_host rise edge)
                                                      0.000     0.000 r  
                                                      0.000     0.000 r  clk_host (IN)
                         net (fo=145, unset)          0.020     0.020    u_axil_b/u_fifo/clk_host
    SLICE_X94Y551        FDCE                                         r  u_axil_b/u_fifo/rbin_reg[1]/C

Slack:                    inf
  Source:                 s_axil_wvalid
                            (input port)
  Destination:            u_axil_w/u_fifo/full_reg/D
                            (rising edge-triggered cell FDCE clocked by clk_host  {rise@0.000ns fall@4.000ns period=8.000ns})
  Path Group:             (none)
  Path Type:              Setup (Max at Slow Process Corner)
  Data Path Delay:        0.692ns  (logic 0.209ns (30.222%)  route 0.483ns (69.778%))
  Logic Levels:           2  (LUT4=1 LUT6=1)
  Clock Path Skew:        0.021ns (DCD - SCD + CPR)
    Destination Clock Delay (DCD):    0.021ns
    Source Clock Delay      (SCD):    0.000ns
    Clock Pessimism Removal (CPR):    0.000ns
  Clock Uncertainty:      0.125ns  ((TSJ^2 + TIJ^2)^1/2 + DJ) / 2 + PE + UU
    Total System Jitter     (TSJ):    0.050ns
    Total Input Jitter      (TIJ):    0.000ns
    Discrete Jitter          (DJ):    0.000ns
    Phase Error              (PE):    0.000ns
    User Uncertainty         (UU):    0.100ns
  Timing Exception:       False Path

    Location             Delay type                Incr(ns)  Path(ns)    Netlist Resource(s)
  -------------------------------------------------------------------    -------------------
                                                      0.000     0.000 r  s_axil_wvalid (IN)
                         net (fo=5, unset)            0.000     0.000    u_axil_w/u_fifo/s_axil_wvalid
    SLICE_X92Y553        LUT4 (Prop_D5LUT_SLICEM_I1_O)
                                                      0.110     0.110 r  u_axil_w/u_fifo/wgray[0]_i_1__1/O
                         net (fo=2, routed)           0.411     0.521    u_axil_w/u_fifo/bin2gray2_return2_out[0]
    SLICE_X92Y552        LUT6 (Prop_D6LUT_SLICEM_I0_O)
                                                      0.099     0.620 r  u_axil_w/u_fifo/full_i_1__1/O
                         net (fo=1, routed)           0.072     0.692    u_axil_w/u_fifo/full_i_1__1_n_0
    SLICE_X92Y552        FDCE                                         r  u_axil_w/u_fifo/full_reg/D
  -------------------------------------------------------------------    -------------------

                         (clock clk_host rise edge)
                                                      0.000     0.000 r  
                                                      0.000     0.000 r  clk_host (IN)
                         net (fo=145, unset)          0.021     0.021    u_axil_w/u_fifo/clk_host
    SLICE_X92Y552        FDCE                                         r  u_axil_w/u_fifo/full_reg/C

Slack:                    inf
  Source:                 s_axil_arvalid
                            (input port)
  Destination:            u_axil_ar/u_fifo/wbin_reg[2]/D
                            (rising edge-triggered cell FDCE clocked by clk_host  {rise@0.000ns fall@4.000ns period=8.000ns})
  Path Group:             (none)
  Path Type:              Setup (Max at Slow Process Corner)
  Data Path Delay:        0.625ns  (logic 0.124ns (19.842%)  route 0.501ns (80.158%))
  Logic Levels:           1  (LUT5=1)
  Clock Path Skew:        0.020ns (DCD - SCD + CPR)
    Destination Clock Delay (DCD):    0.020ns
    Source Clock Delay      (SCD):    0.000ns
    Clock Pessimism Removal (CPR):    0.000ns
  Clock Uncertainty:      0.125ns  ((TSJ^2 + TIJ^2)^1/2 + DJ) / 2 + PE + UU
    Total System Jitter     (TSJ):    0.050ns
    Total Input Jitter      (TIJ):    0.000ns
    Discrete Jitter          (DJ):    0.000ns
    Phase Error              (PE):    0.000ns
    User Uncertainty         (UU):    0.100ns
  Timing Exception:       False Path

    Location             Delay type                Incr(ns)  Path(ns)    Netlist Resource(s)
  -------------------------------------------------------------------    -------------------
                                                      0.000     0.000 r  s_axil_arvalid (IN)
                         net (fo=5, unset)            0.000     0.000    u_axil_ar/u_fifo/s_axil_arvalid
    SLICE_X98Y554        LUT5 (Prop_A6LUT_SLICEL_I1_O)
                                                      0.124     0.124 r  u_axil_ar/u_fifo/wbin[2]_i_1__2/O
                         net (fo=2, routed)           0.501     0.625    u_axil_ar/u_fifo/b1_in[2]
    SLICE_X98Y554        FDCE                                         r  u_axil_ar/u_fifo/wbin_reg[2]/D
  -------------------------------------------------------------------    -------------------

                         (clock clk_host rise edge)
                                                      0.000     0.000 r  
                                                      0.000     0.000 r  clk_host (IN)
                         net (fo=145, unset)          0.020     0.020    u_axil_ar/u_fifo/clk_host
    SLICE_X98Y554        FDCE                                         r  u_axil_ar/u_fifo/wbin_reg[2]/C





Min Delay Paths
--------------------------------------------------------------------------------------
Slack:                    inf
  Source:                 s_axil_araddr[0]
                            (input port)
  Destination:            u_axil_ar/u_fifo/mem_reg_0_3_0_8/RAMA/I
                            (rising edge-triggered cell RAMD32 clocked by clk_host  {rise@0.000ns fall@4.000ns period=8.000ns})
  Path Group:             (none)
  Path Type:              Hold (Min at Slow Process Corner)
  Data Path Delay:        0.000ns  (logic 0.000ns (0.000%)  route 0.000ns (0.000%))
  Logic Levels:           0  
  Clock Path Skew:        0.057ns (DCD - SCD - CPR)
    Destination Clock Delay (DCD):    0.057ns
    Source Clock Delay      (SCD):    0.000ns
    Clock Pessimism Removal (CPR):    -0.000ns
  Timing Exception:       False Path

    Location             Delay type                Incr(ns)  Path(ns)    Netlist Resource(s)
  -------------------------------------------------------------------    -------------------
                                                      0.000     0.000 r  s_axil_araddr[0] (IN)
                         net (fo=0)                   0.000     0.000    u_axil_ar/u_fifo/mem_reg_0_3_0_8/DIA0
    SLICE_X99Y556        RAMD32                                       r  u_axil_ar/u_fifo/mem_reg_0_3_0_8/RAMA/I
  -------------------------------------------------------------------    -------------------

                         (clock clk_host rise edge)
                                                      0.000     0.000 r  
                                                      0.000     0.000 r  clk_host (IN)
                         net (fo=145, unset)          0.057     0.057    u_axil_ar/u_fifo/mem_reg_0_3_0_8/WCLK
    SLICE_X99Y556        RAMD32                                       r  u_axil_ar/u_fifo/mem_reg_0_3_0_8/RAMA/CLK

Slack:                    inf
  Source:                 s_axil_araddr[1]
                            (input port)
  Destination:            u_axil_ar/u_fifo/mem_reg_0_3_0_8/RAMA_D1/I
                            (rising edge-triggered cell RAMD32 clocked by clk_host  {rise@0.000ns fall@4.000ns period=8.000ns})
  Path Group:             (none)
  Path Type:              Hold (Min at Slow Process Corner)
  Data Path Delay:        0.000ns  (logic 0.000ns (0.000%)  route 0.000ns (0.000%))
  Logic Levels:           0  
  Clock Path Skew:        0.057ns (DCD - SCD - CPR)
    Destination Clock Delay (DCD):    0.057ns
    Source Clock Delay      (SCD):    0.000ns
    Clock Pessimism Removal (CPR):    -0.000ns
  Timing Exception:       False Path

    Location             Delay type                Incr(ns)  Path(ns)    Netlist Resource(s)
  -------------------------------------------------------------------    -------------------
                                                      0.000     0.000 r  s_axil_araddr[1] (IN)
                         net (fo=0)                   0.000     0.000    u_axil_ar/u_fifo/mem_reg_0_3_0_8/DIA1
    SLICE_X99Y556        RAMD32                                       r  u_axil_ar/u_fifo/mem_reg_0_3_0_8/RAMA_D1/I
  -------------------------------------------------------------------    -------------------

                         (clock clk_host rise edge)
                                                      0.000     0.000 r  
                                                      0.000     0.000 r  clk_host (IN)
                         net (fo=145, unset)          0.057     0.057    u_axil_ar/u_fifo/mem_reg_0_3_0_8/WCLK
    SLICE_X99Y556        RAMD32                                       r  u_axil_ar/u_fifo/mem_reg_0_3_0_8/RAMA_D1/CLK

Slack:                    inf
  Source:                 s_axil_araddr[2]
                            (input port)
  Destination:            u_axil_ar/u_fifo/mem_reg_0_3_0_8/RAMB/I
                            (rising edge-triggered cell RAMD32 clocked by clk_host  {rise@0.000ns fall@4.000ns period=8.000ns})
  Path Group:             (none)
  Path Type:              Hold (Min at Slow Process Corner)
  Data Path Delay:        0.000ns  (logic 0.000ns (0.000%)  route 0.000ns (0.000%))
  Logic Levels:           0  
  Clock Path Skew:        0.057ns (DCD - SCD - CPR)
    Destination Clock Delay (DCD):    0.057ns
    Source Clock Delay      (SCD):    0.000ns
    Clock Pessimism Removal (CPR):    -0.000ns
  Timing Exception:       False Path

    Location             Delay type                Incr(ns)  Path(ns)    Netlist Resource(s)
  -------------------------------------------------------------------    -------------------
                                                      0.000     0.000 r  s_axil_araddr[2] (IN)
                         net (fo=0)                   0.000     0.000    u_axil_ar/u_fifo/mem_reg_0_3_0_8/DIB0
    SLICE_X99Y556        RAMD32                                       r  u_axil_ar/u_fifo/mem_reg_0_3_0_8/RAMB/I
  -------------------------------------------------------------------    -------------------

                         (clock clk_host rise edge)
                                                      0.000     0.000 r  
                                                      0.000     0.000 r  clk_host (IN)
                         net (fo=145, unset)          0.057     0.057    u_axil_ar/u_fifo/mem_reg_0_3_0_8/WCLK
    SLICE_X99Y556        RAMD32                                       r  u_axil_ar/u_fifo/mem_reg_0_3_0_8/RAMB/CLK

Slack:                    inf
  Source:                 s_axil_araddr[3]
                            (input port)
  Destination:            u_axil_ar/u_fifo/mem_reg_0_3_0_8/RAMB_D1/I
                            (rising edge-triggered cell RAMD32 clocked by clk_host  {rise@0.000ns fall@4.000ns period=8.000ns})
  Path Group:             (none)
  Path Type:              Hold (Min at Slow Process Corner)
  Data Path Delay:        0.000ns  (logic 0.000ns (0.000%)  route 0.000ns (0.000%))
  Logic Levels:           0  
  Clock Path Skew:        0.057ns (DCD - SCD - CPR)
    Destination Clock Delay (DCD):    0.057ns
    Source Clock Delay      (SCD):    0.000ns
    Clock Pessimism Removal (CPR):    -0.000ns
  Timing Exception:       False Path

    Location             Delay type                Incr(ns)  Path(ns)    Netlist Resource(s)
  -------------------------------------------------------------------    -------------------
                                                      0.000     0.000 r  s_axil_araddr[3] (IN)
                         net (fo=0)                   0.000     0.000    u_axil_ar/u_fifo/mem_reg_0_3_0_8/DIB1
    SLICE_X99Y556        RAMD32                                       r  u_axil_ar/u_fifo/mem_reg_0_3_0_8/RAMB_D1/I
  -------------------------------------------------------------------    -------------------

                         (clock clk_host rise edge)
                                                      0.000     0.000 r  
                                                      0.000     0.000 r  clk_host (IN)
                         net (fo=145, unset)          0.057     0.057    u_axil_ar/u_fifo/mem_reg_0_3_0_8/WCLK
    SLICE_X99Y556        RAMD32                                       r  u_axil_ar/u_fifo/mem_reg_0_3_0_8/RAMB_D1/CLK

Slack:                    inf
  Source:                 s_axil_araddr[4]
                            (input port)
  Destination:            u_axil_ar/u_fifo/mem_reg_0_3_0_8/RAMC/I
                            (rising edge-triggered cell RAMD32 clocked by clk_host  {rise@0.000ns fall@4.000ns period=8.000ns})
  Path Group:             (none)
  Path Type:              Hold (Min at Slow Process Corner)
  Data Path Delay:        0.000ns  (logic 0.000ns (0.000%)  route 0.000ns (0.000%))
  Logic Levels:           0  
  Clock Path Skew:        0.057ns (DCD - SCD - CPR)
    Destination Clock Delay (DCD):    0.057ns
    Source Clock Delay      (SCD):    0.000ns
    Clock Pessimism Removal (CPR):    -0.000ns
  Timing Exception:       False Path

    Location             Delay type                Incr(ns)  Path(ns)    Netlist Resource(s)
  -------------------------------------------------------------------    -------------------
                                                      0.000     0.000 r  s_axil_araddr[4] (IN)
                         net (fo=0)                   0.000     0.000    u_axil_ar/u_fifo/mem_reg_0_3_0_8/DIC0
    SLICE_X99Y556        RAMD32                                       r  u_axil_ar/u_fifo/mem_reg_0_3_0_8/RAMC/I
  -------------------------------------------------------------------    -------------------

                         (clock clk_host rise edge)
                                                      0.000     0.000 r  
                                                      0.000     0.000 r  clk_host (IN)
                         net (fo=145, unset)          0.057     0.057    u_axil_ar/u_fifo/mem_reg_0_3_0_8/WCLK
    SLICE_X99Y556        RAMD32                                       r  u_axil_ar/u_fifo/mem_reg_0_3_0_8/RAMC/CLK

Slack:                    inf
  Source:                 s_axil_araddr[5]
                            (input port)
  Destination:            u_axil_ar/u_fifo/mem_reg_0_3_0_8/RAMC_D1/I
                            (rising edge-triggered cell RAMD32 clocked by clk_host  {rise@0.000ns fall@4.000ns period=8.000ns})
  Path Group:             (none)
  Path Type:              Hold (Min at Slow Process Corner)
  Data Path Delay:        0.000ns  (logic 0.000ns (0.000%)  route 0.000ns (0.000%))
  Logic Levels:           0  
  Clock Path Skew:        0.057ns (DCD - SCD - CPR)
    Destination Clock Delay (DCD):    0.057ns
    Source Clock Delay      (SCD):    0.000ns
    Clock Pessimism Removal (CPR):    -0.000ns
  Timing Exception:       False Path

    Location             Delay type                Incr(ns)  Path(ns)    Netlist Resource(s)
  -------------------------------------------------------------------    -------------------
                                                      0.000     0.000 r  s_axil_araddr[5] (IN)
                         net (fo=0)                   0.000     0.000    u_axil_ar/u_fifo/mem_reg_0_3_0_8/DIC1
    SLICE_X99Y556        RAMD32                                       r  u_axil_ar/u_fifo/mem_reg_0_3_0_8/RAMC_D1/I
  -------------------------------------------------------------------    -------------------

                         (clock clk_host rise edge)
                                                      0.000     0.000 r  
                                                      0.000     0.000 r  clk_host (IN)
                         net (fo=145, unset)          0.057     0.057    u_axil_ar/u_fifo/mem_reg_0_3_0_8/WCLK
    SLICE_X99Y556        RAMD32                                       r  u_axil_ar/u_fifo/mem_reg_0_3_0_8/RAMC_D1/CLK

Slack:                    inf
  Source:                 s_axil_araddr[6]
                            (input port)
  Destination:            u_axil_ar/u_fifo/mem_reg_0_3_0_8/RAMD/I
                            (rising edge-triggered cell RAMD32 clocked by clk_host  {rise@0.000ns fall@4.000ns period=8.000ns})
  Path Group:             (none)
  Path Type:              Hold (Min at Slow Process Corner)
  Data Path Delay:        0.000ns  (logic 0.000ns (0.000%)  route 0.000ns (0.000%))
  Logic Levels:           0  
  Clock Path Skew:        0.057ns (DCD - SCD - CPR)
    Destination Clock Delay (DCD):    0.057ns
    Source Clock Delay      (SCD):    0.000ns
    Clock Pessimism Removal (CPR):    -0.000ns
  Timing Exception:       False Path

    Location             Delay type                Incr(ns)  Path(ns)    Netlist Resource(s)
  -------------------------------------------------------------------    -------------------
                                                      0.000     0.000 r  s_axil_araddr[6] (IN)
                         net (fo=0)                   0.000     0.000    u_axil_ar/u_fifo/mem_reg_0_3_0_8/DID0
    SLICE_X99Y556        RAMD32                                       r  u_axil_ar/u_fifo/mem_reg_0_3_0_8/RAMD/I
  -------------------------------------------------------------------    -------------------

                         (clock clk_host rise edge)
                                                      0.000     0.000 r  
                                                      0.000     0.000 r  clk_host (IN)
                         net (fo=145, unset)          0.057     0.057    u_axil_ar/u_fifo/mem_reg_0_3_0_8/WCLK
    SLICE_X99Y556        RAMD32                                       r  u_axil_ar/u_fifo/mem_reg_0_3_0_8/RAMD/CLK

Slack:                    inf
  Source:                 s_axil_araddr[7]
                            (input port)
  Destination:            u_axil_ar/u_fifo/mem_reg_0_3_0_8/RAMD_D1/I
                            (rising edge-triggered cell RAMD32 clocked by clk_host  {rise@0.000ns fall@4.000ns period=8.000ns})
  Path Group:             (none)
  Path Type:              Hold (Min at Slow Process Corner)
  Data Path Delay:        0.000ns  (logic 0.000ns (0.000%)  route 0.000ns (0.000%))
  Logic Levels:           0  
  Clock Path Skew:        0.057ns (DCD - SCD - CPR)
    Destination Clock Delay (DCD):    0.057ns
    Source Clock Delay      (SCD):    0.000ns
    Clock Pessimism Removal (CPR):    -0.000ns
  Timing Exception:       False Path

    Location             Delay type                Incr(ns)  Path(ns)    Netlist Resource(s)
  -------------------------------------------------------------------    -------------------
                                                      0.000     0.000 r  s_axil_araddr[7] (IN)
                         net (fo=0)                   0.000     0.000    u_axil_ar/u_fifo/mem_reg_0_3_0_8/DID1
    SLICE_X99Y556        RAMD32                                       r  u_axil_ar/u_fifo/mem_reg_0_3_0_8/RAMD_D1/I
  -------------------------------------------------------------------    -------------------

                         (clock clk_host rise edge)
                                                      0.000     0.000 r  
                                                      0.000     0.000 r  clk_host (IN)
                         net (fo=145, unset)          0.057     0.057    u_axil_ar/u_fifo/mem_reg_0_3_0_8/WCLK
    SLICE_X99Y556        RAMD32                                       r  u_axil_ar/u_fifo/mem_reg_0_3_0_8/RAMD_D1/CLK

Slack:                    inf
  Source:                 s_axil_araddr[8]
                            (input port)
  Destination:            u_axil_ar/u_fifo/mem_reg_0_3_0_8/RAME/I
                            (rising edge-triggered cell RAMD32 clocked by clk_host  {rise@0.000ns fall@4.000ns period=8.000ns})
  Path Group:             (none)
  Path Type:              Hold (Min at Slow Process Corner)
  Data Path Delay:        0.000ns  (logic 0.000ns (0.000%)  route 0.000ns (0.000%))
  Logic Levels:           0  
  Clock Path Skew:        0.057ns (DCD - SCD - CPR)
    Destination Clock Delay (DCD):    0.057ns
    Source Clock Delay      (SCD):    0.000ns
    Clock Pessimism Removal (CPR):    -0.000ns
  Timing Exception:       False Path

    Location             Delay type                Incr(ns)  Path(ns)    Netlist Resource(s)
  -------------------------------------------------------------------    -------------------
                                                      0.000     0.000 r  s_axil_araddr[8] (IN)
                         net (fo=0)                   0.000     0.000    u_axil_ar/u_fifo/mem_reg_0_3_0_8/DIE0
    SLICE_X99Y556        RAMD32                                       r  u_axil_ar/u_fifo/mem_reg_0_3_0_8/RAME/I
  -------------------------------------------------------------------    -------------------

                         (clock clk_host rise edge)
                                                      0.000     0.000 r  
                                                      0.000     0.000 r  clk_host (IN)
                         net (fo=145, unset)          0.057     0.057    u_axil_ar/u_fifo/mem_reg_0_3_0_8/WCLK
    SLICE_X99Y556        RAMD32                                       r  u_axil_ar/u_fifo/mem_reg_0_3_0_8/RAME/CLK

Slack:                    inf
  Source:                 s_axil_awaddr[0]
                            (input port)
  Destination:            u_axil_aw/u_fifo/mem_reg_0_3_0_8/RAMA/I
                            (rising edge-triggered cell RAMD32 clocked by clk_host  {rise@0.000ns fall@4.000ns period=8.000ns})
  Path Group:             (none)
  Path Type:              Hold (Min at Slow Process Corner)
  Data Path Delay:        0.000ns  (logic 0.000ns (0.000%)  route 0.000ns (0.000%))
  Logic Levels:           0  
  Clock Path Skew:        0.057ns (DCD - SCD - CPR)
    Destination Clock Delay (DCD):    0.057ns
    Source Clock Delay      (SCD):    0.000ns
    Clock Pessimism Removal (CPR):    -0.000ns
  Timing Exception:       False Path

    Location             Delay type                Incr(ns)  Path(ns)    Netlist Resource(s)
  -------------------------------------------------------------------    -------------------
                                                      0.000     0.000 r  s_axil_awaddr[0] (IN)
                         net (fo=0)                   0.000     0.000    u_axil_aw/u_fifo/mem_reg_0_3_0_8/DIA0
    SLICE_X92Y555        RAMD32                                       r  u_axil_aw/u_fifo/mem_reg_0_3_0_8/RAMA/I
  -------------------------------------------------------------------    -------------------

                         (clock clk_host rise edge)
                                                      0.000     0.000 r  
                                                      0.000     0.000 r  clk_host (IN)
                         net (fo=145, unset)          0.057     0.057    u_axil_aw/u_fifo/mem_reg_0_3_0_8/WCLK
    SLICE_X92Y555        RAMD32                                       r  u_axil_aw/u_fifo/mem_reg_0_3_0_8/RAMA/CLK





--------------------------------------------------------------------------------------
Path Group:  (none)
From Clock:  clk_core
  To Clock:  clk_host

Max Delay             0 Endpoints
Min Delay            29 Endpoints
--------------------------------------------------------------------------------------


Min Delay Paths
--------------------------------------------------------------------------------------
Slack:                    inf
  Source:                 u_axil_r/u_fifo/wbin_reg[2]/C
                            (rising edge-triggered cell FDCE clocked by clk_core  {rise@0.000ns fall@2.000ns period=4.000ns})
  Destination:            u_axil_r/u_fifo/wq_reg[0][2]/D
                            (rising edge-triggered cell FDCE clocked by clk_host  {rise@0.000ns fall@4.000ns period=8.000ns})
  Path Group:             (none)
  Path Type:              Hold (Min at Fast Process Corner)
  Data Path Delay:        0.105ns  (logic 0.038ns (36.038%)  route 0.067ns (63.962%))
  Logic Levels:           0  
  Clock Path Skew:        0.006ns (DCD - SCD - CPR)
    Destination Clock Delay (DCD):    0.019ns
    Source Clock Delay      (SCD):    0.013ns
    Clock Pessimism Removal (CPR):    -0.000ns
  Clock Uncertainty:      0.135ns  ((TSJ^2 + TIJ^2)^1/2 + DJ) / 2 + PE + UU
    Total System Jitter     (TSJ):    0.071ns
    Total Input Jitter      (TIJ):    0.000ns
    Discrete Jitter          (DJ):    0.000ns
    Phase Error              (PE):    0.000ns
    User Uncertainty         (UU):    0.100ns
  Timing Exception:       False Path

    Location             Delay type                Incr(ns)  Path(ns)    Netlist Resource(s)
  -------------------------------------------------------------------    -------------------
                         (clock clk_core rise edge)
                                                      0.000     0.000 r  
                                                      0.000     0.000 r  clk_core (IN)
                         net (fo=5569, unset)         0.013     0.013    u_axil_r/u_fifo/clk_core
    SLICE_X97Y556        FDCE                                         r  u_axil_r/u_fifo/wbin_reg[2]/C
  -------------------------------------------------------------------    -------------------
    SLICE_X97Y556        FDCE (Prop_AFF_SLICEM_C_Q)
                                                      0.038     0.051 r  u_axil_r/u_fifo/wbin_reg[2]/Q
                         net (fo=3, routed)           0.067     0.118    u_axil_r/u_fifo/wbin_reg_n_0_[2]
    SLICE_X97Y555        FDCE                                         r  u_axil_r/u_fifo/wq_reg[0][2]/D
  -------------------------------------------------------------------    -------------------

                         (clock clk_host rise edge)
                                                      0.000     0.000 r  
                                                      0.000     0.000 r  clk_host (IN)
                         net (fo=145, unset)          0.019     0.019    u_axil_r/u_fifo/clk_host
    SLICE_X97Y555        FDCE                                         r  u_axil_r/u_fifo/wq_reg[0][2]/C

Slack:                    inf
  Source:                 u_egress/u_fifo/wgray_reg[4]/C
                            (rising edge-triggered cell FDCE clocked by clk_core  {rise@0.000ns fall@2.000ns period=4.000ns})
  Destination:            u_egress/u_fifo/wq_reg[0][4]/D
                            (rising edge-triggered cell FDCE clocked by clk_host  {rise@0.000ns fall@4.000ns period=8.000ns})
  Path Group:             (none)
  Path Type:              Hold (Min at Fast Process Corner)
  Data Path Delay:        0.106ns  (logic 0.041ns (38.679%)  route 0.065ns (61.321%))
  Logic Levels:           0  
  Clock Path Skew:        0.006ns (DCD - SCD - CPR)
    Destination Clock Delay (DCD):    0.019ns
    Source Clock Delay      (SCD):    0.013ns
    Clock Pessimism Removal (CPR):    -0.000ns
  Clock Uncertainty:      0.135ns  ((TSJ^2 + TIJ^2)^1/2 + DJ) / 2 + PE + UU
    Total System Jitter     (TSJ):    0.071ns
    Total Input Jitter      (TIJ):    0.000ns
    Discrete Jitter          (DJ):    0.000ns
    Phase Error              (PE):    0.000ns
    User Uncertainty         (UU):    0.100ns
  Timing Exception:       False Path

    Location             Delay type                Incr(ns)  Path(ns)    Netlist Resource(s)
  -------------------------------------------------------------------    -------------------
                         (clock clk_core rise edge)
                                                      0.000     0.000 r  
                                                      0.000     0.000 r  clk_core (IN)
                         net (fo=5569, unset)         0.013     0.013    u_egress/u_fifo/clk_core
    SLICE_X100Y553       FDCE                                         r  u_egress/u_fifo/wgray_reg[4]/C
  -------------------------------------------------------------------    -------------------
    SLICE_X100Y553       FDCE (Prop_DFF2_SLICEM_C_Q)
                                                      0.041     0.054 r  u_egress/u_fifo/wgray_reg[4]/Q
                         net (fo=1, routed)           0.065     0.119    u_egress/u_fifo/wgray_reg_n_0_[4]
    SLICE_X100Y551       FDCE                                         r  u_egress/u_fifo/wq_reg[0][4]/D
  -------------------------------------------------------------------    -------------------

                         (clock clk_host rise edge)
                                                      0.000     0.000 r  
                                                      0.000     0.000 r  clk_host (IN)
                         net (fo=145, unset)          0.019     0.019    u_egress/u_fifo/clk_host
    SLICE_X100Y551       FDCE                                         r  u_egress/u_fifo/wq_reg[0][4]/C

Slack:                    inf
  Source:                 u_axil_w/u_fifo/rgray_reg[0]/C
                            (rising edge-triggered cell FDCE clocked by clk_core  {rise@0.000ns fall@2.000ns period=4.000ns})
  Destination:            u_axil_w/u_fifo/rq_reg[0][0]/D
                            (rising edge-triggered cell FDCE clocked by clk_host  {rise@0.000ns fall@4.000ns period=8.000ns})
  Path Group:             (none)
  Path Type:              Hold (Min at Fast Process Corner)
  Data Path Delay:        0.118ns  (logic 0.039ns (33.051%)  route 0.079ns (66.949%))
  Logic Levels:           0  
  Clock Path Skew:        0.005ns (DCD - SCD - CPR)
    Destination Clock Delay (DCD):    0.018ns
    Source Clock Delay      (SCD):    0.013ns
    Clock Pessimism Removal (CPR):    -0.000ns
  Clock Uncertainty:      0.135ns  ((TSJ^2 + TIJ^2)^1/2 + DJ) / 2 + PE + UU
    Total System Jitter     (TSJ):    0.071ns
    Total Input Jitter      (TIJ):    0.000ns
    Discrete Jitter          (DJ):    0.000ns
    Phase Error              (PE):    0.000ns
    User Uncertainty         (UU):    0.100ns
  Timing Exception:       False Path

    Location             Delay type                Incr(ns)  Path(ns)    Netlist Resource(s)
  -------------------------------------------------------------------    -------------------
                         (clock clk_core rise edge)
                                                      0.000     0.000 r  
                                                      0.000     0.000 r  clk_core (IN)
                         net (fo=5569, unset)         0.013     0.013    u_axil_w/u_fifo/clk_core
    SLICE_X91Y552        FDCE                                         r  u_axil_w/u_fifo/rgray_reg[0]/C
  -------------------------------------------------------------------    -------------------
    SLICE_X91Y552        FDCE (Prop_EFF_SLICEL_C_Q)
                                                      0.039     0.052 r  u_axil_w/u_fifo/rgray_reg[0]/Q
                         net (fo=1, routed)           0.079     0.131    u_axil_w/u_fifo/rgray_reg_n_0_[0]
    SLICE_X91Y552        FDCE                                         r  u_axil_w/u_fifo/rq_reg[0][0]/D
  -------------------------------------------------------------------    -------------------

                         (clock clk_host rise edge)
                                                      0.000     0.000 r  
                                                      0.000     0.000 r  clk_host (IN)
                         net (fo=145, unset)          0.018     0.018    u_axil_w/u_fifo/clk_host
    SLICE_X91Y552        FDCE                                         r  u_axil_w/u_fifo/rq_reg[0][0]/C

Slack:                    inf
  Source:                 u_axil_b/u_fifo/wgray_reg[0]/C
                            (rising edge-triggered cell FDCE clocked by clk_core  {rise@0.000ns fall@2.000ns period=4.000ns})
  Destination:            u_axil_b/u_fifo/wq_reg[0][0]/D
                            (rising edge-triggered cell FDCE clocked by clk_host  {rise@0.000ns fall@4.000ns period=8.000ns})
  Path Group:             (none)
  Path Type:              Hold (Min at Fast Process Corner)
  Data Path Delay:        0.120ns  (logic 0.037ns (30.833%)  route 0.083ns (69.167%))
  Logic Levels:           0  
  Clock Path Skew:        0.006ns (DCD - SCD - CPR)
    Destination Clock Delay (DCD):    0.019ns
    Source Clock Delay      (SCD):    0.013ns
    Clock Pessimism Removal (CPR):    -0.000ns
  Clock Uncertainty:      0.135ns  ((TSJ^2 + TIJ^2)^1/2 + DJ) / 2 + PE + UU
    Total System Jitter     (TSJ):    0.071ns
    Total Input Jitter      (TIJ):    0.000ns
    Discrete Jitter          (DJ):    0.000ns
    Phase Error              (PE):    0.000ns
    User Uncertainty         (UU):    0.100ns
  Timing Exception:       False Path

    Location             Delay type                Incr(ns)  Path(ns)    Netlist Resource(s)
  -------------------------------------------------------------------    -------------------
                         (clock clk_core rise edge)
                                                      0.000     0.000 r  
                                                      0.000     0.000 r  clk_core (IN)
                         net (fo=5569, unset)         0.013     0.013    u_axil_b/u_fifo/clk_core
    SLICE_X93Y552        FDCE                                         r  u_axil_b/u_fifo/wgray_reg[0]/C
  -------------------------------------------------------------------    -------------------
    SLICE_X93Y552        FDCE (Prop_FFF_SLICEM_C_Q)
                                                      0.037     0.050 r  u_axil_b/u_fifo/wgray_reg[0]/Q
                         net (fo=1, routed)           0.083     0.133    u_axil_b/u_fifo/wgray_reg_n_0_[0]
    SLICE_X93Y551        FDCE                                         r  u_axil_b/u_fifo/wq_reg[0][0]/D
  -------------------------------------------------------------------    -------------------

                         (clock clk_host rise edge)
                                                      0.000     0.000 r  
                                                      0.000     0.000 r  clk_host (IN)
                         net (fo=145, unset)          0.019     0.019    u_axil_b/u_fifo/clk_host
    SLICE_X93Y551        FDCE                                         r  u_axil_b/u_fifo/wq_reg[0][0]/C

Slack:                    inf
  Source:                 u_egress/u_fifo/wgray_reg[2]/C
                            (rising edge-triggered cell FDCE clocked by clk_core  {rise@0.000ns fall@2.000ns period=4.000ns})
  Destination:            u_egress/u_fifo/wq_reg[0][2]/D
                            (rising edge-triggered cell FDCE clocked by clk_host  {rise@0.000ns fall@4.000ns period=8.000ns})
  Path Group:             (none)
  Path Type:              Hold (Min at Fast Process Corner)
  Data Path Delay:        0.124ns  (logic 0.038ns (30.645%)  route 0.086ns (69.355%))
  Logic Levels:           0  
  Clock Path Skew:        0.006ns (DCD - SCD - CPR)
    Destination Clock Delay (DCD):    0.019ns
    Source Clock Delay      (SCD):    0.013ns
    Clock Pessimism Removal (CPR):    -0.000ns
  Clock Uncertainty:      0.135ns  ((TSJ^2 + TIJ^2)^1/2 + DJ) / 2 + PE + UU
    Total System Jitter     (TSJ):    0.071ns
    Total Input Jitter      (TIJ):    0.000ns
    Discrete Jitter          (DJ):    0.000ns
    Phase Error              (PE):    0.000ns
    User Uncertainty         (UU):    0.100ns
  Timing Exception:       False Path

    Location             Delay type                Incr(ns)  Path(ns)    Netlist Resource(s)
  -------------------------------------------------------------------    -------------------
                         (clock clk_core rise edge)
                                                      0.000     0.000 r  
                                                      0.000     0.000 r  clk_core (IN)
                         net (fo=5569, unset)         0.013     0.013    u_egress/u_fifo/clk_core
    SLICE_X102Y553       FDCE                                         r  u_egress/u_fifo/wgray_reg[2]/C
  -------------------------------------------------------------------    -------------------
    SLICE_X102Y553       FDCE (Prop_BFF_SLICEM_C_Q)
                                                      0.038     0.051 r  u_egress/u_fifo/wgray_reg[2]/Q
                         net (fo=1, routed)           0.086     0.137    u_egress/u_fifo/wgray_reg_n_0_[2]
    SLICE_X102Y553       FDCE                                         r  u_egress/u_fifo/wq_reg[0][2]/D
  -------------------------------------------------------------------    -------------------

                         (clock clk_host rise edge)
                                                      0.000     0.000 r  
                                                      0.000     0.000 r  clk_host (IN)
                         net (fo=145, unset)          0.019     0.019    u_egress/u_fifo/clk_host
    SLICE_X102Y553       FDCE                                         r  u_egress/u_fifo/wq_reg[0][2]/C

Slack:                    inf
  Source:                 u_axil_ar/u_fifo/rgray_reg[1]/C
                            (rising edge-triggered cell FDCE clocked by clk_core  {rise@0.000ns fall@2.000ns period=4.000ns})
  Destination:            u_axil_ar/u_fifo/rq_reg[0][1]/D
                            (rising edge-triggered cell FDCE clocked by clk_host  {rise@0.000ns fall@4.000ns period=8.000ns})
  Path Group:             (none)
  Path Type:              Hold (Min at Fast Process Corner)
  Data Path Delay:        0.128ns  (logic 0.039ns (30.469%)  route 0.089ns (69.531%))
  Logic Levels:           0  
  Clock Path Skew:        0.007ns (DCD - SCD - CPR)
    Destination Clock Delay (DCD):    0.019ns
    Source Clock Delay      (SCD):    0.012ns
    Clock Pessimism Removal (CPR):    -0.000ns
  Clock Uncertainty:      0.135ns  ((TSJ^2 + TIJ^2)^1/2 + DJ) / 2 + PE + UU
    Total System Jitter     (TSJ):    0.071ns
    Total Input Jitter      (TIJ):    0.000ns
    Discrete Jitter          (DJ):    0.000ns
    Phase Error              (PE):    0.000ns
    User Uncertainty         (UU):    0.100ns
  Timing Exception:       False Path

    Location             Delay type                Incr(ns)  Path(ns)    Netlist Resource(s)
  -------------------------------------------------------------------    -------------------
                         (clock clk_core rise edge)
                                                      0.000     0.000 r  
                                                      0.000     0.000 r  clk_core (IN)
                         net (fo=5569, unset)         0.012     0.012    u_axil_ar/u_fifo/clk_core
    SLICE_X98Y554        FDCE                                         r  u_axil_ar/u_fifo/rgray_reg[1]/C
  -------------------------------------------------------------------    -------------------
    SLICE_X98Y554        FDCE (Prop_BFF_SLICEL_C_Q)
                                                      0.039     0.051 r  u_axil_ar/u_fifo/rgray_reg[1]/Q
                         net (fo=1, routed)           0.089     0.140    u_axil_ar/u_fifo/rgray_reg_n_0_[1]
    SLICE_X98Y553        FDCE                                         r  u_axil_ar/u_fifo/rq_reg[0][1]/D
  -------------------------------------------------------------------    -------------------

                         (clock clk_host rise edge)
                                                      0.000     0.000 r  
                                                      0.000     0.000 r  clk_host (IN)
                         net (fo=145, unset)          0.019     0.019    u_axil_ar/u_fifo/clk_host
    SLICE_X98Y553        FDCE                                         r  u_axil_ar/u_fifo/rq_reg[0][1]/C

Slack:                    inf
  Source:                 decision_overflow_core_reg/C
                            (rising edge-triggered cell FDCE clocked by clk_core  {rise@0.000ns fall@2.000ns period=4.000ns})
  Destination:            u_dec_ovf/sync_reg[0]/D
                            (rising edge-triggered cell FDCE clocked by clk_host  {rise@0.000ns fall@4.000ns period=8.000ns})
  Path Group:             (none)
  Path Type:              Hold (Min at Fast Process Corner)
  Data Path Delay:        0.135ns  (logic 0.039ns (28.957%)  route 0.096ns (71.043%))
  Logic Levels:           0  
  Clock Path Skew:        0.006ns (DCD - SCD - CPR)
    Destination Clock Delay (DCD):    0.019ns
    Source Clock Delay      (SCD):    0.013ns
    Clock Pessimism Removal (CPR):    -0.000ns
  Clock Uncertainty:      0.135ns  ((TSJ^2 + TIJ^2)^1/2 + DJ) / 2 + PE + UU
    Total System Jitter     (TSJ):    0.071ns
    Total Input Jitter      (TIJ):    0.000ns
    Discrete Jitter          (DJ):    0.000ns
    Phase Error              (PE):    0.000ns
    User Uncertainty         (UU):    0.100ns
  Timing Exception:       False Path

    Location             Delay type                Incr(ns)  Path(ns)    Netlist Resource(s)
  -------------------------------------------------------------------    -------------------
                         (clock clk_core rise edge)
                                                      0.000     0.000 r  
                                                      0.000     0.000 r  clk_core (IN)
                         net (fo=5569, unset)         0.013     0.013    clk_core
    SLICE_X102Y554       FDCE                                         r  decision_overflow_core_reg/C
  -------------------------------------------------------------------    -------------------
    SLICE_X102Y554       FDCE (Prop_HFF2_SLICEM_C_Q)
                                                      0.039     0.052 r  decision_overflow_core_reg/Q
                         net (fo=2, routed)           0.096     0.148    u_dec_ovf/D[0]
    SLICE_X102Y554       FDCE                                         r  u_dec_ovf/sync_reg[0]/D
  -------------------------------------------------------------------    -------------------

                         (clock clk_host rise edge)
                                                      0.000     0.000 r  
                                                      0.000     0.000 r  clk_host (IN)
                         net (fo=145, unset)          0.019     0.019    u_dec_ovf/clk_host
    SLICE_X102Y554       FDCE                                         r  u_dec_ovf/sync_reg[0]/C

Slack:                    inf
  Source:                 u_egress/u_fifo/wgray_reg[5]/C
                            (rising edge-triggered cell FDCE clocked by clk_core  {rise@0.000ns fall@2.000ns period=4.000ns})
  Destination:            u_egress/u_fifo/wq_reg[0][5]/D
                            (rising edge-triggered cell FDCE clocked by clk_host  {rise@0.000ns fall@4.000ns period=8.000ns})
  Path Group:             (none)
  Path Type:              Hold (Min at Fast Process Corner)
  Data Path Delay:        0.143ns  (logic 0.039ns (27.273%)  route 0.104ns (72.727%))
  Logic Levels:           0  
  Clock Path Skew:        0.006ns (DCD - SCD - CPR)
    Destination Clock Delay (DCD):    0.019ns
    Source Clock Delay      (SCD):    0.013ns
    Clock Pessimism Removal (CPR):    -0.000ns
  Clock Uncertainty:      0.135ns  ((TSJ^2 + TIJ^2)^1/2 + DJ) / 2 + PE + UU
    Total System Jitter     (TSJ):    0.071ns
    Total Input Jitter      (TIJ):    0.000ns
    Discrete Jitter          (DJ):    0.000ns
    Phase Error              (PE):    0.000ns
    User Uncertainty         (UU):    0.100ns
  Timing Exception:       False Path

    Location             Delay type                Incr(ns)  Path(ns)    Netlist Resource(s)
  -------------------------------------------------------------------    -------------------
                         (clock clk_core rise edge)
                                                      0.000     0.000 r  
                                                      0.000     0.000 r  clk_core (IN)
                         net (fo=5569, unset)         0.013     0.013    u_egress/u_fifo/clk_core
    SLICE_X101Y553       FDCE                                         r  u_egress/u_fifo/wgray_reg[5]/C
  -------------------------------------------------------------------    -------------------
    SLICE_X101Y553       FDCE (Prop_FFF_SLICEL_C_Q)
                                                      0.039     0.052 r  u_egress/u_fifo/wgray_reg[5]/Q
                         net (fo=1, routed)           0.104     0.156    u_egress/u_fifo/wgray_reg_n_0_[5]
    SLICE_X100Y551       FDCE                                         r  u_egress/u_fifo/wq_reg[0][5]/D
  -------------------------------------------------------------------    -------------------

                         (clock clk_host rise edge)
                                                      0.000     0.000 r  
                                                      0.000     0.000 r  clk_host (IN)
                         net (fo=145, unset)          0.019     0.019    u_egress/u_fifo/clk_host
    SLICE_X100Y551       FDCE                                         r  u_egress/u_fifo/wq_reg[0][5]/C

Slack:                    inf
  Source:                 u_risk_evt/data_hold_reg[1]/C
                            (rising edge-triggered cell FDCE clocked by clk_core  {rise@0.000ns fall@2.000ns period=4.000ns})
  Destination:            u_risk_evt/dst_data_reg[1]/D
                            (rising edge-triggered cell FDCE clocked by clk_host  {rise@0.000ns fall@4.000ns period=8.000ns})
  Path Group:             (none)
  Path Type:              Hold (Min at Fast Process Corner)
  Data Path Delay:        0.146ns  (logic 0.039ns (26.712%)  route 0.107ns (73.288%))
  Logic Levels:           0  
  Clock Path Skew:        0.006ns (DCD - SCD - CPR)
    Destination Clock Delay (DCD):    0.019ns
    Source Clock Delay      (SCD):    0.013ns
    Clock Pessimism Removal (CPR):    -0.000ns
  Clock Uncertainty:      0.135ns  ((TSJ^2 + TIJ^2)^1/2 + DJ) / 2 + PE + UU
    Total System Jitter     (TSJ):    0.071ns
    Total Input Jitter      (TIJ):    0.000ns
    Discrete Jitter          (DJ):    0.000ns
    Phase Error              (PE):    0.000ns
    User Uncertainty         (UU):    0.100ns
  Timing Exception:       False Path

    Location             Delay type                Incr(ns)  Path(ns)    Netlist Resource(s)
  -------------------------------------------------------------------    -------------------
                         (clock clk_core rise edge)
                                                      0.000     0.000 r  
                                                      0.000     0.000 r  clk_core (IN)
                         net (fo=5569, unset)         0.013     0.013    u_risk_evt/clk_core
    SLICE_X99Y550        FDCE                                         r  u_risk_evt/data_hold_reg[1]/C
  -------------------------------------------------------------------    -------------------
    SLICE_X99Y550        FDCE (Prop_GFF2_SLICEM_C_Q)
                                                      0.039     0.052 r  u_risk_evt/data_hold_reg[1]/Q
                         net (fo=1, routed)           0.107     0.159    u_risk_evt/data_hold_reg_n_0_[1]
    SLICE_X99Y550        FDCE                                         r  u_risk_evt/dst_data_reg[1]/D
  -------------------------------------------------------------------    -------------------

                         (clock clk_host rise edge)
                                                      0.000     0.000 r  
                                                      0.000     0.000 r  clk_host (IN)
                         net (fo=145, unset)          0.019     0.019    u_risk_evt/clk_host
    SLICE_X99Y550        FDCE                                         r  u_risk_evt/dst_data_reg[1]/C

Slack:                    inf
  Source:                 u_axil_r/u_fifo/wgray_reg[0]/C
                            (rising edge-triggered cell FDCE clocked by clk_core  {rise@0.000ns fall@2.000ns period=4.000ns})
  Destination:            u_axil_r/u_fifo/wq_reg[0][0]/D
                            (rising edge-triggered cell FDCE clocked by clk_host  {rise@0.000ns fall@4.000ns period=8.000ns})
  Path Group:             (none)
  Path Type:              Hold (Min at Fast Process Corner)
  Data Path Delay:        0.149ns  (logic 0.038ns (25.503%)  route 0.111ns (74.497%))
  Logic Levels:           0  
  Clock Path Skew:        0.006ns (DCD - SCD - CPR)
    Destination Clock Delay (DCD):    0.019ns
    Source Clock Delay      (SCD):    0.013ns
    Clock Pessimism Removal (CPR):    -0.000ns
  Clock Uncertainty:      0.135ns  ((TSJ^2 + TIJ^2)^1/2 + DJ) / 2 + PE + UU
    Total System Jitter     (TSJ):    0.071ns
    Total Input Jitter      (TIJ):    0.000ns
    Discrete Jitter          (DJ):    0.000ns
    Phase Error              (PE):    0.000ns
    User Uncertainty         (UU):    0.100ns
  Timing Exception:       False Path

    Location             Delay type                Incr(ns)  Path(ns)    Netlist Resource(s)
  -------------------------------------------------------------------    -------------------
                         (clock clk_core rise edge)
                                                      0.000     0.000 r  
                                                      0.000     0.000 r  clk_core (IN)
                         net (fo=5569, unset)         0.013     0.013    u_axil_r/u_fifo/clk_core
    SLICE_X97Y556        FDCE                                         r  u_axil_r/u_fifo/wgray_reg[0]/C
  -------------------------------------------------------------------    -------------------
    SLICE_X97Y556        FDCE (Prop_BFF_SLICEM_C_Q)
                                                      0.038     0.051 r  u_axil_r/u_fifo/wgray_reg[0]/Q
                         net (fo=1, routed)           0.111     0.162    u_axil_r/u_fifo/wgray_reg_n_0_[0]
    SLICE_X97Y555        FDCE                                         r  u_axil_r/u_fifo/wq_reg[0][0]/D
  -------------------------------------------------------------------    -------------------

                         (clock clk_host rise edge)
                                                      0.000     0.000 r  
                                                      0.000     0.000 r  clk_host (IN)
                         net (fo=145, unset)          0.019     0.019    u_axil_r/u_fifo/clk_host
    SLICE_X97Y555        FDCE                                         r  u_axil_r/u_fifo/wq_reg[0][0]/C





--------------------------------------------------------------------------------------
Path Group:  (none)
From Clock:  
  To Clock:  clk_line

Max Delay           191 Endpoints
Min Delay           191 Endpoints
--------------------------------------------------------------------------------------


Max Delay Paths
--------------------------------------------------------------------------------------
Slack:                    inf
  Source:                 s_axis_tvalid
                            (input port)
  Destination:            u_ingress/u_fifo/full_reg/D
                            (rising edge-triggered cell FDCE clocked by clk_line  {rise@0.000ns fall@3.200ns period=6.400ns})
  Path Group:             (none)
  Path Type:              Setup (Max at Slow Process Corner)
  Data Path Delay:        1.472ns  (logic 0.504ns (34.232%)  route 0.968ns (65.768%))
  Logic Levels:           5  (LUT4=1 LUT6=4)
  Clock Path Skew:        0.020ns (DCD - SCD + CPR)
    Destination Clock Delay (DCD):    0.020ns
    Source Clock Delay      (SCD):    0.000ns
    Clock Pessimism Removal (CPR):    0.000ns
  Clock Uncertainty:      0.125ns  ((TSJ^2 + TIJ^2)^1/2 + DJ) / 2 + PE + UU
    Total System Jitter     (TSJ):    0.050ns
    Total Input Jitter      (TIJ):    0.000ns
    Discrete Jitter          (DJ):    0.000ns
    Phase Error              (PE):    0.000ns
    User Uncertainty         (UU):    0.100ns
  Timing Exception:       False Path

    Location             Delay type                Incr(ns)  Path(ns)    Netlist Resource(s)
  -------------------------------------------------------------------    -------------------
                                                      0.000     0.000 r  s_axis_tvalid (IN)
                         net (fo=17, unset)           0.000     0.000    u_ingress/u_fifo/s_axis_tvalid
    SLICE_X101Y481       LUT6 (Prop_H6LUT_SLICEL_I3_O)
                                                      0.090     0.090 r  u_ingress/u_fifo/wbin[8]_i_2/O
                         net (fo=12, routed)          0.419     0.509    u_ingress/u_fifo/wbin[8]_i_2_n_0
    SLICE_X102Y479       LUT4 (Prop_D5LUT_SLICEM_I2_O)
                                                      0.110     0.619 r  u_ingress/u_fifo/full_i_8/O
                         net (fo=1, routed)           0.216     0.835    u_ingress/u_fifo/full_i_8_n_0
    SLICE_X102Y479       LUT6 (Prop_G6LUT_SLICEM_I4_O)
                                                      0.090     0.925 r  u_ingress/u_fifo/full_i_7/O
                         net (fo=1, routed)           0.140     1.065    u_ingress/u_fifo/full_i_7_n_0
    SLICE_X103Y481       LUT6 (Prop_H6LUT_SLICEL_I3_O)
                                                      0.090     1.155 f  u_ingress/u_fifo/full_i_4/O
                         net (fo=1, routed)           0.142     1.297    u_ingress/u_fifo/full_i_4_n_0
    SLICE_X103Y482       LUT6 (Prop_H6LUT_SLICEL_I5_O)
                                                      0.124     1.421 r  u_ingress/u_fifo/full_i_1/O
                         net (fo=1, routed)           0.051     1.472    u_ingress/u_fifo/full_nxt
    SLICE_X103Y482       FDCE                                         r  u_ingress/u_fifo/full_reg/D
  -------------------------------------------------------------------    -------------------

                         (clock clk_line rise edge)
                                                      0.000     0.000 r  
                                                      0.000     0.000 r  clk_line (IN)
                         net (fo=138, unset)          0.020     0.020    u_ingress/u_fifo/clk_line
    SLICE_X103Y482       FDCE                                         r  u_ingress/u_fifo/full_reg/C

Slack:                    inf
  Source:                 s_axis_tvalid
                            (input port)
  Destination:            u_ingress/u_fifo/wgray_reg[8]/D
                            (rising edge-triggered cell FDCE clocked by clk_line  {rise@0.000ns fall@3.200ns period=6.400ns})
  Path Group:             (none)
  Path Type:              Setup (Max at Slow Process Corner)
  Data Path Delay:        1.318ns  (logic 0.334ns (25.338%)  route 0.984ns (74.662%))
  Logic Levels:           3  (LUT3=1 LUT5=1 LUT6=1)
  Clock Path Skew:        0.020ns (DCD - SCD + CPR)
    Destination Clock Delay (DCD):    0.020ns
    Source Clock Delay      (SCD):    0.000ns
    Clock Pessimism Removal (CPR):    0.000ns
  Clock Uncertainty:      0.125ns  ((TSJ^2 + TIJ^2)^1/2 + DJ) / 2 + PE + UU
    Total System Jitter     (TSJ):    0.050ns
    Total Input Jitter      (TIJ):    0.000ns
    Discrete Jitter          (DJ):    0.000ns
    Phase Error              (PE):    0.000ns
    User Uncertainty         (UU):    0.100ns
  Timing Exception:       False Path

    Location             Delay type                Incr(ns)  Path(ns)    Netlist Resource(s)
  -------------------------------------------------------------------    -------------------
                                                      0.000     0.000 r  s_axis_tvalid (IN)
                         net (fo=17, unset)           0.000     0.000    u_ingress/u_fifo/s_axis_tvalid
    SLICE_X101Y481       LUT6 (Prop_H6LUT_SLICEL_I3_O)
                                                      0.090     0.090 r  u_ingress/u_fifo/wbin[8]_i_2/O
                         net (fo=12, routed)          0.317     0.407    u_ingress/u_fifo/wbin[8]_i_2_n_0
    SLICE_X103Y480       LUT5 (Prop_G5LUT_SLICEL_I2_O)
                                                      0.135     0.542 r  u_ingress/u_fifo/wgray[8]_i_2/O
                         net (fo=2, routed)           0.213     0.755    u_ingress/u_fifo/wgray[8]_i_2_n_0
    SLICE_X103Y480       LUT3 (Prop_H5LUT_SLICEL_I2_O)
                                                      0.109     0.864 r  u_ingress/u_fifo/wgray[8]_i_1/O
                         net (fo=1, routed)           0.454     1.318    u_ingress/u_fifo/bin2gray_return2_out[8]
    SLICE_X103Y480       FDCE                                         r  u_ingress/u_fifo/wgray_reg[8]/D
  -------------------------------------------------------------------    -------------------

                         (clock clk_line rise edge)
                                                      0.000     0.000 r  
                                                      0.000     0.000 r  clk_line (IN)
                         net (fo=138, unset)          0.020     0.020    u_ingress/u_fifo/clk_line
    SLICE_X103Y480       FDCE                                         r  u_ingress/u_fifo/wgray_reg[8]/C

Slack:                    inf
  Source:                 s_axis_tvalid
                            (input port)
  Destination:            u_ingress/u_fifo/wbin_reg[9]/D
                            (rising edge-triggered cell FDCE clocked by clk_line  {rise@0.000ns fall@3.200ns period=6.400ns})
  Path Group:             (none)
  Path Type:              Setup (Max at Slow Process Corner)
  Data Path Delay:        1.310ns  (logic 0.324ns (24.731%)  route 0.986ns (75.269%))
  Logic Levels:           3  (LUT3=1 LUT5=1 LUT6=1)
  Clock Path Skew:        0.020ns (DCD - SCD + CPR)
    Destination Clock Delay (DCD):    0.020ns
    Source Clock Delay      (SCD):    0.000ns
    Clock Pessimism Removal (CPR):    0.000ns
  Clock Uncertainty:      0.125ns  ((TSJ^2 + TIJ^2)^1/2 + DJ) / 2 + PE + UU
    Total System Jitter     (TSJ):    0.050ns
    Total Input Jitter      (TIJ):    0.000ns
    Discrete Jitter          (DJ):    0.000ns
    Phase Error              (PE):    0.000ns
    User Uncertainty         (UU):    0.100ns
  Timing Exception:       False Path

    Location             Delay type                Incr(ns)  Path(ns)    Netlist Resource(s)
  -------------------------------------------------------------------    -------------------
                                                      0.000     0.000 r  s_axis_tvalid (IN)
                         net (fo=17, unset)           0.000     0.000    u_ingress/u_fifo/s_axis_tvalid
    SLICE_X101Y481       LUT6 (Prop_H6LUT_SLICEL_I3_O)
                                                      0.090     0.090 r  u_ingress/u_fifo/wbin[8]_i_2/O
                         net (fo=12, routed)          0.317     0.407    u_ingress/u_fifo/wbin[8]_i_2_n_0
    SLICE_X103Y480       LUT5 (Prop_G5LUT_SLICEL_I2_O)
                                                      0.135     0.542 r  u_ingress/u_fifo/wgray[8]_i_2/O
                         net (fo=2, routed)           0.213     0.755    u_ingress/u_fifo/wgray[8]_i_2_n_0
    SLICE_X103Y480       LUT3 (Prop_H6LUT_SLICEL_I0_O)
                                                      0.099     0.854 r  u_ingress/u_fifo/wbin[9]_i_1/O
                         net (fo=2, routed)           0.456     1.310    u_ingress/u_fifo/b1_in[9]
    SLICE_X103Y480       FDCE                                         r  u_ingress/u_fifo/wbin_reg[9]/D
  -------------------------------------------------------------------    -------------------

                         (clock clk_line rise edge)
                                                      0.000     0.000 r  
                                                      0.000     0.000 r  clk_line (IN)
                         net (fo=138, unset)          0.020     0.020    u_ingress/u_fifo/clk_line
    SLICE_X103Y480       FDCE                                         r  u_ingress/u_fifo/wbin_reg[9]/C

Slack:                    inf
  Source:                 s_axis_tvalid
                            (input port)
  Destination:            u_ingress/u_fifo/wgray_reg[6]/D
                            (rising edge-triggered cell FDCE clocked by clk_line  {rise@0.000ns fall@3.200ns period=6.400ns})
  Path Group:             (none)
  Path Type:              Setup (Max at Slow Process Corner)
  Data Path Delay:        0.802ns  (logic 0.213ns (26.547%)  route 0.589ns (73.453%))
  Logic Levels:           2  (LUT5=1 LUT6=1)
  Clock Path Skew:        0.020ns (DCD - SCD + CPR)
    Destination Clock Delay (DCD):    0.020ns
    Source Clock Delay      (SCD):    0.000ns
    Clock Pessimism Removal (CPR):    0.000ns
  Clock Uncertainty:      0.125ns  ((TSJ^2 + TIJ^2)^1/2 + DJ) / 2 + PE + UU
    Total System Jitter     (TSJ):    0.050ns
    Total Input Jitter      (TIJ):    0.000ns
    Discrete Jitter          (DJ):    0.000ns
    Phase Error              (PE):    0.000ns
    User Uncertainty         (UU):    0.100ns
  Timing Exception:       False Path

    Location             Delay type                Incr(ns)  Path(ns)    Netlist Resource(s)
  -------------------------------------------------------------------    -------------------
                                                      0.000     0.000 r  s_axis_tvalid (IN)
                         net (fo=17, unset)           0.000     0.000    u_ingress/u_fifo/s_axis_tvalid
    SLICE_X101Y481       LUT6 (Prop_H6LUT_SLICEL_I3_O)
                                                      0.090     0.090 r  u_ingress/u_fifo/wbin[8]_i_2/O
                         net (fo=12, routed)          0.317     0.407    u_ingress/u_fifo/wbin[8]_i_2_n_0
    SLICE_X103Y480       LUT5 (Prop_G6LUT_SLICEL_I3_O)
                                                      0.123     0.530 r  u_ingress/u_fifo/wgray[6]_i_1/O
                         net (fo=2, routed)           0.272     0.802    u_ingress/u_fifo/bin2gray_return2_out[6]
    SLICE_X103Y480       FDCE                                         r  u_ingress/u_fifo/wgray_reg[6]/D
  -------------------------------------------------------------------    -------------------

                         (clock clk_line rise edge)
                                                      0.000     0.000 r  
                                                      0.000     0.000 r  clk_line (IN)
                         net (fo=138, unset)          0.020     0.020    u_ingress/u_fifo/clk_line
    SLICE_X103Y480       FDCE                                         r  u_ingress/u_fifo/wgray_reg[6]/C

Slack:                    inf
  Source:                 s_axis_tvalid
                            (input port)
  Destination:            u_ingress/u_fifo/mem_reg_0_63_0_6/RAMA/WE
                            (rising edge-triggered cell RAMD64E clocked by clk_line  {rise@0.000ns fall@3.200ns period=6.400ns})
  Path Group:             (none)
  Path Type:              Setup (Max at Slow Process Corner)
  Data Path Delay:        0.799ns  (logic 0.146ns (18.281%)  route 0.653ns (81.719%))
  Logic Levels:           1  (LUT5=1)
  Clock Path Skew:        0.043ns (DCD - SCD + CPR)
    Destination Clock Delay (DCD):    0.043ns
    Source Clock Delay      (SCD):    0.000ns
    Clock Pessimism Removal (CPR):    0.000ns
  Clock Uncertainty:      0.125ns  ((TSJ^2 + TIJ^2)^1/2 + DJ) / 2 + PE + UU
    Total System Jitter     (TSJ):    0.050ns
    Total Input Jitter      (TIJ):    0.000ns
    Discrete Jitter          (DJ):    0.000ns
    Phase Error              (PE):    0.000ns
    User Uncertainty         (UU):    0.100ns
  Timing Exception:       False Path

    Location             Delay type                Incr(ns)  Path(ns)    Netlist Resource(s)
  -------------------------------------------------------------------    -------------------
                                                      0.000     0.000 r  s_axis_tvalid (IN)
                         net (fo=17, unset)           0.000     0.000    u_ingress/u_fifo/s_axis_tvalid
    SLICE_X101Y480       LUT5 (Prop_C6LUT_SLICEL_I0_O)
                                                      0.146     0.146 r  u_ingress/u_fifo/mem_reg_0_63_0_6_i_1/O
                         net (fo=12, routed)          0.653     0.799    u_ingress/u_fifo/mem_reg_0_63_0_6/WE
    SLICE_X102Y481       RAMD64E                                      r  u_ingress/u_fifo/mem_reg_0_63_0_6/RAMA/WE
  -------------------------------------------------------------------    -------------------

                         (clock clk_line rise edge)
                                                      0.000     0.000 r  
                                                      0.000     0.000 r  clk_line (IN)
                         net (fo=138, unset)          0.043     0.043    u_ingress/u_fifo/mem_reg_0_63_0_6/WCLK
    SLICE_X102Y481       RAMD64E                                      r  u_ingress/u_fifo/mem_reg_0_63_0_6/RAMA/CLK

Slack:                    inf
  Source:                 s_axis_tvalid
                            (input port)
  Destination:            u_ingress/u_fifo/mem_reg_0_63_0_6/RAMB/WE
                            (rising edge-triggered cell RAMD64E clocked by clk_line  {rise@0.000ns fall@3.200ns period=6.400ns})
  Path Group:             (none)
  Path Type:              Setup (Max at Slow Process Corner)
  Data Path Delay:        0.799ns  (logic 0.146ns (18.281%)  route 0.653ns (81.719%))
  Logic Levels:           1  (LUT5=1)
  Clock Path Skew:        0.043ns (DCD - SCD + CPR)
    Destination Clock Delay (DCD):    0.043ns
    Source Clock Delay      (SCD):    0.000ns
    Clock Pessimism Removal (CPR):    0.000ns
  Clock Uncertainty:      0.125ns  ((TSJ^2 + TIJ^2)^1/2 + DJ) / 2 + PE + UU
    Total System Jitter     (TSJ):    0.050ns
    Total Input Jitter      (TIJ):    0.000ns
    Discrete Jitter          (DJ):    0.000ns
    Phase Error              (PE):    0.000ns
    User Uncertainty         (UU):    0.100ns
  Timing Exception:       False Path

    Location             Delay type                Incr(ns)  Path(ns)    Netlist Resource(s)
  -------------------------------------------------------------------    -------------------
                                                      0.000     0.000 r  s_axis_tvalid (IN)
                         net (fo=17, unset)           0.000     0.000    u_ingress/u_fifo/s_axis_tvalid
    SLICE_X101Y480       LUT5 (Prop_C6LUT_SLICEL_I0_O)
                                                      0.146     0.146 r  u_ingress/u_fifo/mem_reg_0_63_0_6_i_1/O
                         net (fo=12, routed)          0.653     0.799    u_ingress/u_fifo/mem_reg_0_63_0_6/WE
    SLICE_X102Y481       RAMD64E                                      r  u_ingress/u_fifo/mem_reg_0_63_0_6/RAMB/WE
  -------------------------------------------------------------------    -------------------

                         (clock clk_line rise edge)
                                                      0.000     0.000 r  
                                                      0.000     0.000 r  clk_line (IN)
                         net (fo=138, unset)          0.043     0.043    u_ingress/u_fifo/mem_reg_0_63_0_6/WCLK
    SLICE_X102Y481       RAMD64E                                      r  u_ingress/u_fifo/mem_reg_0_63_0_6/RAMB/CLK

Slack:                    inf
  Source:                 s_axis_tvalid
                            (input port)
  Destination:            u_ingress/u_fifo/mem_reg_0_63_0_6/RAMC/WE
                            (rising edge-triggered cell RAMD64E clocked by clk_line  {rise@0.000ns fall@3.200ns period=6.400ns})
  Path Group:             (none)
  Path Type:              Setup (Max at Slow Process Corner)
  Data Path Delay:        0.799ns  (logic 0.146ns (18.281%)  route 0.653ns (81.719%))
  Logic Levels:           1  (LUT5=1)
  Clock Path Skew:        0.043ns (DCD - SCD + CPR)
    Destination Clock Delay (DCD):    0.043ns
    Source Clock Delay      (SCD):    0.000ns
    Clock Pessimism Removal (CPR):    0.000ns
  Clock Uncertainty:      0.125ns  ((TSJ^2 + TIJ^2)^1/2 + DJ) / 2 + PE + UU
    Total System Jitter     (TSJ):    0.050ns
    Total Input Jitter      (TIJ):    0.000ns
    Discrete Jitter          (DJ):    0.000ns
    Phase Error              (PE):    0.000ns
    User Uncertainty         (UU):    0.100ns
  Timing Exception:       False Path

    Location             Delay type                Incr(ns)  Path(ns)    Netlist Resource(s)
  -------------------------------------------------------------------    -------------------
                                                      0.000     0.000 r  s_axis_tvalid (IN)
                         net (fo=17, unset)           0.000     0.000    u_ingress/u_fifo/s_axis_tvalid
    SLICE_X101Y480       LUT5 (Prop_C6LUT_SLICEL_I0_O)
                                                      0.146     0.146 r  u_ingress/u_fifo/mem_reg_0_63_0_6_i_1/O
                         net (fo=12, routed)          0.653     0.799    u_ingress/u_fifo/mem_reg_0_63_0_6/WE
    SLICE_X102Y481       RAMD64E                                      r  u_ingress/u_fifo/mem_reg_0_63_0_6/RAMC/WE
  -------------------------------------------------------------------    -------------------

                         (clock clk_line rise edge)
                                                      0.000     0.000 r  
                                                      0.000     0.000 r  clk_line (IN)
                         net (fo=138, unset)          0.043     0.043    u_ingress/u_fifo/mem_reg_0_63_0_6/WCLK
    SLICE_X102Y481       RAMD64E                                      r  u_ingress/u_fifo/mem_reg_0_63_0_6/RAMC/CLK

Slack:                    inf
  Source:                 s_axis_tvalid
                            (input port)
  Destination:            u_ingress/u_fifo/mem_reg_0_63_0_6/RAMD/WE
                            (rising edge-triggered cell RAMD64E clocked by clk_line  {rise@0.000ns fall@3.200ns period=6.400ns})
  Path Group:             (none)
  Path Type:              Setup (Max at Slow Process Corner)
  Data Path Delay:        0.799ns  (logic 0.146ns (18.281%)  route 0.653ns (81.719%))
  Logic Levels:           1  (LUT5=1)
  Clock Path Skew:        0.043ns (DCD - SCD + CPR)
    Destination Clock Delay (DCD):    0.043ns
    Source Clock Delay      (SCD):    0.000ns
    Clock Pessimism Removal (CPR):    0.000ns
  Clock Uncertainty:      0.125ns  ((TSJ^2 + TIJ^2)^1/2 + DJ) / 2 + PE + UU
    Total System Jitter     (TSJ):    0.050ns
    Total Input Jitter      (TIJ):    0.000ns
    Discrete Jitter          (DJ):    0.000ns
    Phase Error              (PE):    0.000ns
    User Uncertainty         (UU):    0.100ns
  Timing Exception:       False Path

    Location             Delay type                Incr(ns)  Path(ns)    Netlist Resource(s)
  -------------------------------------------------------------------    -------------------
                                                      0.000     0.000 r  s_axis_tvalid (IN)
                         net (fo=17, unset)           0.000     0.000    u_ingress/u_fifo/s_axis_tvalid
    SLICE_X101Y480       LUT5 (Prop_C6LUT_SLICEL_I0_O)
                                                      0.146     0.146 r  u_ingress/u_fifo/mem_reg_0_63_0_6_i_1/O
                         net (fo=12, routed)          0.653     0.799    u_ingress/u_fifo/mem_reg_0_63_0_6/WE
    SLICE_X102Y481       RAMD64E                                      r  u_ingress/u_fifo/mem_reg_0_63_0_6/RAMD/WE
  -------------------------------------------------------------------    -------------------

                         (clock clk_line rise edge)
                                                      0.000     0.000 r  
                                                      0.000     0.000 r  clk_line (IN)
                         net (fo=138, unset)          0.043     0.043    u_ingress/u_fifo/mem_reg_0_63_0_6/WCLK
    SLICE_X102Y481       RAMD64E                                      r  u_ingress/u_fifo/mem_reg_0_63_0_6/RAMD/CLK

Slack:                    inf
  Source:                 s_axis_tvalid
                            (input port)
  Destination:            u_ingress/u_fifo/mem_reg_0_63_0_6/RAME/WE
                            (rising edge-triggered cell RAMD64E clocked by clk_line  {rise@0.000ns fall@3.200ns period=6.400ns})
  Path Group:             (none)
  Path Type:              Setup (Max at Slow Process Corner)
  Data Path Delay:        0.799ns  (logic 0.146ns (18.281%)  route 0.653ns (81.719%))
  Logic Levels:           1  (LUT5=1)
  Clock Path Skew:        0.043ns (DCD - SCD + CPR)
    Destination Clock Delay (DCD):    0.043ns
    Source Clock Delay      (SCD):    0.000ns
    Clock Pessimism Removal (CPR):    0.000ns
  Clock Uncertainty:      0.125ns  ((TSJ^2 + TIJ^2)^1/2 + DJ) / 2 + PE + UU
    Total System Jitter     (TSJ):    0.050ns
    Total Input Jitter      (TIJ):    0.000ns
    Discrete Jitter          (DJ):    0.000ns
    Phase Error              (PE):    0.000ns
    User Uncertainty         (UU):    0.100ns
  Timing Exception:       False Path

    Location             Delay type                Incr(ns)  Path(ns)    Netlist Resource(s)
  -------------------------------------------------------------------    -------------------
                                                      0.000     0.000 r  s_axis_tvalid (IN)
                         net (fo=17, unset)           0.000     0.000    u_ingress/u_fifo/s_axis_tvalid
    SLICE_X101Y480       LUT5 (Prop_C6LUT_SLICEL_I0_O)
                                                      0.146     0.146 r  u_ingress/u_fifo/mem_reg_0_63_0_6_i_1/O
                         net (fo=12, routed)          0.653     0.799    u_ingress/u_fifo/mem_reg_0_63_0_6/WE
    SLICE_X102Y481       RAMD64E                                      r  u_ingress/u_fifo/mem_reg_0_63_0_6/RAME/WE
  -------------------------------------------------------------------    -------------------

                         (clock clk_line rise edge)
                                                      0.000     0.000 r  
                                                      0.000     0.000 r  clk_line (IN)
                         net (fo=138, unset)          0.043     0.043    u_ingress/u_fifo/mem_reg_0_63_0_6/WCLK
    SLICE_X102Y481       RAMD64E                                      r  u_ingress/u_fifo/mem_reg_0_63_0_6/RAME/CLK

Slack:                    inf
  Source:                 s_axis_tvalid
                            (input port)
  Destination:            u_ingress/u_fifo/mem_reg_0_63_0_6/RAMF/WE
                            (rising edge-triggered cell RAMD64E clocked by clk_line  {rise@0.000ns fall@3.200ns period=6.400ns})
  Path Group:             (none)
  Path Type:              Setup (Max at Slow Process Corner)
  Data Path Delay:        0.799ns  (logic 0.146ns (18.281%)  route 0.653ns (81.719%))
  Logic Levels:           1  (LUT5=1)
  Clock Path Skew:        0.043ns (DCD - SCD + CPR)
    Destination Clock Delay (DCD):    0.043ns
    Source Clock Delay      (SCD):    0.000ns
    Clock Pessimism Removal (CPR):    0.000ns
  Clock Uncertainty:      0.125ns  ((TSJ^2 + TIJ^2)^1/2 + DJ) / 2 + PE + UU
    Total System Jitter     (TSJ):    0.050ns
    Total Input Jitter      (TIJ):    0.000ns
    Discrete Jitter          (DJ):    0.000ns
    Phase Error              (PE):    0.000ns
    User Uncertainty         (UU):    0.100ns
  Timing Exception:       False Path

    Location             Delay type                Incr(ns)  Path(ns)    Netlist Resource(s)
  -------------------------------------------------------------------    -------------------
                                                      0.000     0.000 r  s_axis_tvalid (IN)
                         net (fo=17, unset)           0.000     0.000    u_ingress/u_fifo/s_axis_tvalid
    SLICE_X101Y480       LUT5 (Prop_C6LUT_SLICEL_I0_O)
                                                      0.146     0.146 r  u_ingress/u_fifo/mem_reg_0_63_0_6_i_1/O
                         net (fo=12, routed)          0.653     0.799    u_ingress/u_fifo/mem_reg_0_63_0_6/WE
    SLICE_X102Y481       RAMD64E                                      r  u_ingress/u_fifo/mem_reg_0_63_0_6/RAMF/WE
  -------------------------------------------------------------------    -------------------

                         (clock clk_line rise edge)
                                                      0.000     0.000 r  
                                                      0.000     0.000 r  clk_line (IN)
                         net (fo=138, unset)          0.043     0.043    u_ingress/u_fifo/mem_reg_0_63_0_6/WCLK
    SLICE_X102Y481       RAMD64E                                      r  u_ingress/u_fifo/mem_reg_0_63_0_6/RAMF/CLK





Min Delay Paths
--------------------------------------------------------------------------------------
Slack:                    inf
  Source:                 s_axis_tdata[0]
                            (input port)
  Destination:            u_ingress/u_fifo/mem_reg_0_63_0_6/RAMA/I
                            (rising edge-triggered cell RAMD64E clocked by clk_line  {rise@0.000ns fall@3.200ns period=6.400ns})
  Path Group:             (none)
  Path Type:              Hold (Min at Slow Process Corner)
  Data Path Delay:        0.000ns  (logic 0.000ns (0.000%)  route 0.000ns (0.000%))
  Logic Levels:           0  
  Clock Path Skew:        0.057ns (DCD - SCD - CPR)
    Destination Clock Delay (DCD):    0.057ns
    Source Clock Delay      (SCD):    0.000ns
    Clock Pessimism Removal (CPR):    -0.000ns
  Timing Exception:       False Path

    Location             Delay type                Incr(ns)  Path(ns)    Netlist Resource(s)
  -------------------------------------------------------------------    -------------------
                                                      0.000     0.000 r  s_axis_tdata[0] (IN)
                         net (fo=7, unset)            0.000     0.000    u_ingress/u_fifo/mem_reg_0_63_0_6/DIA
    SLICE_X102Y481       RAMD64E                                      r  u_ingress/u_fifo/mem_reg_0_63_0_6/RAMA/I
  -------------------------------------------------------------------    -------------------

                         (clock clk_line rise edge)
                                                      0.000     0.000 r  
                                                      0.000     0.000 r  clk_line (IN)
                         net (fo=138, unset)          0.057     0.057    u_ingress/u_fifo/mem_reg_0_63_0_6/WCLK
    SLICE_X102Y481       RAMD64E                                      r  u_ingress/u_fifo/mem_reg_0_63_0_6/RAMA/CLK

Slack:                    inf
  Source:                 s_axis_tdata[1]
                            (input port)
  Destination:            u_ingress/u_fifo/mem_reg_0_63_0_6/RAMB/I
                            (rising edge-triggered cell RAMD64E clocked by clk_line  {rise@0.000ns fall@3.200ns period=6.400ns})
  Path Group:             (none)
  Path Type:              Hold (Min at Slow Process Corner)
  Data Path Delay:        0.000ns  (logic 0.000ns (0.000%)  route 0.000ns (0.000%))
  Logic Levels:           0  
  Clock Path Skew:        0.057ns (DCD - SCD - CPR)
    Destination Clock Delay (DCD):    0.057ns
    Source Clock Delay      (SCD):    0.000ns
    Clock Pessimism Removal (CPR):    -0.000ns
  Timing Exception:       False Path

    Location             Delay type                Incr(ns)  Path(ns)    Netlist Resource(s)
  -------------------------------------------------------------------    -------------------
                                                      0.000     0.000 r  s_axis_tdata[1] (IN)
                         net (fo=7, unset)            0.000     0.000    u_ingress/u_fifo/mem_reg_0_63_0_6/DIB
    SLICE_X102Y481       RAMD64E                                      r  u_ingress/u_fifo/mem_reg_0_63_0_6/RAMB/I
  -------------------------------------------------------------------    -------------------

                         (clock clk_line rise edge)
                                                      0.000     0.000 r  
                                                      0.000     0.000 r  clk_line (IN)
                         net (fo=138, unset)          0.057     0.057    u_ingress/u_fifo/mem_reg_0_63_0_6/WCLK
    SLICE_X102Y481       RAMD64E                                      r  u_ingress/u_fifo/mem_reg_0_63_0_6/RAMB/CLK

Slack:                    inf
  Source:                 s_axis_tdata[2]
                            (input port)
  Destination:            u_ingress/u_fifo/mem_reg_0_63_0_6/RAMC/I
                            (rising edge-triggered cell RAMD64E clocked by clk_line  {rise@0.000ns fall@3.200ns period=6.400ns})
  Path Group:             (none)
  Path Type:              Hold (Min at Slow Process Corner)
  Data Path Delay:        0.000ns  (logic 0.000ns (0.000%)  route 0.000ns (0.000%))
  Logic Levels:           0  
  Clock Path Skew:        0.057ns (DCD - SCD - CPR)
    Destination Clock Delay (DCD):    0.057ns
    Source Clock Delay      (SCD):    0.000ns
    Clock Pessimism Removal (CPR):    -0.000ns
  Timing Exception:       False Path

    Location             Delay type                Incr(ns)  Path(ns)    Netlist Resource(s)
  -------------------------------------------------------------------    -------------------
                                                      0.000     0.000 r  s_axis_tdata[2] (IN)
                         net (fo=7, unset)            0.000     0.000    u_ingress/u_fifo/mem_reg_0_63_0_6/DIC
    SLICE_X102Y481       RAMD64E                                      r  u_ingress/u_fifo/mem_reg_0_63_0_6/RAMC/I
  -------------------------------------------------------------------    -------------------

                         (clock clk_line rise edge)
                                                      0.000     0.000 r  
                                                      0.000     0.000 r  clk_line (IN)
                         net (fo=138, unset)          0.057     0.057    u_ingress/u_fifo/mem_reg_0_63_0_6/WCLK
    SLICE_X102Y481       RAMD64E                                      r  u_ingress/u_fifo/mem_reg_0_63_0_6/RAMC/CLK

Slack:                    inf
  Source:                 s_axis_tdata[3]
                            (input port)
  Destination:            u_ingress/u_fifo/mem_reg_0_63_0_6/RAMD/I
                            (rising edge-triggered cell RAMD64E clocked by clk_line  {rise@0.000ns fall@3.200ns period=6.400ns})
  Path Group:             (none)
  Path Type:              Hold (Min at Slow Process Corner)
  Data Path Delay:        0.000ns  (logic 0.000ns (0.000%)  route 0.000ns (0.000%))
  Logic Levels:           0  
  Clock Path Skew:        0.057ns (DCD - SCD - CPR)
    Destination Clock Delay (DCD):    0.057ns
    Source Clock Delay      (SCD):    0.000ns
    Clock Pessimism Removal (CPR):    -0.000ns
  Timing Exception:       False Path

    Location             Delay type                Incr(ns)  Path(ns)    Netlist Resource(s)
  -------------------------------------------------------------------    -------------------
                                                      0.000     0.000 r  s_axis_tdata[3] (IN)
                         net (fo=7, unset)            0.000     0.000    u_ingress/u_fifo/mem_reg_0_63_0_6/DID
    SLICE_X102Y481       RAMD64E                                      r  u_ingress/u_fifo/mem_reg_0_63_0_6/RAMD/I
  -------------------------------------------------------------------    -------------------

                         (clock clk_line rise edge)
                                                      0.000     0.000 r  
                                                      0.000     0.000 r  clk_line (IN)
                         net (fo=138, unset)          0.057     0.057    u_ingress/u_fifo/mem_reg_0_63_0_6/WCLK
    SLICE_X102Y481       RAMD64E                                      r  u_ingress/u_fifo/mem_reg_0_63_0_6/RAMD/CLK

Slack:                    inf
  Source:                 s_axis_tdata[4]
                            (input port)
  Destination:            u_ingress/u_fifo/mem_reg_0_63_0_6/RAME/I
                            (rising edge-triggered cell RAMD64E clocked by clk_line  {rise@0.000ns fall@3.200ns period=6.400ns})
  Path Group:             (none)
  Path Type:              Hold (Min at Slow Process Corner)
  Data Path Delay:        0.000ns  (logic 0.000ns (0.000%)  route 0.000ns (0.000%))
  Logic Levels:           0  
  Clock Path Skew:        0.057ns (DCD - SCD - CPR)
    Destination Clock Delay (DCD):    0.057ns
    Source Clock Delay      (SCD):    0.000ns
    Clock Pessimism Removal (CPR):    -0.000ns
  Timing Exception:       False Path

    Location             Delay type                Incr(ns)  Path(ns)    Netlist Resource(s)
  -------------------------------------------------------------------    -------------------
                                                      0.000     0.000 r  s_axis_tdata[4] (IN)
                         net (fo=7, unset)            0.000     0.000    u_ingress/u_fifo/mem_reg_0_63_0_6/DIE
    SLICE_X102Y481       RAMD64E                                      r  u_ingress/u_fifo/mem_reg_0_63_0_6/RAME/I
  -------------------------------------------------------------------    -------------------

                         (clock clk_line rise edge)
                                                      0.000     0.000 r  
                                                      0.000     0.000 r  clk_line (IN)
                         net (fo=138, unset)          0.057     0.057    u_ingress/u_fifo/mem_reg_0_63_0_6/WCLK
    SLICE_X102Y481       RAMD64E                                      r  u_ingress/u_fifo/mem_reg_0_63_0_6/RAME/CLK

Slack:                    inf
  Source:                 s_axis_tdata[5]
                            (input port)
  Destination:            u_ingress/u_fifo/mem_reg_0_63_0_6/RAMF/I
                            (rising edge-triggered cell RAMD64E clocked by clk_line  {rise@0.000ns fall@3.200ns period=6.400ns})
  Path Group:             (none)
  Path Type:              Hold (Min at Slow Process Corner)
  Data Path Delay:        0.000ns  (logic 0.000ns (0.000%)  route 0.000ns (0.000%))
  Logic Levels:           0  
  Clock Path Skew:        0.057ns (DCD - SCD - CPR)
    Destination Clock Delay (DCD):    0.057ns
    Source Clock Delay      (SCD):    0.000ns
    Clock Pessimism Removal (CPR):    -0.000ns
  Timing Exception:       False Path

    Location             Delay type                Incr(ns)  Path(ns)    Netlist Resource(s)
  -------------------------------------------------------------------    -------------------
                                                      0.000     0.000 r  s_axis_tdata[5] (IN)
                         net (fo=7, unset)            0.000     0.000    u_ingress/u_fifo/mem_reg_0_63_0_6/DIF
    SLICE_X102Y481       RAMD64E                                      r  u_ingress/u_fifo/mem_reg_0_63_0_6/RAMF/I
  -------------------------------------------------------------------    -------------------

                         (clock clk_line rise edge)
                                                      0.000     0.000 r  
                                                      0.000     0.000 r  clk_line (IN)
                         net (fo=138, unset)          0.057     0.057    u_ingress/u_fifo/mem_reg_0_63_0_6/WCLK
    SLICE_X102Y481       RAMD64E                                      r  u_ingress/u_fifo/mem_reg_0_63_0_6/RAMF/CLK

Slack:                    inf
  Source:                 s_axis_tdata[6]
                            (input port)
  Destination:            u_ingress/u_fifo/mem_reg_0_63_0_6/RAMG/I
                            (rising edge-triggered cell RAMD64E clocked by clk_line  {rise@0.000ns fall@3.200ns period=6.400ns})
  Path Group:             (none)
  Path Type:              Hold (Min at Slow Process Corner)
  Data Path Delay:        0.000ns  (logic 0.000ns (0.000%)  route 0.000ns (0.000%))
  Logic Levels:           0  
  Clock Path Skew:        0.057ns (DCD - SCD - CPR)
    Destination Clock Delay (DCD):    0.057ns
    Source Clock Delay      (SCD):    0.000ns
    Clock Pessimism Removal (CPR):    -0.000ns
  Timing Exception:       False Path

    Location             Delay type                Incr(ns)  Path(ns)    Netlist Resource(s)
  -------------------------------------------------------------------    -------------------
                                                      0.000     0.000 r  s_axis_tdata[6] (IN)
                         net (fo=7, unset)            0.000     0.000    u_ingress/u_fifo/mem_reg_0_63_0_6/DIG
    SLICE_X102Y481       RAMD64E                                      r  u_ingress/u_fifo/mem_reg_0_63_0_6/RAMG/I
  -------------------------------------------------------------------    -------------------

                         (clock clk_line rise edge)
                                                      0.000     0.000 r  
                                                      0.000     0.000 r  clk_line (IN)
                         net (fo=138, unset)          0.057     0.057    u_ingress/u_fifo/mem_reg_0_63_0_6/WCLK
    SLICE_X102Y481       RAMD64E                                      r  u_ingress/u_fifo/mem_reg_0_63_0_6/RAMG/CLK

Slack:                    inf
  Source:                 s_axis_tdata[7]
                            (input port)
  Destination:            u_ingress/u_fifo/mem_reg_0_63_7_8/RAMA/I
                            (rising edge-triggered cell RAMD64E clocked by clk_line  {rise@0.000ns fall@3.200ns period=6.400ns})
  Path Group:             (none)
  Path Type:              Hold (Min at Slow Process Corner)
  Data Path Delay:        0.000ns  (logic 0.000ns (0.000%)  route 0.000ns (0.000%))
  Logic Levels:           0  
  Clock Path Skew:        0.057ns (DCD - SCD - CPR)
    Destination Clock Delay (DCD):    0.057ns
    Source Clock Delay      (SCD):    0.000ns
    Clock Pessimism Removal (CPR):    -0.000ns
  Timing Exception:       False Path

    Location             Delay type                Incr(ns)  Path(ns)    Netlist Resource(s)
  -------------------------------------------------------------------    -------------------
                                                      0.000     0.000 r  s_axis_tdata[7] (IN)
                         net (fo=7, unset)            0.000     0.000    u_ingress/u_fifo/mem_reg_0_63_7_8/DIA
    SLICE_X100Y480       RAMD64E                                      r  u_ingress/u_fifo/mem_reg_0_63_7_8/RAMA/I
  -------------------------------------------------------------------    -------------------

                         (clock clk_line rise edge)
                                                      0.000     0.000 r  
                                                      0.000     0.000 r  clk_line (IN)
                         net (fo=138, unset)          0.057     0.057    u_ingress/u_fifo/mem_reg_0_63_7_8/WCLK
    SLICE_X100Y480       RAMD64E                                      r  u_ingress/u_fifo/mem_reg_0_63_7_8/RAMA/CLK

Slack:                    inf
  Source:                 s_axis_tlast
                            (input port)
  Destination:            u_ingress/u_fifo/mem_reg_0_63_7_8/RAMB/I
                            (rising edge-triggered cell RAMD64E clocked by clk_line  {rise@0.000ns fall@3.200ns period=6.400ns})
  Path Group:             (none)
  Path Type:              Hold (Min at Slow Process Corner)
  Data Path Delay:        0.000ns  (logic 0.000ns (0.000%)  route 0.000ns (0.000%))
  Logic Levels:           0  
  Clock Path Skew:        0.057ns (DCD - SCD - CPR)
    Destination Clock Delay (DCD):    0.057ns
    Source Clock Delay      (SCD):    0.000ns
    Clock Pessimism Removal (CPR):    -0.000ns
  Timing Exception:       False Path

    Location             Delay type                Incr(ns)  Path(ns)    Netlist Resource(s)
  -------------------------------------------------------------------    -------------------
                                                      0.000     0.000 r  s_axis_tlast (IN)
                         net (fo=7, unset)            0.000     0.000    u_ingress/u_fifo/mem_reg_0_63_7_8/DIB
    SLICE_X100Y480       RAMD64E                                      r  u_ingress/u_fifo/mem_reg_0_63_7_8/RAMB/I
  -------------------------------------------------------------------    -------------------

                         (clock clk_line rise edge)
                                                      0.000     0.000 r  
                                                      0.000     0.000 r  clk_line (IN)
                         net (fo=138, unset)          0.057     0.057    u_ingress/u_fifo/mem_reg_0_63_7_8/WCLK
    SLICE_X100Y480       RAMD64E                                      r  u_ingress/u_fifo/mem_reg_0_63_7_8/RAMB/CLK

Slack:                    inf
  Source:                 s_axis_tdata[0]
                            (input port)
  Destination:            u_ingress/u_fifo/mem_reg_128_191_0_6/RAMA/I
                            (rising edge-triggered cell RAMD64E clocked by clk_line  {rise@0.000ns fall@3.200ns period=6.400ns})
  Path Group:             (none)
  Path Type:              Hold (Min at Slow Process Corner)
  Data Path Delay:        0.000ns  (logic 0.000ns (0.000%)  route 0.000ns (0.000%))
  Logic Levels:           0  
  Clock Path Skew:        0.057ns (DCD - SCD - CPR)
    Destination Clock Delay (DCD):    0.057ns
    Source Clock Delay      (SCD):    0.000ns
    Clock Pessimism Removal (CPR):    -0.000ns
  Timing Exception:       False Path

    Location             Delay type                Incr(ns)  Path(ns)    Netlist Resource(s)
  -------------------------------------------------------------------    -------------------
                                                      0.000     0.000 r  s_axis_tdata[0] (IN)
                         net (fo=7, unset)            0.000     0.000    u_ingress/u_fifo/mem_reg_128_191_0_6/DIA
    SLICE_X100Y484       RAMD64E                                      r  u_ingress/u_fifo/mem_reg_128_191_0_6/RAMA/I
  -------------------------------------------------------------------    -------------------

                         (clock clk_line rise edge)
                                                      0.000     0.000 r  
                                                      0.000     0.000 r  clk_line (IN)
                         net (fo=138, unset)          0.057     0.057    u_ingress/u_fifo/mem_reg_128_191_0_6/WCLK
    SLICE_X100Y484       RAMD64E                                      r  u_ingress/u_fifo/mem_reg_128_191_0_6/RAMA/CLK





--------------------------------------------------------------------------------------
Path Group:  (none)
From Clock:  clk_core
  To Clock:  clk_line

Max Delay             0 Endpoints
Min Delay            10 Endpoints
--------------------------------------------------------------------------------------


Min Delay Paths
--------------------------------------------------------------------------------------
Slack:                    inf
  Source:                 u_ingress/u_fifo/rgray_reg[1]/C
                            (rising edge-triggered cell FDCE clocked by clk_core  {rise@0.000ns fall@2.000ns period=4.000ns})
  Destination:            u_ingress/u_fifo/rq_reg[0][1]/D
                            (rising edge-triggered cell FDCE clocked by clk_line  {rise@0.000ns fall@3.200ns period=6.400ns})
  Path Group:             (none)
  Path Type:              Hold (Min at Fast Process Corner)
  Data Path Delay:        0.118ns  (logic 0.039ns (33.051%)  route 0.079ns (66.949%))
  Logic Levels:           0  
  Clock Path Skew:        0.007ns (DCD - SCD - CPR)
    Destination Clock Delay (DCD):    0.019ns
    Source Clock Delay      (SCD):    0.012ns
    Clock Pessimism Removal (CPR):    -0.000ns
  Clock Uncertainty:      0.135ns  ((TSJ^2 + TIJ^2)^1/2 + DJ) / 2 + PE + UU
    Total System Jitter     (TSJ):    0.071ns
    Total Input Jitter      (TIJ):    0.000ns
    Discrete Jitter          (DJ):    0.000ns
    Phase Error              (PE):    0.000ns
    User Uncertainty         (UU):    0.100ns
  Timing Exception:       False Path

    Location             Delay type                Incr(ns)  Path(ns)    Netlist Resource(s)
  -------------------------------------------------------------------    -------------------
                         (clock clk_core rise edge)
                                                      0.000     0.000 r  
                                                      0.000     0.000 r  clk_core (IN)
                         net (fo=5569, unset)         0.012     0.012    u_ingress/u_fifo/clk_core
    SLICE_X103Y483       FDCE                                         r  u_ingress/u_fifo/rgray_reg[1]/C
  -------------------------------------------------------------------    -------------------
    SLICE_X103Y483       FDCE (Prop_AFF_SLICEL_C_Q)
                                                      0.039     0.051 r  u_ingress/u_fifo/rgray_reg[1]/Q
                         net (fo=1, routed)           0.079     0.130    u_ingress/u_fifo/rgray[1]
    SLICE_X103Y483       FDCE                                         r  u_ingress/u_fifo/rq_reg[0][1]/D
  -------------------------------------------------------------------    -------------------

                         (clock clk_line rise edge)
                                                      0.000     0.000 r  
                                                      0.000     0.000 r  clk_line (IN)
                         net (fo=138, unset)          0.019     0.019    u_ingress/u_fifo/clk_line
    SLICE_X103Y483       FDCE                                         r  u_ingress/u_fifo/rq_reg[0][1]/C

Slack:                    inf
  Source:                 u_ingress/u_fifo/rgray_reg[4]/C
                            (rising edge-triggered cell FDCE clocked by clk_core  {rise@0.000ns fall@2.000ns period=4.000ns})
  Destination:            u_ingress/u_fifo/rq_reg[0][4]/D
                            (rising edge-triggered cell FDCE clocked by clk_line  {rise@0.000ns fall@3.200ns period=6.400ns})
  Path Group:             (none)
  Path Type:              Hold (Min at Fast Process Corner)
  Data Path Delay:        0.144ns  (logic 0.038ns (26.389%)  route 0.106ns (73.611%))
  Logic Levels:           0  
  Clock Path Skew:        0.005ns (DCD - SCD - CPR)
    Destination Clock Delay (DCD):    0.018ns
    Source Clock Delay      (SCD):    0.013ns
    Clock Pessimism Removal (CPR):    -0.000ns
  Clock Uncertainty:      0.135ns  ((TSJ^2 + TIJ^2)^1/2 + DJ) / 2 + PE + UU
    Total System Jitter     (TSJ):    0.071ns
    Total Input Jitter      (TIJ):    0.000ns
    Discrete Jitter          (DJ):    0.000ns
    Phase Error              (PE):    0.000ns
    User Uncertainty         (UU):    0.100ns
  Timing Exception:       False Path

    Location             Delay type                Incr(ns)  Path(ns)    Netlist Resource(s)
  -------------------------------------------------------------------    -------------------
                         (clock clk_core rise edge)
                                                      0.000     0.000 r  
                                                      0.000     0.000 r  clk_core (IN)
                         net (fo=5569, unset)         0.013     0.013    u_ingress/u_fifo/clk_core
    SLICE_X102Y480       FDCE                                         r  u_ingress/u_fifo/rgray_reg[4]/C
  -------------------------------------------------------------------    -------------------
    SLICE_X102Y480       FDCE (Prop_EFF_SLICEM_C_Q)
                                                      0.038     0.051 r  u_ingress/u_fifo/rgray_reg[4]/Q
                         net (fo=1, routed)           0.106     0.157    u_ingress/u_fifo/rgray[4]
    SLICE_X101Y481       FDCE                                         r  u_ingress/u_fifo/rq_reg[0][4]/D
  -------------------------------------------------------------------    -------------------

                         (clock clk_line rise edge)
                                                      0.000     0.000 r  
                                                      0.000     0.000 r  clk_line (IN)
                         net (fo=138, unset)          0.018     0.018    u_ingress/u_fifo/clk_line
    SLICE_X101Y481       FDCE                                         r  u_ingress/u_fifo/rq_reg[0][4]/C

Slack:                    inf
  Source:                 u_ingress/u_fifo/rgray_reg[7]/C
                            (rising edge-triggered cell FDCE clocked by clk_core  {rise@0.000ns fall@2.000ns period=4.000ns})
  Destination:            u_ingress/u_fifo/rq_reg[0][7]/D
                            (rising edge-triggered cell FDCE clocked by clk_line  {rise@0.000ns fall@3.200ns period=6.400ns})
  Path Group:             (none)
  Path Type:              Hold (Min at Fast Process Corner)
  Data Path Delay:        0.147ns  (logic 0.039ns (26.531%)  route 0.108ns (73.469%))
  Logic Levels:           0  
  Clock Path Skew:        0.006ns (DCD - SCD - CPR)
    Destination Clock Delay (DCD):    0.019ns
    Source Clock Delay      (SCD):    0.013ns
    Clock Pessimism Removal (CPR):    -0.000ns
  Clock Uncertainty:      0.135ns  ((TSJ^2 + TIJ^2)^1/2 + DJ) / 2 + PE + UU
    Total System Jitter     (TSJ):    0.071ns
    Total Input Jitter      (TIJ):    0.000ns
    Discrete Jitter          (DJ):    0.000ns
    Phase Error              (PE):    0.000ns
    User Uncertainty         (UU):    0.100ns
  Timing Exception:       False Path

    Location             Delay type                Incr(ns)  Path(ns)    Netlist Resource(s)
  -------------------------------------------------------------------    -------------------
                         (clock clk_core rise edge)
                                                      0.000     0.000 r  
                                                      0.000     0.000 r  clk_core (IN)
                         net (fo=5569, unset)         0.013     0.013    u_ingress/u_fifo/clk_core
    SLICE_X102Y479       FDCE                                         r  u_ingress/u_fifo/rgray_reg[7]/C
  -------------------------------------------------------------------    -------------------
    SLICE_X102Y479       FDCE (Prop_HFF2_SLICEM_C_Q)
                                                      0.039     0.052 r  u_ingress/u_fifo/rgray_reg[7]/Q
                         net (fo=1, routed)           0.108     0.160    u_ingress/u_fifo/rgray[7]
    SLICE_X102Y479       FDCE                                         r  u_ingress/u_fifo/rq_reg[0][7]/D
  -------------------------------------------------------------------    -------------------

                         (clock clk_line rise edge)
                                                      0.000     0.000 r  
                                                      0.000     0.000 r  clk_line (IN)
                         net (fo=138, unset)          0.019     0.019    u_ingress/u_fifo/clk_line
    SLICE_X102Y479       FDCE                                         r  u_ingress/u_fifo/rq_reg[0][7]/C

Slack:                    inf
  Source:                 u_ingress/u_fifo/rgray_reg[6]/C
                            (rising edge-triggered cell FDCE clocked by clk_core  {rise@0.000ns fall@2.000ns period=4.000ns})
  Destination:            u_ingress/u_fifo/rq_reg[0][6]/D
                            (rising edge-triggered cell FDCE clocked by clk_line  {rise@0.000ns fall@3.200ns period=6.400ns})
  Path Group:             (none)
  Path Type:              Hold (Min at Fast Process Corner)
  Data Path Delay:        0.149ns  (logic 0.039ns (26.174%)  route 0.110ns (73.826%))
  Logic Levels:           0  
  Clock Path Skew:        0.006ns (DCD - SCD - CPR)
    Destination Clock Delay (DCD):    0.019ns
    Source Clock Delay      (SCD):    0.013ns
    Clock Pessimism Removal (CPR):    -0.000ns
  Clock Uncertainty:      0.135ns  ((TSJ^2 + TIJ^2)^1/2 + DJ) / 2 + PE + UU
    Total System Jitter     (TSJ):    0.071ns
    Total Input Jitter      (TIJ):    0.000ns
    Discrete Jitter          (DJ):    0.000ns
    Phase Error              (PE):    0.000ns
    User Uncertainty         (UU):    0.100ns
  Timing Exception:       False Path

    Location             Delay type                Incr(ns)  Path(ns)    Netlist Resource(s)
  -------------------------------------------------------------------    -------------------
                         (clock clk_core rise edge)
                                                      0.000     0.000 r  
                                                      0.000     0.000 r  clk_core (IN)
                         net (fo=5569, unset)         0.013     0.013    u_ingress/u_fifo/clk_core
    SLICE_X103Y480       FDCE                                         r  u_ingress/u_fifo/rgray_reg[6]/C
  -------------------------------------------------------------------    -------------------
    SLICE_X103Y480       FDCE (Prop_EFF_SLICEL_C_Q)
                                                      0.039     0.052 r  u_ingress/u_fifo/rgray_reg[6]/Q
                         net (fo=1, routed)           0.110     0.162    u_ingress/u_fifo/rgray[6]
    SLICE_X103Y481       FDCE                                         r  u_ingress/u_fifo/rq_reg[0][6]/D
  -------------------------------------------------------------------    -------------------

                         (clock clk_line rise edge)
                                                      0.000     0.000 r  
                                                      0.000     0.000 r  clk_line (IN)
                         net (fo=138, unset)          0.019     0.019    u_ingress/u_fifo/clk_line
    SLICE_X103Y481       FDCE                                         r  u_ingress/u_fifo/rq_reg[0][6]/C

Slack:                    inf
  Source:                 u_ingress/u_fifo/rgray_reg[5]/C
                            (rising edge-triggered cell FDCE clocked by clk_core  {rise@0.000ns fall@2.000ns period=4.000ns})
  Destination:            u_ingress/u_fifo/rq_reg[0][5]/D
                            (rising edge-triggered cell FDCE clocked by clk_line  {rise@0.000ns fall@3.200ns period=6.400ns})
  Path Group:             (none)
  Path Type:              Hold (Min at Fast Process Corner)
  Data Path Delay:        0.150ns  (logic 0.039ns (26.000%)  route 0.111ns (74.000%))
  Logic Levels:           0  
  Clock Path Skew:        0.006ns (DCD - SCD - CPR)
    Destination Clock Delay (DCD):    0.019ns
    Source Clock Delay      (SCD):    0.013ns
    Clock Pessimism Removal (CPR):    -0.000ns
  Clock Uncertainty:      0.135ns  ((TSJ^2 + TIJ^2)^1/2 + DJ) / 2 + PE + UU
    Total System Jitter     (TSJ):    0.071ns
    Total Input Jitter      (TIJ):    0.000ns
    Discrete Jitter          (DJ):    0.000ns
    Phase Error              (PE):    0.000ns
    User Uncertainty         (UU):    0.100ns
  Timing Exception:       False Path

    Location             Delay type                Incr(ns)  Path(ns)    Netlist Resource(s)
  -------------------------------------------------------------------    -------------------
                         (clock clk_core rise edge)
                                                      0.000     0.000 r  
                                                      0.000     0.000 r  clk_core (IN)
                         net (fo=5569, unset)         0.013     0.013    u_ingress/u_fifo/clk_core
    SLICE_X101Y482       FDCE                                         r  u_ingress/u_fifo/rgray_reg[5]/C
  -------------------------------------------------------------------    -------------------
    SLICE_X101Y482       FDCE (Prop_HFF2_SLICEL_C_Q)
                                                      0.039     0.052 r  u_ingress/u_fifo/rgray_reg[5]/Q
                         net (fo=1, routed)           0.111     0.163    u_ingress/u_fifo/rgray[5]
    SLICE_X103Y482       FDCE                                         r  u_ingress/u_fifo/rq_reg[0][5]/D
  -------------------------------------------------------------------    -------------------

                         (clock clk_line rise edge)
                                                      0.000     0.000 r  
                                                      0.000     0.000 r  clk_line (IN)
                         net (fo=138, unset)          0.019     0.019    u_ingress/u_fifo/clk_line
    SLICE_X103Y482       FDCE                                         r  u_ingress/u_fifo/rq_reg[0][5]/C

Slack:                    inf
  Source:                 u_ingress/u_fifo/rgray_reg[2]/C
                            (rising edge-triggered cell FDCE clocked by clk_core  {rise@0.000ns fall@2.000ns period=4.000ns})
  Destination:            u_ingress/u_fifo/rq_reg[0][2]/D
                            (rising edge-triggered cell FDCE clocked by clk_line  {rise@0.000ns fall@3.200ns period=6.400ns})
  Path Group:             (none)
  Path Type:              Hold (Min at Fast Process Corner)
  Data Path Delay:        0.167ns  (logic 0.040ns (23.952%)  route 0.127ns (76.048%))
  Logic Levels:           0  
  Clock Path Skew:        0.007ns (DCD - SCD - CPR)
    Destination Clock Delay (DCD):    0.019ns
    Source Clock Delay      (SCD):    0.012ns
    Clock Pessimism Removal (CPR):    -0.000ns
  Clock Uncertainty:      0.135ns  ((TSJ^2 + TIJ^2)^1/2 + DJ) / 2 + PE + UU
    Total System Jitter     (TSJ):    0.071ns
    Total Input Jitter      (TIJ):    0.000ns
    Discrete Jitter          (DJ):    0.000ns
    Phase Error              (PE):    0.000ns
    User Uncertainty         (UU):    0.100ns
  Timing Exception:       False Path

    Location             Delay type                Incr(ns)  Path(ns)    Netlist Resource(s)
  -------------------------------------------------------------------    -------------------
                         (clock clk_core rise edge)
                                                      0.000     0.000 r  
                                                      0.000     0.000 r  clk_core (IN)
                         net (fo=5569, unset)         0.012     0.012    u_ingress/u_fifo/clk_core
    SLICE_X103Y483       FDCE                                         r  u_ingress/u_fifo/rgray_reg[2]/C
  -------------------------------------------------------------------    -------------------
    SLICE_X103Y483       FDCE (Prop_CFF2_SLICEL_C_Q)
                                                      0.040     0.052 r  u_ingress/u_fifo/rgray_reg[2]/Q
                         net (fo=1, routed)           0.127     0.179    u_ingress/u_fifo/rgray[2]
    SLICE_X103Y483       FDCE                                         r  u_ingress/u_fifo/rq_reg[0][2]/D
  -------------------------------------------------------------------    -------------------

                         (clock clk_line rise edge)
                                                      0.000     0.000 r  
                                                      0.000     0.000 r  clk_line (IN)
                         net (fo=138, unset)          0.019     0.019    u_ingress/u_fifo/clk_line
    SLICE_X103Y483       FDCE                                         r  u_ingress/u_fifo/rq_reg[0][2]/C

Slack:                    inf
  Source:                 u_ingress/u_fifo/rgray_reg[8]/C
                            (rising edge-triggered cell FDCE clocked by clk_core  {rise@0.000ns fall@2.000ns period=4.000ns})
  Destination:            u_ingress/u_fifo/rq_reg[0][8]/D
                            (rising edge-triggered cell FDCE clocked by clk_line  {rise@0.000ns fall@3.200ns period=6.400ns})
  Path Group:             (none)
  Path Type:              Hold (Min at Fast Process Corner)
  Data Path Delay:        0.190ns  (logic 0.039ns (20.526%)  route 0.151ns (79.474%))
  Logic Levels:           0  
  Clock Path Skew:        0.006ns (DCD - SCD - CPR)
    Destination Clock Delay (DCD):    0.019ns
    Source Clock Delay      (SCD):    0.013ns
    Clock Pessimism Removal (CPR):    -0.000ns
  Clock Uncertainty:      0.135ns  ((TSJ^2 + TIJ^2)^1/2 + DJ) / 2 + PE + UU
    Total System Jitter     (TSJ):    0.071ns
    Total Input Jitter      (TIJ):    0.000ns
    Discrete Jitter          (DJ):    0.000ns
    Phase Error              (PE):    0.000ns
    User Uncertainty         (UU):    0.100ns
  Timing Exception:       False Path

    Location             Delay type                Incr(ns)  Path(ns)    Netlist Resource(s)
  -------------------------------------------------------------------    -------------------
                         (clock clk_core rise edge)
                                                      0.000     0.000 r  
                                                      0.000     0.000 r  clk_core (IN)
                         net (fo=5569, unset)         0.013     0.013    u_ingress/u_fifo/clk_core
    SLICE_X102Y479       FDCE                                         r  u_ingress/u_fifo/rgray_reg[8]/C
  -------------------------------------------------------------------    -------------------
    SLICE_X102Y479       FDCE (Prop_EFF2_SLICEM_C_Q)
                                                      0.039     0.052 r  u_ingress/u_fifo/rgray_reg[8]/Q
                         net (fo=1, routed)           0.151     0.203    u_ingress/u_fifo/rgray[8]
    SLICE_X102Y479       FDCE                                         r  u_ingress/u_fifo/rq_reg[0][8]/D
  -------------------------------------------------------------------    -------------------

                         (clock clk_line rise edge)
                                                      0.000     0.000 r  
                                                      0.000     0.000 r  clk_line (IN)
                         net (fo=138, unset)          0.019     0.019    u_ingress/u_fifo/clk_line
    SLICE_X102Y479       FDCE                                         r  u_ingress/u_fifo/rq_reg[0][8]/C

Slack:                    inf
  Source:                 u_ingress/u_fifo/rgray_reg[0]/C
                            (rising edge-triggered cell FDCE clocked by clk_core  {rise@0.000ns fall@2.000ns period=4.000ns})
  Destination:            u_ingress/u_fifo/rq_reg[0][0]/D
                            (rising edge-triggered cell FDCE clocked by clk_line  {rise@0.000ns fall@3.200ns period=6.400ns})
  Path Group:             (none)
  Path Type:              Hold (Min at Fast Process Corner)
  Data Path Delay:        0.231ns  (logic 0.038ns (16.450%)  route 0.193ns (83.550%))
  Logic Levels:           0  
  Clock Path Skew:        0.006ns (DCD - SCD - CPR)
    Destination Clock Delay (DCD):    0.019ns
    Source Clock Delay      (SCD):    0.013ns
    Clock Pessimism Removal (CPR):    -0.000ns
  Clock Uncertainty:      0.135ns  ((TSJ^2 + TIJ^2)^1/2 + DJ) / 2 + PE + UU
    Total System Jitter     (TSJ):    0.071ns
    Total Input Jitter      (TIJ):    0.000ns
    Discrete Jitter          (DJ):    0.000ns
    Phase Error              (PE):    0.000ns
    User Uncertainty         (UU):    0.100ns
  Timing Exception:       False Path

    Location             Delay type                Incr(ns)  Path(ns)    Netlist Resource(s)
  -------------------------------------------------------------------    -------------------
                         (clock clk_core rise edge)
                                                      0.000     0.000 r  
                                                      0.000     0.000 r  clk_core (IN)
                         net (fo=5569, unset)         0.013     0.013    u_ingress/u_fifo/clk_core
    SLICE_X104Y482       FDCE                                         r  u_ingress/u_fifo/rgray_reg[0]/C
  -------------------------------------------------------------------    -------------------
    SLICE_X104Y482       FDCE (Prop_EFF_SLICEM_C_Q)
                                                      0.038     0.051 r  u_ingress/u_fifo/rgray_reg[0]/Q
                         net (fo=1, routed)           0.193     0.244    u_ingress/u_fifo/rgray[0]
    SLICE_X104Y482       FDCE                                         r  u_ingress/u_fifo/rq_reg[0][0]/D
  -------------------------------------------------------------------    -------------------

                         (clock clk_line rise edge)
                                                      0.000     0.000 r  
                                                      0.000     0.000 r  clk_line (IN)
                         net (fo=138, unset)          0.019     0.019    u_ingress/u_fifo/clk_line
    SLICE_X104Y482       FDCE                                         r  u_ingress/u_fifo/rq_reg[0][0]/C

Slack:                    inf
  Source:                 u_ingress/u_fifo/rbin_reg[9]/C
                            (rising edge-triggered cell FDCE clocked by clk_core  {rise@0.000ns fall@2.000ns period=4.000ns})
  Destination:            u_ingress/u_fifo/rq_reg[0][9]/D
                            (rising edge-triggered cell FDCE clocked by clk_line  {rise@0.000ns fall@3.200ns period=6.400ns})
  Path Group:             (none)
  Path Type:              Hold (Min at Fast Process Corner)
  Data Path Delay:        0.259ns  (logic 0.039ns (15.061%)  route 0.220ns (84.939%))
  Logic Levels:           0  
  Clock Path Skew:        0.006ns (DCD - SCD - CPR)
    Destination Clock Delay (DCD):    0.019ns
    Source Clock Delay      (SCD):    0.013ns
    Clock Pessimism Removal (CPR):    -0.000ns
  Clock Uncertainty:      0.135ns  ((TSJ^2 + TIJ^2)^1/2 + DJ) / 2 + PE + UU
    Total System Jitter     (TSJ):    0.071ns
    Total Input Jitter      (TIJ):    0.000ns
    Discrete Jitter          (DJ):    0.000ns
    Phase Error              (PE):    0.000ns
    User Uncertainty         (UU):    0.100ns
  Timing Exception:       False Path

    Location             Delay type                Incr(ns)  Path(ns)    Netlist Resource(s)
  -------------------------------------------------------------------    -------------------
                         (clock clk_core rise edge)
                                                      0.000     0.000 r  
                                                      0.000     0.000 r  clk_core (IN)
                         net (fo=5569, unset)         0.013     0.013    u_ingress/u_fifo/clk_core
    SLICE_X103Y479       FDCE                                         r  u_ingress/u_fifo/rbin_reg[9]/C
  -------------------------------------------------------------------    -------------------
    SLICE_X103Y479       FDCE (Prop_FFF_SLICEL_C_Q)
                                                      0.039     0.052 r  u_ingress/u_fifo/rbin_reg[9]/Q
                         net (fo=4, routed)           0.220     0.272    u_ingress/u_fifo/rbin_reg[9]
    SLICE_X103Y482       FDCE                                         r  u_ingress/u_fifo/rq_reg[0][9]/D
  -------------------------------------------------------------------    -------------------

                         (clock clk_line rise edge)
                                                      0.000     0.000 r  
                                                      0.000     0.000 r  clk_line (IN)
                         net (fo=138, unset)          0.019     0.019    u_ingress/u_fifo/clk_line
    SLICE_X103Y482       FDCE                                         r  u_ingress/u_fifo/rq_reg[0][9]/C

Slack:                    inf
  Source:                 u_ingress/u_fifo/rgray_reg[3]/C
                            (rising edge-triggered cell FDCE clocked by clk_core  {rise@0.000ns fall@2.000ns period=4.000ns})
  Destination:            u_ingress/u_fifo/rq_reg[0][3]/D
                            (rising edge-triggered cell FDCE clocked by clk_line  {rise@0.000ns fall@3.200ns period=6.400ns})
  Path Group:             (none)
  Path Type:              Hold (Min at Fast Process Corner)
  Data Path Delay:        0.280ns  (logic 0.038ns (13.571%)  route 0.242ns (86.429%))
  Logic Levels:           0  
  Clock Path Skew:        0.005ns (DCD - SCD - CPR)
    Destination Clock Delay (DCD):    0.018ns
    Source Clock Delay      (SCD):    0.013ns
    Clock Pessimism Removal (CPR):    -0.000ns
  Clock Uncertainty:      0.135ns  ((TSJ^2 + TIJ^2)^1/2 + DJ) / 2 + PE + UU
    Total System Jitter     (TSJ):    0.071ns
    Total Input Jitter      (TIJ):    0.000ns
    Discrete Jitter          (DJ):    0.000ns
    Phase Error              (PE):    0.000ns
    User Uncertainty         (UU):    0.100ns
  Timing Exception:       False Path

    Location             Delay type                Incr(ns)  Path(ns)    Netlist Resource(s)
  -------------------------------------------------------------------    -------------------
                         (clock clk_core rise edge)
                                                      0.000     0.000 r  
                                                      0.000     0.000 r  clk_core (IN)
                         net (fo=5569, unset)         0.013     0.013    u_ingress/u_fifo/clk_core
    SLICE_X102Y479       FDCE                                         r  u_ingress/u_fifo/rgray_reg[3]/C
  -------------------------------------------------------------------    -------------------
    SLICE_X102Y479       FDCE (Prop_EFF_SLICEM_C_Q)
                                                      0.038     0.051 r  u_ingress/u_fifo/rgray_reg[3]/Q
                         net (fo=1, routed)           0.242     0.293    u_ingress/u_fifo/rgray[3]
    SLICE_X103Y481       FDCE                                         r  u_ingress/u_fifo/rq_reg[0][3]/D
  -------------------------------------------------------------------    -------------------

                         (clock clk_line rise edge)
                                                      0.000     0.000 r  
                                                      0.000     0.000 r  clk_line (IN)
                         net (fo=138, unset)          0.018     0.018    u_ingress/u_fifo/clk_line
    SLICE_X103Y481       FDCE                                         r  u_ingress/u_fifo/rq_reg[0][3]/C





