Copyright 1986-2022 Xilinx, Inc. All Rights Reserved. Copyright 2022-2025 Advanced Micro Devices, Inc. All Rights Reserved.
--------------------------------------------------------------------------------------------------------------------------------------------------
| Tool Version      : Vivado v.2025.2 (lin64) Build 6299465 Fri Nov 14 12:34:56 MST 2025
| Date              : Thu Jul  2 14:19:25 2026
| Host              : abhishek-VMware-Virtual-Platform running 64-bit Ubuntu 24.04.2 LTS
| Command           : report_timing_summary -file results/mm_synth/mm_timing.rpt -quiet
| Design            : strategy_market_maker
| Device            : xcu200-fsgd2104
| Speed File        : -2  PRODUCTION 1.28 03-30-2022
| Design State      : Optimized
| Temperature Grade : E
--------------------------------------------------------------------------------------------------------------------------------------------------

Timing Summary Report

------------------------------------------------------------------------------------------------
| Timer Settings
| --------------
------------------------------------------------------------------------------------------------

  Enable Multi Corner Analysis               :  Yes
  Enable Pessimism Removal                   :  Yes
  Pessimism Removal Resolution               :  Nearest Common Node
  Enable Input Delay Default Clock           :  No
  Enable Preset / Clear Arcs                 :  No
  Disable Flight Delays                      :  No
  Ignore I/O Paths                           :  No
  Timing Early Launch at Borrowing Latches   :  No
  Borrow Time for Max Delay Exceptions       :  Yes
  Merge Timing Exceptions                    :  Yes
  Inter-SLR Compensation                     :  Conservative

  Corner  Analyze    Analyze    
  Name    Max Paths  Min Paths  
  ------  ---------  ---------  
  Slow    Yes        Yes        
  Fast    Yes        Yes        


------------------------------------------------------------------------------------------------
| Report Methodology
| ------------------
------------------------------------------------------------------------------------------------

No report available as report_methodology has not been run prior. Run report_methodology on the current design for the summary of methodology violations.



check_timing report

Table of Contents
-----------------
1. checking no_clock (0)
2. checking constant_clock (0)
3. checking pulse_width_clock (0)
4. checking unconstrained_internal_endpoints (0)
5. checking no_input_delay (162)
6. checking no_output_delay (71)
7. checking multiple_clock (0)
8. checking generated_clocks (0)
9. checking loops (0)
10. checking partial_input_delay (0)
11. checking partial_output_delay (0)
12. checking latch_loops (0)

1. checking no_clock (0)
------------------------
 There are 0 register/latch pins with no clock.


2. checking constant_clock (0)
------------------------------
 There are 0 register/latch pins with constant_clock.


3. checking pulse_width_clock (0)
---------------------------------
 There are 0 register/latch pins which need pulse_width check


4. checking unconstrained_internal_endpoints (0)
------------------------------------------------
 There are 0 pins that are not constrained for maximum delay.

 There are 0 pins that are not constrained for maximum delay due to constant clock.


5. checking no_input_delay (162)
--------------------------------
 There are 162 input ports with no input delay specified. (HIGH)

 There are 0 input ports with no input delay but user has a false path constraint.


6. checking no_output_delay (71)
--------------------------------
 There are 71 ports with no output delay specified. (HIGH)

 There are 0 ports with no output delay but user has a false path constraint

 There are 0 ports with no output delay but with a timing clock defined on it or propagating through it


7. checking multiple_clock (0)
------------------------------
 There are 0 register/latch pins with multiple clocks.


8. checking generated_clocks (0)
--------------------------------
 There are 0 generated clocks that are not connected to a clock source.


9. checking loops (0)
---------------------
 There are 0 combinational loops in the design.


10. checking partial_input_delay (0)
------------------------------------
 There are 0 input ports with partial input delay specified.


11. checking partial_output_delay (0)
-------------------------------------
 There are 0 ports with partial output delay specified.


12. checking latch_loops (0)
----------------------------
 There are 0 combinational latch loops in the design through latch input



------------------------------------------------------------------------------------------------
| Design Timing Summary
| ---------------------
------------------------------------------------------------------------------------------------

    WNS(ns)      TNS(ns)  TNS Failing Endpoints  TNS Total Endpoints      WHS(ns)      THS(ns)  THS Failing Endpoints  THS Total Endpoints     WPWS(ns)     TPWS(ns)  TPWS Failing Endpoints  TPWS Total Endpoints  
    -------      -------  ---------------------  -------------------      -------      -------  ---------------------  -------------------     --------     --------  ----------------------  --------------------  
    -39.329    -2494.928                     64                  133        0.127        0.000                      0                  133        2.225        0.000                       0                   197  


Timing constraints are not met.


------------------------------------------------------------------------------------------------
| Clock Summary
| -------------
------------------------------------------------------------------------------------------------

Clock  Waveform(ns)         Period(ns)      Frequency(MHz)
-----  ------------         ----------      --------------
clk    {0.000 2.500}        5.000           200.000         


------------------------------------------------------------------------------------------------
| Intra Clock Table
| -----------------
------------------------------------------------------------------------------------------------

Clock             WNS(ns)      TNS(ns)  TNS Failing Endpoints  TNS Total Endpoints      WHS(ns)      THS(ns)  THS Failing Endpoints  THS Total Endpoints     WPWS(ns)     TPWS(ns)  TPWS Failing Endpoints  TPWS Total Endpoints  
-----             -------      -------  ---------------------  -------------------      -------      -------  ---------------------  -------------------     --------     --------  ----------------------  --------------------  
clk               -39.329    -2494.928                     64                  133        0.127        0.000                      0                  133        2.225        0.000                       0                   197  


------------------------------------------------------------------------------------------------
| Inter Clock Table
| -----------------
------------------------------------------------------------------------------------------------

From Clock    To Clock          WNS(ns)      TNS(ns)  TNS Failing Endpoints  TNS Total Endpoints      WHS(ns)      THS(ns)  THS Failing Endpoints  THS Total Endpoints  
----------    --------          -------      -------  ---------------------  -------------------      -------      -------  ---------------------  -------------------  


------------------------------------------------------------------------------------------------
| Other Path Groups Table
| -----------------------
------------------------------------------------------------------------------------------------

Path Group    From Clock    To Clock          WNS(ns)      TNS(ns)  TNS Failing Endpoints  TNS Total Endpoints      WHS(ns)      THS(ns)  THS Failing Endpoints  THS Total Endpoints  
----------    ----------    --------          -------      -------  ---------------------  -------------------      -------      -------  ---------------------  -------------------  


------------------------------------------------------------------------------------------------
| Timing Details
| --------------
------------------------------------------------------------------------------------------------


---------------------------------------------------------------------------------------------------
From Clock:  clk
  To Clock:  clk

Setup :           64  Failing Endpoints,  Worst Slack      -39.329ns,  Total Violation    -2494.928ns
Hold  :            0  Failing Endpoints,  Worst Slack        0.127ns,  Total Violation        0.000ns
PW    :            0  Failing Endpoints,  Worst Slack        2.225ns,  Total Violation        0.000ns
---------------------------------------------------------------------------------------------------


Max Delay Paths
--------------------------------------------------------------------------------------
Slack (VIOLATED) :        -39.329ns  (required time - arrival time)
  Source:                 den_r_reg[8]/C
                            (rising edge-triggered cell FDCE clocked by clk  {rise@0.000ns fall@2.500ns period=5.000ns})
  Destination:            ask_price_reg[0]/D
                            (rising edge-triggered cell FDCE clocked by clk  {rise@0.000ns fall@2.500ns period=5.000ns})
  Path Group:             clk
  Path Type:              Setup (Max at Slow Process Corner)
  Requirement:            5.000ns  (clk rise@5.000ns - clk rise@0.000ns)
  Data Path Delay:        44.309ns  (logic 23.252ns (52.477%)  route 21.057ns (47.523%))
  Logic Levels:           387  (CARRY8=321 LUT1=1 LUT3=63 LUT4=1 LUT6=1)
  Clock Path Skew:        -0.010ns (DCD - SCD + CPR)
    Destination Clock Delay (DCD):    0.020ns = ( 5.020 - 5.000 ) 
    Source Clock Delay      (SCD):    0.030ns
    Clock Pessimism Removal (CPR):    0.000ns
  Clock Uncertainty:      0.035ns  ((TSJ^2 + TIJ^2)^1/2 + DJ) / 2 + PE
    Total System Jitter     (TSJ):    0.071ns
    Total Input Jitter      (TIJ):    0.000ns
    Discrete Jitter          (DJ):    0.000ns
    Phase Error              (PE):    0.000ns

    Location             Delay type                Incr(ns)  Path(ns)    Netlist Resource(s)
  -------------------------------------------------------------------    -------------------
                         (clock clk rise edge)        0.000     0.000 r  
                                                      0.000     0.000 r  clk (IN)
                         net (fo=196, unset)          0.030     0.030    clk
                         FDCE                                         r  den_r_reg[8]/C
  -------------------------------------------------------------------    -------------------
                         FDCE (Prop_FDCE_C_Q)         0.077     0.107 f  den_r_reg[8]/Q
                         net (fo=66, unplaced)        0.225     0.332    den_r[8]
                         LUT1 (Prop_LUT1_I0_O)        0.070     0.402 r  bid_price[31]_i_923/O
                         net (fo=1, unplaced)         0.257     0.659    bid_price[31]_i_923_n_0
                         CARRY8 (Prop_CARRY8_DI[0]_CO[7])
                                                      0.140     0.799 r  bid_price_reg[31]_i_551/CO[7]
                         net (fo=1, unplaced)         0.005     0.804    bid_price_reg[31]_i_551_n_0
                         CARRY8 (Prop_CARRY8_CI_CO[7])
                                                      0.022     0.826 r  bid_price_reg[31]_i_266/CO[7]
                         net (fo=1, unplaced)         0.005     0.831    bid_price_reg[31]_i_266_n_0
                         CARRY8 (Prop_CARRY8_CI_CO[7])
                                                      0.022     0.853 r  bid_price_reg[31]_i_153/CO[7]
                         net (fo=1, unplaced)         0.005     0.858    bid_price_reg[31]_i_153_n_0
                         CARRY8 (Prop_CARRY8_CI_CO[0])
                                                      0.052     0.910 r  bid_price_reg[31]_i_91/CO[0]
                         net (fo=39, unplaced)        0.261     1.171    bid_price_reg[31]_i_91_n_7
                         LUT3 (Prop_LUT3_I0_O)        0.037     1.208 r  bid_price[31]_i_1296/O
                         net (fo=1, unplaced)         0.023     1.231    bid_price[31]_i_1296_n_0
                         CARRY8 (Prop_CARRY8_S[1]_CO[7])
                                                      0.197     1.428 r  bid_price_reg[31]_i_898/CO[7]
                         net (fo=1, unplaced)         0.005     1.433    bid_price_reg[31]_i_898_n_0
                         CARRY8 (Prop_CARRY8_CI_CO[7])
                                                      0.022     1.455 r  bid_price_reg[31]_i_542/CO[7]
                         net (fo=1, unplaced)         0.005     1.460    bid_price_reg[31]_i_542_n_0
                         CARRY8 (Prop_CARRY8_CI_CO[7])
                                                      0.022     1.482 r  bid_price_reg[31]_i_257/CO[7]
                         net (fo=1, unplaced)         0.005     1.487    bid_price_reg[31]_i_257_n_0
                         CARRY8 (Prop_CARRY8_CI_CO[7])
                                                      0.022     1.509 r  bid_price_reg[31]_i_129/CO[7]
                         net (fo=1, unplaced)         0.005     1.514    bid_price_reg[31]_i_129_n_0
                         CARRY8 (Prop_CARRY8_CI_CO[2])
                                                      0.057     1.571 r  bid_price_reg[31]_i_90/CO[2]
                         net (fo=42, unplaced)        0.267     1.838    bid_price_reg[31]_i_90_n_5
                         LUT3 (Prop_LUT3_I0_O)        0.037     1.875 r  bid_price[31]_i_1289/O
                         net (fo=1, unplaced)         0.023     1.898    bid_price[31]_i_1289_n_0
                         CARRY8 (Prop_CARRY8_S[1]_CO[7])
                                                      0.197     2.095 r  bid_price_reg[31]_i_897/CO[7]
                         net (fo=1, unplaced)         0.005     2.100    bid_price_reg[31]_i_897_n_0
                         CARRY8 (Prop_CARRY8_CI_CO[7])
                                                      0.022     2.122 r  bid_price_reg[31]_i_541/CO[7]
                         net (fo=1, unplaced)         0.005     2.127    bid_price_reg[31]_i_541_n_0
                         CARRY8 (Prop_CARRY8_CI_CO[7])
                                                      0.022     2.149 r  bid_price_reg[31]_i_256/CO[7]
                         net (fo=1, unplaced)         0.005     2.154    bid_price_reg[31]_i_256_n_0
                         CARRY8 (Prop_CARRY8_CI_CO[7])
                                                      0.022     2.176 r  bid_price_reg[31]_i_128/CO[7]
                         net (fo=1, unplaced)         0.005     2.181    bid_price_reg[31]_i_128_n_0
                         CARRY8 (Prop_CARRY8_CI_CO[2])
                                                      0.057     2.238 r  bid_price_reg[31]_i_84/CO[2]
                         net (fo=45, unplaced)        0.269     2.507    bid_price_reg[31]_i_84_n_5
                         LUT3 (Prop_LUT3_I0_O)        0.037     2.544 r  bid_price[31]_i_1318/O
                         net (fo=1, unplaced)         0.023     2.567    bid_price[31]_i_1318_n_0
                         CARRY8 (Prop_CARRY8_S[1]_CO[7])
                                                      0.197     2.764 r  bid_price_reg[31]_i_932/CO[7]
                         net (fo=1, unplaced)         0.005     2.769    bid_price_reg[31]_i_932_n_0
                         CARRY8 (Prop_CARRY8_CI_CO[7])
                                                      0.022     2.791 r  bid_price_reg[31]_i_576/CO[7]
                         net (fo=1, unplaced)         0.005     2.796    bid_price_reg[31]_i_576_n_0
                         CARRY8 (Prop_CARRY8_CI_CO[7])
                                                      0.022     2.818 r  bid_price_reg[31]_i_275/CO[7]
                         net (fo=1, unplaced)         0.005     2.823    bid_price_reg[31]_i_275_n_0
                         CARRY8 (Prop_CARRY8_CI_CO[7])
                                                      0.022     2.845 r  bid_price_reg[31]_i_133/CO[7]
                         net (fo=1, unplaced)         0.005     2.850    bid_price_reg[31]_i_133_n_0
                         CARRY8 (Prop_CARRY8_CI_CO[2])
                                                      0.057     2.907 r  bid_price_reg[31]_i_85/CO[2]
                         net (fo=45, unplaced)        0.269     3.176    bid_price_reg[31]_i_85_n_5
                         LUT3 (Prop_LUT3_I0_O)        0.037     3.213 r  bid_price[31]_i_1325/O
                         net (fo=1, unplaced)         0.023     3.236    bid_price[31]_i_1325_n_0
                         CARRY8 (Prop_CARRY8_S[1]_CO[7])
                                                      0.197     3.433 r  bid_price_reg[31]_i_941/CO[7]
                         net (fo=1, unplaced)         0.005     3.438    bid_price_reg[31]_i_941_n_0
                         CARRY8 (Prop_CARRY8_CI_CO[7])
                                                      0.022     3.460 r  bid_price_reg[31]_i_585/CO[7]
                         net (fo=1, unplaced)         0.005     3.465    bid_price_reg[31]_i_585_n_0
                         CARRY8 (Prop_CARRY8_CI_CO[7])
                                                      0.022     3.487 r  bid_price_reg[31]_i_284/CO[7]
                         net (fo=1, unplaced)         0.005     3.492    bid_price_reg[31]_i_284_n_0
                         CARRY8 (Prop_CARRY8_CI_CO[7])
                                                      0.022     3.514 r  bid_price_reg[31]_i_137/CO[7]
                         net (fo=1, unplaced)         0.005     3.519    bid_price_reg[31]_i_137_n_0
                         CARRY8 (Prop_CARRY8_CI_CO[2])
                                                      0.057     3.576 r  bid_price_reg[31]_i_86/CO[2]
                         net (fo=45, unplaced)        0.269     3.845    bid_price_reg[31]_i_86_n_5
                         LUT3 (Prop_LUT3_I0_O)        0.037     3.882 r  bid_price[31]_i_1332/O
                         net (fo=1, unplaced)         0.023     3.905    bid_price[31]_i_1332_n_0
                         CARRY8 (Prop_CARRY8_S[1]_CO[7])
                                                      0.197     4.102 r  bid_price_reg[31]_i_950/CO[7]
                         net (fo=1, unplaced)         0.005     4.107    bid_price_reg[31]_i_950_n_0
                         CARRY8 (Prop_CARRY8_CI_CO[7])
                                                      0.022     4.129 r  bid_price_reg[31]_i_594/CO[7]
                         net (fo=1, unplaced)         0.005     4.134    bid_price_reg[31]_i_594_n_0
                         CARRY8 (Prop_CARRY8_CI_CO[7])
                                                      0.022     4.156 r  bid_price_reg[31]_i_293/CO[7]
                         net (fo=1, unplaced)         0.005     4.161    bid_price_reg[31]_i_293_n_0
                         CARRY8 (Prop_CARRY8_CI_CO[7])
                                                      0.022     4.183 r  bid_price_reg[31]_i_141/CO[7]
                         net (fo=1, unplaced)         0.005     4.188    bid_price_reg[31]_i_141_n_0
                         CARRY8 (Prop_CARRY8_CI_CO[2])
                                                      0.057     4.245 r  bid_price_reg[31]_i_87/CO[2]
                         net (fo=45, unplaced)        0.269     4.514    bid_price_reg[31]_i_87_n_5
                         LUT3 (Prop_LUT3_I0_O)        0.037     4.551 r  bid_price[31]_i_1339/O
                         net (fo=1, unplaced)         0.023     4.574    bid_price[31]_i_1339_n_0
                         CARRY8 (Prop_CARRY8_S[1]_CO[7])
                                                      0.197     4.771 r  bid_price_reg[31]_i_959/CO[7]
                         net (fo=1, unplaced)         0.005     4.776    bid_price_reg[31]_i_959_n_0
                         CARRY8 (Prop_CARRY8_CI_CO[7])
                                                      0.022     4.798 r  bid_price_reg[31]_i_603/CO[7]
                         net (fo=1, unplaced)         0.005     4.803    bid_price_reg[31]_i_603_n_0
                         CARRY8 (Prop_CARRY8_CI_CO[7])
                                                      0.022     4.825 r  bid_price_reg[31]_i_302/CO[7]
                         net (fo=1, unplaced)         0.005     4.830    bid_price_reg[31]_i_302_n_0
                         CARRY8 (Prop_CARRY8_CI_CO[7])
                                                      0.022     4.852 r  bid_price_reg[31]_i_145/CO[7]
                         net (fo=1, unplaced)         0.005     4.857    bid_price_reg[31]_i_145_n_0
                         CARRY8 (Prop_CARRY8_CI_CO[2])
                                                      0.057     4.914 r  bid_price_reg[31]_i_88/CO[2]
                         net (fo=45, unplaced)        0.269     5.183    bid_price_reg[31]_i_88_n_5
                         LUT3 (Prop_LUT3_I0_O)        0.037     5.220 r  bid_price[31]_i_1346/O
                         net (fo=1, unplaced)         0.023     5.243    bid_price[31]_i_1346_n_0
                         CARRY8 (Prop_CARRY8_S[1]_CO[7])
                                                      0.197     5.440 r  bid_price_reg[31]_i_968/CO[7]
                         net (fo=1, unplaced)         0.005     5.445    bid_price_reg[31]_i_968_n_0
                         CARRY8 (Prop_CARRY8_CI_CO[7])
                                                      0.022     5.467 r  bid_price_reg[31]_i_612/CO[7]
                         net (fo=1, unplaced)         0.005     5.472    bid_price_reg[31]_i_612_n_0
                         CARRY8 (Prop_CARRY8_CI_CO[7])
                                                      0.022     5.494 r  bid_price_reg[31]_i_311/CO[7]
                         net (fo=1, unplaced)         0.005     5.499    bid_price_reg[31]_i_311_n_0
                         CARRY8 (Prop_CARRY8_CI_CO[7])
                                                      0.022     5.521 r  bid_price_reg[31]_i_149/CO[7]
                         net (fo=1, unplaced)         0.005     5.526    bid_price_reg[31]_i_149_n_0
                         CARRY8 (Prop_CARRY8_CI_CO[2])
                                                      0.057     5.583 r  bid_price_reg[31]_i_89/CO[2]
                         net (fo=45, unplaced)        0.269     5.852    bid_price_reg[31]_i_89_n_5
                         LUT3 (Prop_LUT3_I0_O)        0.037     5.889 r  bid_price[31]_i_1560/O
                         net (fo=1, unplaced)         0.023     5.912    bid_price[31]_i_1560_n_0
                         CARRY8 (Prop_CARRY8_S[1]_CO[7])
                                                      0.197     6.109 r  bid_price_reg[31]_i_1211/CO[7]
                         net (fo=1, unplaced)         0.005     6.114    bid_price_reg[31]_i_1211_n_0
                         CARRY8 (Prop_CARRY8_CI_CO[7])
                                                      0.022     6.136 r  bid_price_reg[31]_i_825/CO[7]
                         net (fo=1, unplaced)         0.005     6.141    bid_price_reg[31]_i_825_n_0
                         CARRY8 (Prop_CARRY8_CI_CO[7])
                                                      0.022     6.163 r  bid_price_reg[31]_i_469/CO[7]
                         net (fo=1, unplaced)         0.005     6.168    bid_price_reg[31]_i_469_n_0
                         CARRY8 (Prop_CARRY8_CI_CO[7])
                                                      0.022     6.190 r  bid_price_reg[31]_i_224/CO[7]
                         net (fo=1, unplaced)         0.005     6.195    bid_price_reg[31]_i_224_n_0
                         CARRY8 (Prop_CARRY8_CI_CO[2])
                                                      0.057     6.252 r  bid_price_reg[31]_i_120/CO[2]
                         net (fo=45, unplaced)        0.269     6.521    bid_price_reg[31]_i_120_n_5
                         LUT3 (Prop_LUT3_I0_O)        0.037     6.558 r  bid_price[31]_i_1567/O
                         net (fo=1, unplaced)         0.023     6.581    bid_price[31]_i_1567_n_0
                         CARRY8 (Prop_CARRY8_S[1]_CO[7])
                                                      0.197     6.778 r  bid_price_reg[31]_i_1220/CO[7]
                         net (fo=1, unplaced)         0.005     6.783    bid_price_reg[31]_i_1220_n_0
                         CARRY8 (Prop_CARRY8_CI_CO[7])
                                                      0.022     6.805 r  bid_price_reg[31]_i_834/CO[7]
                         net (fo=1, unplaced)         0.005     6.810    bid_price_reg[31]_i_834_n_0
                         CARRY8 (Prop_CARRY8_CI_CO[7])
                                                      0.022     6.832 r  bid_price_reg[31]_i_478/CO[7]
                         net (fo=1, unplaced)         0.005     6.837    bid_price_reg[31]_i_478_n_0
                         CARRY8 (Prop_CARRY8_CI_CO[7])
                                                      0.022     6.859 r  bid_price_reg[31]_i_228/CO[7]
                         net (fo=1, unplaced)         0.005     6.864    bid_price_reg[31]_i_228_n_0
                         CARRY8 (Prop_CARRY8_CI_CO[2])
                                                      0.057     6.921 r  bid_price_reg[31]_i_121/CO[2]
                         net (fo=45, unplaced)        0.269     7.190    bid_price_reg[31]_i_121_n_5
                         LUT3 (Prop_LUT3_I0_O)        0.037     7.227 r  bid_price[31]_i_1574/O
                         net (fo=1, unplaced)         0.023     7.250    bid_price[31]_i_1574_n_0
                         CARRY8 (Prop_CARRY8_S[1]_CO[7])
                                                      0.197     7.447 r  bid_price_reg[31]_i_1229/CO[7]
                         net (fo=1, unplaced)         0.005     7.452    bid_price_reg[31]_i_1229_n_0
                         CARRY8 (Prop_CARRY8_CI_CO[7])
                                                      0.022     7.474 r  bid_price_reg[31]_i_843/CO[7]
                         net (fo=1, unplaced)         0.005     7.479    bid_price_reg[31]_i_843_n_0
                         CARRY8 (Prop_CARRY8_CI_CO[7])
                                                      0.022     7.501 r  bid_price_reg[31]_i_487/CO[7]
                         net (fo=1, unplaced)         0.005     7.506    bid_price_reg[31]_i_487_n_0
                         CARRY8 (Prop_CARRY8_CI_CO[7])
                                                      0.022     7.528 r  bid_price_reg[31]_i_232/CO[7]
                         net (fo=1, unplaced)         0.005     7.533    bid_price_reg[31]_i_232_n_0
                         CARRY8 (Prop_CARRY8_CI_CO[2])
                                                      0.057     7.590 r  bid_price_reg[31]_i_122/CO[2]
                         net (fo=45, unplaced)        0.269     7.859    bid_price_reg[31]_i_122_n_5
                         LUT3 (Prop_LUT3_I0_O)        0.037     7.896 r  bid_price[31]_i_1581/O
                         net (fo=1, unplaced)         0.023     7.919    bid_price[31]_i_1581_n_0
                         CARRY8 (Prop_CARRY8_S[1]_CO[7])
                                                      0.197     8.116 r  bid_price_reg[31]_i_1238/CO[7]
                         net (fo=1, unplaced)         0.005     8.121    bid_price_reg[31]_i_1238_n_0
                         CARRY8 (Prop_CARRY8_CI_CO[7])
                                                      0.022     8.143 r  bid_price_reg[31]_i_852/CO[7]
                         net (fo=1, unplaced)         0.005     8.148    bid_price_reg[31]_i_852_n_0
                         CARRY8 (Prop_CARRY8_CI_CO[7])
                                                      0.022     8.170 r  bid_price_reg[31]_i_496/CO[7]
                         net (fo=1, unplaced)         0.005     8.175    bid_price_reg[31]_i_496_n_0
                         CARRY8 (Prop_CARRY8_CI_CO[7])
                                                      0.022     8.197 r  bid_price_reg[31]_i_236/CO[7]
                         net (fo=1, unplaced)         0.005     8.202    bid_price_reg[31]_i_236_n_0
                         CARRY8 (Prop_CARRY8_CI_CO[2])
                                                      0.057     8.259 r  bid_price_reg[31]_i_123/CO[2]
                         net (fo=45, unplaced)        0.269     8.528    bid_price_reg[31]_i_123_n_5
                         LUT3 (Prop_LUT3_I0_O)        0.037     8.565 r  bid_price[31]_i_1588/O
                         net (fo=1, unplaced)         0.023     8.588    bid_price[31]_i_1588_n_0
                         CARRY8 (Prop_CARRY8_S[1]_CO[7])
                                                      0.197     8.785 r  bid_price_reg[31]_i_1247/CO[7]
                         net (fo=1, unplaced)         0.005     8.790    bid_price_reg[31]_i_1247_n_0
                         CARRY8 (Prop_CARRY8_CI_CO[7])
                                                      0.022     8.812 r  bid_price_reg[31]_i_861/CO[7]
                         net (fo=1, unplaced)         0.005     8.817    bid_price_reg[31]_i_861_n_0
                         CARRY8 (Prop_CARRY8_CI_CO[7])
                                                      0.022     8.839 r  bid_price_reg[31]_i_505/CO[7]
                         net (fo=1, unplaced)         0.005     8.844    bid_price_reg[31]_i_505_n_0
                         CARRY8 (Prop_CARRY8_CI_CO[7])
                                                      0.022     8.866 r  bid_price_reg[31]_i_240/CO[7]
                         net (fo=1, unplaced)         0.005     8.871    bid_price_reg[31]_i_240_n_0
                         CARRY8 (Prop_CARRY8_CI_CO[2])
                                                      0.057     8.928 r  bid_price_reg[31]_i_124/CO[2]
                         net (fo=45, unplaced)        0.269     9.197    bid_price_reg[31]_i_124_n_5
                         LUT3 (Prop_LUT3_I0_O)        0.037     9.234 r  bid_price[31]_i_1595/O
                         net (fo=1, unplaced)         0.023     9.257    bid_price[31]_i_1595_n_0
                         CARRY8 (Prop_CARRY8_S[1]_CO[7])
                                                      0.197     9.454 r  bid_price_reg[31]_i_1256/CO[7]
                         net (fo=1, unplaced)         0.005     9.459    bid_price_reg[31]_i_1256_n_0
                         CARRY8 (Prop_CARRY8_CI_CO[7])
                                                      0.022     9.481 r  bid_price_reg[31]_i_870/CO[7]
                         net (fo=1, unplaced)         0.005     9.486    bid_price_reg[31]_i_870_n_0
                         CARRY8 (Prop_CARRY8_CI_CO[7])
                                                      0.022     9.508 r  bid_price_reg[31]_i_514/CO[7]
                         net (fo=1, unplaced)         0.005     9.513    bid_price_reg[31]_i_514_n_0
                         CARRY8 (Prop_CARRY8_CI_CO[7])
                                                      0.022     9.535 r  bid_price_reg[31]_i_244/CO[7]
                         net (fo=1, unplaced)         0.005     9.540    bid_price_reg[31]_i_244_n_0
                         CARRY8 (Prop_CARRY8_CI_CO[2])
                                                      0.057     9.597 r  bid_price_reg[31]_i_125/CO[2]
                         net (fo=45, unplaced)        0.269     9.866    bid_price_reg[31]_i_125_n_5
                         LUT3 (Prop_LUT3_I0_O)        0.037     9.903 r  bid_price[31]_i_1602/O
                         net (fo=1, unplaced)         0.023     9.926    bid_price[31]_i_1602_n_0
                         CARRY8 (Prop_CARRY8_S[1]_CO[7])
                                                      0.197    10.123 r  bid_price_reg[31]_i_1265/CO[7]
                         net (fo=1, unplaced)         0.005    10.128    bid_price_reg[31]_i_1265_n_0
                         CARRY8 (Prop_CARRY8_CI_CO[7])
                                                      0.022    10.150 r  bid_price_reg[31]_i_879/CO[7]
                         net (fo=1, unplaced)         0.005    10.155    bid_price_reg[31]_i_879_n_0
                         CARRY8 (Prop_CARRY8_CI_CO[7])
                                                      0.022    10.177 r  bid_price_reg[31]_i_523/CO[7]
                         net (fo=1, unplaced)         0.005    10.182    bid_price_reg[31]_i_523_n_0
                         CARRY8 (Prop_CARRY8_CI_CO[7])
                                                      0.022    10.204 r  bid_price_reg[31]_i_248/CO[7]
                         net (fo=1, unplaced)         0.005    10.209    bid_price_reg[31]_i_248_n_0
                         CARRY8 (Prop_CARRY8_CI_CO[2])
                                                      0.057    10.266 r  bid_price_reg[31]_i_126/CO[2]
                         net (fo=45, unplaced)        0.269    10.535    bid_price_reg[31]_i_126_n_5
                         LUT3 (Prop_LUT3_I0_O)        0.037    10.572 r  bid_price[31]_i_1609/O
                         net (fo=1, unplaced)         0.023    10.595    bid_price[31]_i_1609_n_0
                         CARRY8 (Prop_CARRY8_S[1]_CO[7])
                                                      0.197    10.792 r  bid_price_reg[31]_i_1274/CO[7]
                         net (fo=1, unplaced)         0.005    10.797    bid_price_reg[31]_i_1274_n_0
                         CARRY8 (Prop_CARRY8_CI_CO[7])
                                                      0.022    10.819 r  bid_price_reg[31]_i_888/CO[7]
                         net (fo=1, unplaced)         0.005    10.824    bid_price_reg[31]_i_888_n_0
                         CARRY8 (Prop_CARRY8_CI_CO[7])
                                                      0.022    10.846 r  bid_price_reg[31]_i_532/CO[7]
                         net (fo=1, unplaced)         0.005    10.851    bid_price_reg[31]_i_532_n_0
                         CARRY8 (Prop_CARRY8_CI_CO[7])
                                                      0.022    10.873 r  bid_price_reg[31]_i_252/CO[7]
                         net (fo=1, unplaced)         0.005    10.878    bid_price_reg[31]_i_252_n_0
                         CARRY8 (Prop_CARRY8_CI_CO[2])
                                                      0.057    10.935 r  bid_price_reg[31]_i_127/CO[2]
                         net (fo=45, unplaced)        0.269    11.204    bid_price_reg[31]_i_127_n_5
                         LUT3 (Prop_LUT3_I0_O)        0.037    11.241 r  bid_price[31]_i_1649/O
                         net (fo=1, unplaced)         0.023    11.264    bid_price[31]_i_1649_n_0
                         CARRY8 (Prop_CARRY8_S[1]_CO[7])
                                                      0.197    11.461 r  bid_price_reg[31]_i_1482/CO[7]
                         net (fo=1, unplaced)         0.005    11.466    bid_price_reg[31]_i_1482_n_0
                         CARRY8 (Prop_CARRY8_CI_CO[7])
                                                      0.022    11.488 r  bid_price_reg[31]_i_1139/CO[7]
                         net (fo=1, unplaced)         0.005    11.493    bid_price_reg[31]_i_1139_n_0
                         CARRY8 (Prop_CARRY8_CI_CO[7])
                                                      0.022    11.515 r  bid_price_reg[31]_i_753/CO[7]
                         net (fo=1, unplaced)         0.005    11.520    bid_price_reg[31]_i_753_n_0
                         CARRY8 (Prop_CARRY8_CI_CO[7])
                                                      0.022    11.542 r  bid_price_reg[31]_i_437/CO[7]
                         net (fo=1, unplaced)         0.005    11.547    bid_price_reg[31]_i_437_n_0
                         CARRY8 (Prop_CARRY8_CI_CO[2])
                                                      0.057    11.604 r  bid_price_reg[31]_i_216/CO[2]
                         net (fo=45, unplaced)        0.269    11.873    bid_price_reg[31]_i_216_n_5
                         LUT3 (Prop_LUT3_I0_O)        0.037    11.910 r  bid_price[31]_i_1656/O
                         net (fo=1, unplaced)         0.023    11.933    bid_price[31]_i_1656_n_0
                         CARRY8 (Prop_CARRY8_S[1]_CO[7])
                                                      0.197    12.130 r  bid_price_reg[31]_i_1491/CO[7]
                         net (fo=1, unplaced)         0.005    12.135    bid_price_reg[31]_i_1491_n_0
                         CARRY8 (Prop_CARRY8_CI_CO[7])
                                                      0.022    12.157 r  bid_price_reg[31]_i_1148/CO[7]
                         net (fo=1, unplaced)         0.005    12.162    bid_price_reg[31]_i_1148_n_0
                         CARRY8 (Prop_CARRY8_CI_CO[7])
                                                      0.022    12.184 r  bid_price_reg[31]_i_762/CO[7]
                         net (fo=1, unplaced)         0.005    12.189    bid_price_reg[31]_i_762_n_0
                         CARRY8 (Prop_CARRY8_CI_CO[7])
                                                      0.022    12.211 r  bid_price_reg[31]_i_441/CO[7]
                         net (fo=1, unplaced)         0.005    12.216    bid_price_reg[31]_i_441_n_0
                         CARRY8 (Prop_CARRY8_CI_CO[2])
                                                      0.057    12.273 r  bid_price_reg[31]_i_217/CO[2]
                         net (fo=45, unplaced)        0.269    12.542    bid_price_reg[31]_i_217_n_5
                         LUT3 (Prop_LUT3_I0_O)        0.037    12.579 r  bid_price[31]_i_1663/O
                         net (fo=1, unplaced)         0.023    12.602    bid_price[31]_i_1663_n_0
                         CARRY8 (Prop_CARRY8_S[1]_CO[7])
                                                      0.197    12.799 r  bid_price_reg[31]_i_1500/CO[7]
                         net (fo=1, unplaced)         0.005    12.804    bid_price_reg[31]_i_1500_n_0
                         CARRY8 (Prop_CARRY8_CI_CO[7])
                                                      0.022    12.826 r  bid_price_reg[31]_i_1157/CO[7]
                         net (fo=1, unplaced)         0.005    12.831    bid_price_reg[31]_i_1157_n_0
                         CARRY8 (Prop_CARRY8_CI_CO[7])
                                                      0.022    12.853 r  bid_price_reg[31]_i_771/CO[7]
                         net (fo=1, unplaced)         0.005    12.858    bid_price_reg[31]_i_771_n_0
                         CARRY8 (Prop_CARRY8_CI_CO[7])
                                                      0.022    12.880 r  bid_price_reg[31]_i_445/CO[7]
                         net (fo=1, unplaced)         0.005    12.885    bid_price_reg[31]_i_445_n_0
                         CARRY8 (Prop_CARRY8_CI_CO[2])
                                                      0.057    12.942 r  bid_price_reg[31]_i_218/CO[2]
                         net (fo=45, unplaced)        0.269    13.211    bid_price_reg[31]_i_218_n_5
                         LUT3 (Prop_LUT3_I0_O)        0.037    13.248 r  bid_price[31]_i_1670/O
                         net (fo=1, unplaced)         0.023    13.271    bid_price[31]_i_1670_n_0
                         CARRY8 (Prop_CARRY8_S[1]_CO[7])
                                                      0.197    13.468 r  bid_price_reg[31]_i_1509/CO[7]
                         net (fo=1, unplaced)         0.005    13.473    bid_price_reg[31]_i_1509_n_0
                         CARRY8 (Prop_CARRY8_CI_CO[7])
                                                      0.022    13.495 r  bid_price_reg[31]_i_1166/CO[7]
                         net (fo=1, unplaced)         0.005    13.500    bid_price_reg[31]_i_1166_n_0
                         CARRY8 (Prop_CARRY8_CI_CO[7])
                                                      0.022    13.522 r  bid_price_reg[31]_i_780/CO[7]
                         net (fo=1, unplaced)         0.005    13.527    bid_price_reg[31]_i_780_n_0
                         CARRY8 (Prop_CARRY8_CI_CO[7])
                                                      0.022    13.549 r  bid_price_reg[31]_i_449/CO[7]
                         net (fo=1, unplaced)         0.005    13.554    bid_price_reg[31]_i_449_n_0
                         CARRY8 (Prop_CARRY8_CI_CO[2])
                                                      0.057    13.611 r  bid_price_reg[31]_i_219/CO[2]
                         net (fo=45, unplaced)        0.269    13.880    bid_price_reg[31]_i_219_n_5
                         LUT3 (Prop_LUT3_I0_O)        0.037    13.917 r  bid_price[31]_i_1677/O
                         net (fo=1, unplaced)         0.023    13.940    bid_price[31]_i_1677_n_0
                         CARRY8 (Prop_CARRY8_S[1]_CO[7])
                                                      0.197    14.137 r  bid_price_reg[31]_i_1518/CO[7]
                         net (fo=1, unplaced)         0.005    14.142    bid_price_reg[31]_i_1518_n_0
                         CARRY8 (Prop_CARRY8_CI_CO[7])
                                                      0.022    14.164 r  bid_price_reg[31]_i_1175/CO[7]
                         net (fo=1, unplaced)         0.005    14.169    bid_price_reg[31]_i_1175_n_0
                         CARRY8 (Prop_CARRY8_CI_CO[7])
                                                      0.022    14.191 r  bid_price_reg[31]_i_789/CO[7]
                         net (fo=1, unplaced)         0.005    14.196    bid_price_reg[31]_i_789_n_0
                         CARRY8 (Prop_CARRY8_CI_CO[7])
                                                      0.022    14.218 r  bid_price_reg[31]_i_453/CO[7]
                         net (fo=1, unplaced)         0.005    14.223    bid_price_reg[31]_i_453_n_0
                         CARRY8 (Prop_CARRY8_CI_CO[2])
                                                      0.057    14.280 r  bid_price_reg[31]_i_220/CO[2]
                         net (fo=45, unplaced)        0.269    14.549    bid_price_reg[31]_i_220_n_5
                         LUT3 (Prop_LUT3_I0_O)        0.037    14.586 r  bid_price[31]_i_1684/O
                         net (fo=1, unplaced)         0.023    14.609    bid_price[31]_i_1684_n_0
                         CARRY8 (Prop_CARRY8_S[1]_CO[7])
                                                      0.197    14.806 r  bid_price_reg[31]_i_1527/CO[7]
                         net (fo=1, unplaced)         0.005    14.811    bid_price_reg[31]_i_1527_n_0
                         CARRY8 (Prop_CARRY8_CI_CO[7])
                                                      0.022    14.833 r  bid_price_reg[31]_i_1184/CO[7]
                         net (fo=1, unplaced)         0.005    14.838    bid_price_reg[31]_i_1184_n_0
                         CARRY8 (Prop_CARRY8_CI_CO[7])
                                                      0.022    14.860 r  bid_price_reg[31]_i_798/CO[7]
                         net (fo=1, unplaced)         0.005    14.865    bid_price_reg[31]_i_798_n_0
                         CARRY8 (Prop_CARRY8_CI_CO[7])
                                                      0.022    14.887 r  bid_price_reg[31]_i_457/CO[7]
                         net (fo=1, unplaced)         0.005    14.892    bid_price_reg[31]_i_457_n_0
                         CARRY8 (Prop_CARRY8_CI_CO[2])
                                                      0.057    14.949 r  bid_price_reg[31]_i_221/CO[2]
                         net (fo=45, unplaced)        0.269    15.218    bid_price_reg[31]_i_221_n_5
                         LUT3 (Prop_LUT3_I0_O)        0.037    15.255 r  bid_price[31]_i_1691/O
                         net (fo=1, unplaced)         0.023    15.278    bid_price[31]_i_1691_n_0
                         CARRY8 (Prop_CARRY8_S[1]_CO[7])
                                                      0.197    15.475 r  bid_price_reg[31]_i_1536/CO[7]
                         net (fo=1, unplaced)         0.005    15.480    bid_price_reg[31]_i_1536_n_0
                         CARRY8 (Prop_CARRY8_CI_CO[7])
                                                      0.022    15.502 r  bid_price_reg[31]_i_1193/CO[7]
                         net (fo=1, unplaced)         0.005    15.507    bid_price_reg[31]_i_1193_n_0
                         CARRY8 (Prop_CARRY8_CI_CO[7])
                                                      0.022    15.529 r  bid_price_reg[31]_i_807/CO[7]
                         net (fo=1, unplaced)         0.005    15.534    bid_price_reg[31]_i_807_n_0
                         CARRY8 (Prop_CARRY8_CI_CO[7])
                                                      0.022    15.556 r  bid_price_reg[31]_i_461/CO[7]
                         net (fo=1, unplaced)         0.005    15.561    bid_price_reg[31]_i_461_n_0
                         CARRY8 (Prop_CARRY8_CI_CO[2])
                                                      0.057    15.618 r  bid_price_reg[31]_i_222/CO[2]
                         net (fo=45, unplaced)        0.269    15.887    bid_price_reg[31]_i_222_n_5
                         LUT3 (Prop_LUT3_I0_O)        0.037    15.924 r  bid_price[31]_i_1698/O
                         net (fo=1, unplaced)         0.023    15.947    bid_price[31]_i_1698_n_0
                         CARRY8 (Prop_CARRY8_S[1]_CO[7])
                                                      0.197    16.144 r  bid_price_reg[31]_i_1545/CO[7]
                         net (fo=1, unplaced)         0.005    16.149    bid_price_reg[31]_i_1545_n_0
                         CARRY8 (Prop_CARRY8_CI_CO[7])
                                                      0.022    16.171 r  bid_price_reg[31]_i_1202/CO[7]
                         net (fo=1, unplaced)         0.005    16.176    bid_price_reg[31]_i_1202_n_0
                         CARRY8 (Prop_CARRY8_CI_CO[7])
                                                      0.022    16.198 r  bid_price_reg[31]_i_816/CO[7]
                         net (fo=1, unplaced)         0.005    16.203    bid_price_reg[31]_i_816_n_0
                         CARRY8 (Prop_CARRY8_CI_CO[7])
                                                      0.022    16.225 r  bid_price_reg[31]_i_465/CO[7]
                         net (fo=1, unplaced)         0.005    16.230    bid_price_reg[31]_i_465_n_0
                         CARRY8 (Prop_CARRY8_CI_CO[2])
                                                      0.057    16.287 r  bid_price_reg[31]_i_223/CO[2]
                         net (fo=45, unplaced)        0.269    16.556    bid_price_reg[31]_i_223_n_5
                         LUT3 (Prop_LUT3_I0_O)        0.037    16.593 r  bid_price[31]_i_1712/O
                         net (fo=1, unplaced)         0.023    16.616    bid_price[31]_i_1712_n_0
                         CARRY8 (Prop_CARRY8_S[1]_CO[7])
                                                      0.197    16.813 r  bid_price_reg[31]_i_1626/CO[7]
                         net (fo=1, unplaced)         0.005    16.818    bid_price_reg[31]_i_1626_n_0
                         CARRY8 (Prop_CARRY8_CI_CO[7])
                                                      0.022    16.840 r  bid_price_reg[31]_i_1456/CO[7]
                         net (fo=1, unplaced)         0.005    16.845    bid_price_reg[31]_i_1456_n_0
                         CARRY8 (Prop_CARRY8_CI_CO[7])
                                                      0.022    16.867 r  bid_price_reg[31]_i_1104/CO[7]
                         net (fo=1, unplaced)         0.005    16.872    bid_price_reg[31]_i_1104_n_0
                         CARRY8 (Prop_CARRY8_CI_CO[7])
                                                      0.022    16.894 r  bid_price_reg[31]_i_734/CO[7]
                         net (fo=1, unplaced)         0.005    16.899    bid_price_reg[31]_i_734_n_0
                         CARRY8 (Prop_CARRY8_CI_CO[2])
                                                      0.057    16.956 r  bid_price_reg[31]_i_432/CO[2]
                         net (fo=45, unplaced)        0.269    17.225    bid_price_reg[31]_i_432_n_5
                         LUT3 (Prop_LUT3_I0_O)        0.037    17.262 r  bid_price[31]_i_1705/O
                         net (fo=1, unplaced)         0.023    17.285    bid_price[31]_i_1705_n_0
                         CARRY8 (Prop_CARRY8_S[1]_CO[7])
                                                      0.197    17.482 r  bid_price_reg[31]_i_1610/CO[7]
                         net (fo=1, unplaced)         0.005    17.487    bid_price_reg[31]_i_1610_n_0
                         CARRY8 (Prop_CARRY8_CI_CO[7])
                                                      0.022    17.509 r  bid_price_reg[31]_i_1465/CO[7]
                         net (fo=1, unplaced)         0.005    17.514    bid_price_reg[31]_i_1465_n_0
                         CARRY8 (Prop_CARRY8_CI_CO[7])
                                                      0.022    17.536 r  bid_price_reg[31]_i_1113/CO[7]
                         net (fo=1, unplaced)         0.005    17.541    bid_price_reg[31]_i_1113_n_0
                         CARRY8 (Prop_CARRY8_CI_CO[7])
                                                      0.022    17.563 r  bid_price_reg[31]_i_738/CO[7]
                         net (fo=1, unplaced)         0.005    17.568    bid_price_reg[31]_i_738_n_0
                         CARRY8 (Prop_CARRY8_CI_CO[2])
                                                      0.057    17.625 r  bid_price_reg[31]_i_433/CO[2]
                         net (fo=45, unplaced)        0.269    17.894    bid_price_reg[31]_i_433_n_5
                         LUT3 (Prop_LUT3_I0_O)        0.037    17.931 r  bid_price[31]_i_1625/O
                         net (fo=1, unplaced)         0.023    17.954    bid_price[31]_i_1625_n_0
                         CARRY8 (Prop_CARRY8_S[1]_CO[7])
                                                      0.197    18.151 r  bid_price_reg[31]_i_1440/CO[7]
                         net (fo=1, unplaced)         0.005    18.156    bid_price_reg[31]_i_1440_n_0
                         CARRY8 (Prop_CARRY8_CI_CO[7])
                                                      0.022    18.178 r  bid_price_reg[31]_i_1431/CO[7]
                         net (fo=1, unplaced)         0.005    18.183    bid_price_reg[31]_i_1431_n_0
                         CARRY8 (Prop_CARRY8_CI_CO[7])
                                                      0.022    18.205 r  bid_price_reg[31]_i_1122/CO[7]
                         net (fo=1, unplaced)         0.005    18.210    bid_price_reg[31]_i_1122_n_0
                         CARRY8 (Prop_CARRY8_CI_CO[7])
                                                      0.022    18.232 r  bid_price_reg[31]_i_742/CO[7]
                         net (fo=1, unplaced)         0.005    18.237    bid_price_reg[31]_i_742_n_0
                         CARRY8 (Prop_CARRY8_CI_CO[2])
                                                      0.057    18.294 r  bid_price_reg[31]_i_434/CO[2]
                         net (fo=45, unplaced)        0.269    18.563    bid_price_reg[31]_i_434_n_5
                         LUT3 (Prop_LUT3_I0_O)        0.037    18.600 r  bid_price[31]_i_1455/O
                         net (fo=1, unplaced)         0.023    18.623    bid_price[31]_i_1455_n_0
                         CARRY8 (Prop_CARRY8_S[1]_CO[7])
                                                      0.197    18.820 r  bid_price_reg[31]_i_1095/CO[7]
                         net (fo=1, unplaced)         0.005    18.825    bid_price_reg[31]_i_1095_n_0
                         CARRY8 (Prop_CARRY8_CI_CO[7])
                                                      0.022    18.847 r  bid_price_reg[31]_i_1086/CO[7]
                         net (fo=1, unplaced)         0.005    18.852    bid_price_reg[31]_i_1086_n_0
                         CARRY8 (Prop_CARRY8_CI_CO[7])
                                                      0.022    18.874 r  bid_price_reg[31]_i_1077/CO[7]
                         net (fo=1, unplaced)         0.005    18.879    bid_price_reg[31]_i_1077_n_0
                         CARRY8 (Prop_CARRY8_CI_CO[7])
                                                      0.022    18.901 r  bid_price_reg[31]_i_746/CO[7]
                         net (fo=1, unplaced)         0.005    18.906    bid_price_reg[31]_i_746_n_0
                         CARRY8 (Prop_CARRY8_CI_CO[2])
                                                      0.057    18.963 r  bid_price_reg[31]_i_435/CO[2]
                         net (fo=45, unplaced)        0.269    19.232    bid_price_reg[31]_i_435_n_5
                         LUT3 (Prop_LUT3_I0_O)        0.037    19.269 r  bid_price[31]_i_1381/O
                         net (fo=1, unplaced)         0.023    19.292    bid_price[31]_i_1381_n_0
                         CARRY8 (Prop_CARRY8_S[1]_CO[7])
                                                      0.197    19.489 r  bid_price_reg[31]_i_1005/CO[7]
                         net (fo=1, unplaced)         0.005    19.494    bid_price_reg[31]_i_1005_n_0
                         CARRY8 (Prop_CARRY8_CI_CO[7])
                                                      0.022    19.516 r  bid_price_reg[31]_i_725/CO[7]
                         net (fo=1, unplaced)         0.005    19.521    bid_price_reg[31]_i_725_n_0
                         CARRY8 (Prop_CARRY8_CI_CO[7])
                                                      0.022    19.543 r  bid_price_reg[31]_i_716/CO[7]
                         net (fo=1, unplaced)         0.005    19.548    bid_price_reg[31]_i_716_n_0
                         CARRY8 (Prop_CARRY8_CI_CO[7])
                                                      0.022    19.570 r  bid_price_reg[31]_i_712/CO[7]
                         net (fo=1, unplaced)         0.005    19.575    bid_price_reg[31]_i_712_n_0
                         CARRY8 (Prop_CARRY8_CI_CO[2])
                                                      0.057    19.632 r  bid_price_reg[31]_i_436/CO[2]
                         net (fo=45, unplaced)        0.269    19.901    bid_price_reg[31]_i_436_n_5
                         LUT3 (Prop_LUT3_I0_O)        0.037    19.938 r  bid_price[31]_i_1374/O
                         net (fo=1, unplaced)         0.023    19.961    bid_price[31]_i_1374_n_0
                         CARRY8 (Prop_CARRY8_S[1]_CO[7])
                                                      0.197    20.158 r  bid_price_reg[31]_i_996/CO[7]
                         net (fo=1, unplaced)         0.005    20.163    bid_price_reg[31]_i_996_n_0
                         CARRY8 (Prop_CARRY8_CI_CO[7])
                                                      0.022    20.185 r  bid_price_reg[31]_i_640/CO[7]
                         net (fo=1, unplaced)         0.005    20.190    bid_price_reg[31]_i_640_n_0
                         CARRY8 (Prop_CARRY8_CI_CO[7])
                                                      0.022    20.212 r  bid_price_reg[31]_i_423/CO[7]
                         net (fo=1, unplaced)         0.005    20.217    bid_price_reg[31]_i_423_n_0
                         CARRY8 (Prop_CARRY8_CI_CO[7])
                                                      0.022    20.239 r  bid_price_reg[31]_i_419/CO[7]
                         net (fo=1, unplaced)         0.005    20.244    bid_price_reg[31]_i_419_n_0
                         CARRY8 (Prop_CARRY8_CI_CO[2])
                                                      0.057    20.301 r  bid_price_reg[31]_i_418/CO[2]
                         net (fo=45, unplaced)        0.269    20.570    bid_price_reg[31]_i_418_n_5
                         LUT3 (Prop_LUT3_I0_O)        0.037    20.607 r  bid_price[31]_i_1367/O
                         net (fo=1, unplaced)         0.023    20.630    bid_price[31]_i_1367_n_0
                         CARRY8 (Prop_CARRY8_S[1]_CO[7])
                                                      0.197    20.827 r  bid_price_reg[31]_i_987/CO[7]
                         net (fo=1, unplaced)         0.005    20.832    bid_price_reg[31]_i_987_n_0
                         CARRY8 (Prop_CARRY8_CI_CO[7])
                                                      0.022    20.854 r  bid_price_reg[31]_i_631/CO[7]
                         net (fo=1, unplaced)         0.005    20.859    bid_price_reg[31]_i_631_n_0
                         CARRY8 (Prop_CARRY8_CI_CO[7])
                                                      0.022    20.881 r  bid_price_reg[31]_i_346/CO[7]
                         net (fo=1, unplaced)         0.005    20.886    bid_price_reg[31]_i_346_n_0
                         CARRY8 (Prop_CARRY8_CI_CO[7])
                                                      0.022    20.908 r  bid_price_reg[31]_i_193/CO[7]
                         net (fo=1, unplaced)         0.005    20.913    bid_price_reg[31]_i_193_n_0
                         CARRY8 (Prop_CARRY8_CI_CO[2])
                                                      0.057    20.970 r  bid_price_reg[31]_i_192/CO[2]
                         net (fo=45, unplaced)        0.269    21.239    bid_price_reg[31]_i_192_n_5
                         LUT3 (Prop_LUT3_I0_O)        0.037    21.276 r  bid_price[31]_i_1360/O
                         net (fo=1, unplaced)         0.023    21.299    bid_price[31]_i_1360_n_0
                         CARRY8 (Prop_CARRY8_S[1]_CO[7])
                                                      0.197    21.496 r  bid_price_reg[31]_i_978/CO[7]
                         net (fo=1, unplaced)         0.005    21.501    bid_price_reg[31]_i_978_n_0
                         CARRY8 (Prop_CARRY8_CI_CO[7])
                                                      0.022    21.523 r  bid_price_reg[31]_i_622/CO[7]
                         net (fo=1, unplaced)         0.005    21.528    bid_price_reg[31]_i_622_n_0
                         CARRY8 (Prop_CARRY8_CI_CO[7])
                                                      0.022    21.550 r  bid_price_reg[31]_i_337/CO[7]
                         net (fo=1, unplaced)         0.005    21.555    bid_price_reg[31]_i_337_n_0
                         CARRY8 (Prop_CARRY8_CI_CO[7])
                                                      0.022    21.577 r  bid_price_reg[31]_i_160/CO[7]
                         net (fo=1, unplaced)         0.005    21.582    bid_price_reg[31]_i_160_n_0
                         CARRY8 (Prop_CARRY8_CI_CO[2])
                                                      0.057    21.639 r  bid_price_reg[31]_i_100/CO[2]
                         net (fo=46, unplaced)        0.269    21.908    bid_price_reg[31]_i_100_n_5
                         LUT3 (Prop_LUT3_I0_O)        0.037    21.945 r  bid_price[31]_i_1353/O
                         net (fo=1, unplaced)         0.023    21.968    bid_price[31]_i_1353_n_0
                         CARRY8 (Prop_CARRY8_S[1]_CO[7])
                                                      0.197    22.165 r  bid_price_reg[31]_i_977/CO[7]
                         net (fo=1, unplaced)         0.005    22.170    bid_price_reg[31]_i_977_n_0
                         CARRY8 (Prop_CARRY8_CI_CO[7])
                                                      0.022    22.192 r  bid_price_reg[31]_i_621/CO[7]
                         net (fo=1, unplaced)         0.005    22.197    bid_price_reg[31]_i_621_n_0
                         CARRY8 (Prop_CARRY8_CI_CO[7])
                                                      0.022    22.219 r  bid_price_reg[31]_i_336/CO[7]
                         net (fo=1, unplaced)         0.005    22.224    bid_price_reg[31]_i_336_n_0
                         CARRY8 (Prop_CARRY8_CI_CO[7])
                                                      0.022    22.246 r  bid_price_reg[31]_i_159/CO[7]
                         net (fo=1, unplaced)         0.005    22.251    bid_price_reg[31]_i_159_n_0
                         CARRY8 (Prop_CARRY8_CI_CO[2])
                                                      0.057    22.308 r  bid_price_reg[31]_i_92/CO[2]
                         net (fo=44, unplaced)        0.268    22.576    bid_price_reg[31]_i_92_n_5
                         LUT3 (Prop_LUT3_I0_O)        0.037    22.613 r  bid_price[31]_i_1388/O
                         net (fo=1, unplaced)         0.023    22.636    bid_price[31]_i_1388_n_0
                         CARRY8 (Prop_CARRY8_S[1]_CO[7])
                                                      0.197    22.833 r  bid_price_reg[31]_i_1014/CO[7]
                         net (fo=1, unplaced)         0.005    22.838    bid_price_reg[31]_i_1014_n_0
                         CARRY8 (Prop_CARRY8_CI_CO[7])
                                                      0.022    22.860 r  bid_price_reg[31]_i_649/CO[7]
                         net (fo=1, unplaced)         0.005    22.865    bid_price_reg[31]_i_649_n_0
                         CARRY8 (Prop_CARRY8_CI_CO[7])
                                                      0.022    22.887 r  bid_price_reg[31]_i_355/CO[7]
                         net (fo=1, unplaced)         0.005    22.892    bid_price_reg[31]_i_355_n_0
                         CARRY8 (Prop_CARRY8_CI_CO[7])
                                                      0.022    22.914 r  bid_price_reg[31]_i_164/CO[7]
                         net (fo=1, unplaced)         0.005    22.919    bid_price_reg[31]_i_164_n_0
                         CARRY8 (Prop_CARRY8_CI_CO[2])
                                                      0.057    22.976 r  bid_price_reg[31]_i_93/CO[2]
                         net (fo=45, unplaced)        0.269    23.245    bid_price_reg[31]_i_93_n_5
                         LUT3 (Prop_LUT3_I0_O)        0.037    23.282 r  bid_price[31]_i_1395/O
                         net (fo=1, unplaced)         0.023    23.305    bid_price[31]_i_1395_n_0
                         CARRY8 (Prop_CARRY8_S[1]_CO[7])
                                                      0.197    23.502 r  bid_price_reg[31]_i_1023/CO[7]
                         net (fo=1, unplaced)         0.005    23.507    bid_price_reg[31]_i_1023_n_0
                         CARRY8 (Prop_CARRY8_CI_CO[7])
                                                      0.022    23.529 r  bid_price_reg[31]_i_658/CO[7]
                         net (fo=1, unplaced)         0.005    23.534    bid_price_reg[31]_i_658_n_0
                         CARRY8 (Prop_CARRY8_CI_CO[7])
                                                      0.022    23.556 r  bid_price_reg[31]_i_364/CO[7]
                         net (fo=1, unplaced)         0.005    23.561    bid_price_reg[31]_i_364_n_0
                         CARRY8 (Prop_CARRY8_CI_CO[7])
                                                      0.022    23.583 r  bid_price_reg[31]_i_168/CO[7]
                         net (fo=1, unplaced)         0.005    23.588    bid_price_reg[31]_i_168_n_0
                         CARRY8 (Prop_CARRY8_CI_CO[2])
                                                      0.057    23.645 r  bid_price_reg[31]_i_94/CO[2]
                         net (fo=45, unplaced)        0.269    23.914    bid_price_reg[31]_i_94_n_5
                         LUT3 (Prop_LUT3_I0_O)        0.037    23.951 r  bid_price[31]_i_1402/O
                         net (fo=1, unplaced)         0.023    23.974    bid_price[31]_i_1402_n_0
                         CARRY8 (Prop_CARRY8_S[1]_CO[7])
                                                      0.197    24.171 r  bid_price_reg[31]_i_1032/CO[7]
                         net (fo=1, unplaced)         0.005    24.176    bid_price_reg[31]_i_1032_n_0
                         CARRY8 (Prop_CARRY8_CI_CO[7])
                                                      0.022    24.198 r  bid_price_reg[31]_i_667/CO[7]
                         net (fo=1, unplaced)         0.005    24.203    bid_price_reg[31]_i_667_n_0
                         CARRY8 (Prop_CARRY8_CI_CO[7])
                                                      0.022    24.225 r  bid_price_reg[31]_i_373/CO[7]
                         net (fo=1, unplaced)         0.005    24.230    bid_price_reg[31]_i_373_n_0
                         CARRY8 (Prop_CARRY8_CI_CO[7])
                                                      0.022    24.252 r  bid_price_reg[31]_i_172/CO[7]
                         net (fo=1, unplaced)         0.005    24.257    bid_price_reg[31]_i_172_n_0
                         CARRY8 (Prop_CARRY8_CI_CO[2])
                                                      0.057    24.314 r  bid_price_reg[31]_i_95/CO[2]
                         net (fo=45, unplaced)        0.269    24.583    bid_price_reg[31]_i_95_n_5
                         LUT3 (Prop_LUT3_I0_O)        0.037    24.620 r  bid_price[31]_i_1409/O
                         net (fo=1, unplaced)         0.023    24.643    bid_price[31]_i_1409_n_0
                         CARRY8 (Prop_CARRY8_S[1]_CO[7])
                                                      0.197    24.840 r  bid_price_reg[31]_i_1041/CO[7]
                         net (fo=1, unplaced)         0.005    24.845    bid_price_reg[31]_i_1041_n_0
                         CARRY8 (Prop_CARRY8_CI_CO[7])
                                                      0.022    24.867 r  bid_price_reg[31]_i_676/CO[7]
                         net (fo=1, unplaced)         0.005    24.872    bid_price_reg[31]_i_676_n_0
                         CARRY8 (Prop_CARRY8_CI_CO[7])
                                                      0.022    24.894 r  bid_price_reg[31]_i_382/CO[7]
                         net (fo=1, unplaced)         0.005    24.899    bid_price_reg[31]_i_382_n_0
                         CARRY8 (Prop_CARRY8_CI_CO[7])
                                                      0.022    24.921 r  bid_price_reg[31]_i_176/CO[7]
                         net (fo=1, unplaced)         0.005    24.926    bid_price_reg[31]_i_176_n_0
                         CARRY8 (Prop_CARRY8_CI_CO[2])
                                                      0.057    24.983 r  bid_price_reg[31]_i_96/CO[2]
                         net (fo=45, unplaced)        0.269    25.252    bid_price_reg[31]_i_96_n_5
                         LUT3 (Prop_LUT3_I0_O)        0.037    25.289 r  bid_price[31]_i_1416/O
                         net (fo=1, unplaced)         0.023    25.312    bid_price[31]_i_1416_n_0
                         CARRY8 (Prop_CARRY8_S[1]_CO[7])
                                                      0.197    25.509 r  bid_price_reg[31]_i_1050/CO[7]
                         net (fo=1, unplaced)         0.005    25.514    bid_price_reg[31]_i_1050_n_0
                         CARRY8 (Prop_CARRY8_CI_CO[7])
                                                      0.022    25.536 r  bid_price_reg[31]_i_685/CO[7]
                         net (fo=1, unplaced)         0.005    25.541    bid_price_reg[31]_i_685_n_0
                         CARRY8 (Prop_CARRY8_CI_CO[7])
                                                      0.022    25.563 r  bid_price_reg[31]_i_391/CO[7]
                         net (fo=1, unplaced)         0.005    25.568    bid_price_reg[31]_i_391_n_0
                         CARRY8 (Prop_CARRY8_CI_CO[7])
                                                      0.022    25.590 r  bid_price_reg[31]_i_180/CO[7]
                         net (fo=1, unplaced)         0.005    25.595    bid_price_reg[31]_i_180_n_0
                         CARRY8 (Prop_CARRY8_CI_CO[2])
                                                      0.057    25.652 r  bid_price_reg[31]_i_97/CO[2]
                         net (fo=45, unplaced)        0.269    25.921    bid_price_reg[31]_i_97_n_5
                         LUT3 (Prop_LUT3_I0_O)        0.037    25.958 r  bid_price[31]_i_1423/O
                         net (fo=1, unplaced)         0.023    25.981    bid_price[31]_i_1423_n_0
                         CARRY8 (Prop_CARRY8_S[1]_CO[7])
                                                      0.197    26.178 r  bid_price_reg[31]_i_1059/CO[7]
                         net (fo=1, unplaced)         0.005    26.183    bid_price_reg[31]_i_1059_n_0
                         CARRY8 (Prop_CARRY8_CI_CO[7])
                                                      0.022    26.205 r  bid_price_reg[31]_i_694/CO[7]
                         net (fo=1, unplaced)         0.005    26.210    bid_price_reg[31]_i_694_n_0
                         CARRY8 (Prop_CARRY8_CI_CO[7])
                                                      0.022    26.232 r  bid_price_reg[31]_i_400/CO[7]
                         net (fo=1, unplaced)         0.005    26.237    bid_price_reg[31]_i_400_n_0
                         CARRY8 (Prop_CARRY8_CI_CO[7])
                                                      0.022    26.259 r  bid_price_reg[31]_i_184/CO[7]
                         net (fo=1, unplaced)         0.005    26.264    bid_price_reg[31]_i_184_n_0
                         CARRY8 (Prop_CARRY8_CI_CO[2])
                                                      0.057    26.321 r  bid_price_reg[31]_i_98/CO[2]
                         net (fo=45, unplaced)        0.269    26.590    bid_price_reg[31]_i_98_n_5
                         LUT3 (Prop_LUT3_I0_O)        0.037    26.627 r  bid_price[31]_i_1430/O
                         net (fo=1, unplaced)         0.023    26.650    bid_price[31]_i_1430_n_0
                         CARRY8 (Prop_CARRY8_S[1]_CO[7])
                                                      0.197    26.847 r  bid_price_reg[31]_i_1068/CO[7]
                         net (fo=1, unplaced)         0.005    26.852    bid_price_reg[31]_i_1068_n_0
                         CARRY8 (Prop_CARRY8_CI_CO[7])
                                                      0.022    26.874 r  bid_price_reg[31]_i_703/CO[7]
                         net (fo=1, unplaced)         0.005    26.879    bid_price_reg[31]_i_703_n_0
                         CARRY8 (Prop_CARRY8_CI_CO[7])
                                                      0.022    26.901 r  bid_price_reg[31]_i_409/CO[7]
                         net (fo=1, unplaced)         0.005    26.906    bid_price_reg[31]_i_409_n_0
                         CARRY8 (Prop_CARRY8_CI_CO[7])
                                                      0.022    26.928 r  bid_price_reg[31]_i_188/CO[7]
                         net (fo=1, unplaced)         0.005    26.933    bid_price_reg[31]_i_188_n_0
                         CARRY8 (Prop_CARRY8_CI_CO[2])
                                                      0.057    26.990 r  bid_price_reg[31]_i_99/CO[2]
                         net (fo=45, unplaced)        0.269    27.259    bid_price_reg[31]_i_99_n_5
                         LUT3 (Prop_LUT3_I0_O)        0.037    27.296 r  bid_price[24]_i_281/O
                         net (fo=1, unplaced)         0.023    27.319    bid_price[24]_i_281_n_0
                         CARRY8 (Prop_CARRY8_S[1]_CO[7])
                                                      0.197    27.516 r  bid_price_reg[24]_i_203/CO[7]
                         net (fo=1, unplaced)         0.005    27.521    bid_price_reg[24]_i_203_n_0
                         CARRY8 (Prop_CARRY8_CI_CO[7])
                                                      0.022    27.543 r  bid_price_reg[24]_i_131/CO[7]
                         net (fo=1, unplaced)         0.005    27.548    bid_price_reg[24]_i_131_n_0
                         CARRY8 (Prop_CARRY8_CI_CO[7])
                                                      0.022    27.570 r  bid_price_reg[24]_i_59/CO[7]
                         net (fo=1, unplaced)         0.005    27.575    bid_price_reg[24]_i_59_n_0
                         CARRY8 (Prop_CARRY8_CI_CO[7])
                                                      0.022    27.597 r  bid_price_reg[24]_i_27/CO[7]
                         net (fo=1, unplaced)         0.005    27.602    bid_price_reg[24]_i_27_n_0
                         CARRY8 (Prop_CARRY8_CI_CO[2])
                                                      0.057    27.659 r  bid_price_reg[24]_i_19/CO[2]
                         net (fo=45, unplaced)        0.269    27.928    bid_price_reg[24]_i_19_n_5
                         LUT3 (Prop_LUT3_I0_O)        0.037    27.965 r  bid_price[24]_i_288/O
                         net (fo=1, unplaced)         0.023    27.988    bid_price[24]_i_288_n_0
                         CARRY8 (Prop_CARRY8_S[1]_CO[7])
                                                      0.197    28.185 r  bid_price_reg[24]_i_212/CO[7]
                         net (fo=1, unplaced)         0.005    28.190    bid_price_reg[24]_i_212_n_0
                         CARRY8 (Prop_CARRY8_CI_CO[7])
                                                      0.022    28.212 r  bid_price_reg[24]_i_140/CO[7]
                         net (fo=1, unplaced)         0.005    28.217    bid_price_reg[24]_i_140_n_0
                         CARRY8 (Prop_CARRY8_CI_CO[7])
                                                      0.022    28.239 r  bid_price_reg[24]_i_68/CO[7]
                         net (fo=1, unplaced)         0.005    28.244    bid_price_reg[24]_i_68_n_0
                         CARRY8 (Prop_CARRY8_CI_CO[7])
                                                      0.022    28.266 r  bid_price_reg[24]_i_31/CO[7]
                         net (fo=1, unplaced)         0.005    28.271    bid_price_reg[24]_i_31_n_0
                         CARRY8 (Prop_CARRY8_CI_CO[2])
                                                      0.057    28.328 r  bid_price_reg[24]_i_20/CO[2]
                         net (fo=45, unplaced)        0.269    28.597    bid_price_reg[24]_i_20_n_5
                         LUT3 (Prop_LUT3_I0_O)        0.037    28.634 r  bid_price[24]_i_295/O
                         net (fo=1, unplaced)         0.023    28.657    bid_price[24]_i_295_n_0
                         CARRY8 (Prop_CARRY8_S[1]_CO[7])
                                                      0.197    28.854 r  bid_price_reg[24]_i_221/CO[7]
                         net (fo=1, unplaced)         0.005    28.859    bid_price_reg[24]_i_221_n_0
                         CARRY8 (Prop_CARRY8_CI_CO[7])
                                                      0.022    28.881 r  bid_price_reg[24]_i_149/CO[7]
                         net (fo=1, unplaced)         0.005    28.886    bid_price_reg[24]_i_149_n_0
                         CARRY8 (Prop_CARRY8_CI_CO[7])
                                                      0.022    28.908 r  bid_price_reg[24]_i_77/CO[7]
                         net (fo=1, unplaced)         0.005    28.913    bid_price_reg[24]_i_77_n_0
                         CARRY8 (Prop_CARRY8_CI_CO[7])
                                                      0.022    28.935 r  bid_price_reg[24]_i_35/CO[7]
                         net (fo=1, unplaced)         0.005    28.940    bid_price_reg[24]_i_35_n_0
                         CARRY8 (Prop_CARRY8_CI_CO[2])
                                                      0.057    28.997 r  bid_price_reg[24]_i_21/CO[2]
                         net (fo=45, unplaced)        0.269    29.266    bid_price_reg[24]_i_21_n_5
                         LUT3 (Prop_LUT3_I0_O)        0.037    29.303 r  bid_price[24]_i_302/O
                         net (fo=1, unplaced)         0.023    29.326    bid_price[24]_i_302_n_0
                         CARRY8 (Prop_CARRY8_S[1]_CO[7])
                                                      0.197    29.523 r  bid_price_reg[24]_i_230/CO[7]
                         net (fo=1, unplaced)         0.005    29.528    bid_price_reg[24]_i_230_n_0
                         CARRY8 (Prop_CARRY8_CI_CO[7])
                                                      0.022    29.550 r  bid_price_reg[24]_i_158/CO[7]
                         net (fo=1, unplaced)         0.005    29.555    bid_price_reg[24]_i_158_n_0
                         CARRY8 (Prop_CARRY8_CI_CO[7])
                                                      0.022    29.577 r  bid_price_reg[24]_i_86/CO[7]
                         net (fo=1, unplaced)         0.005    29.582    bid_price_reg[24]_i_86_n_0
                         CARRY8 (Prop_CARRY8_CI_CO[7])
                                                      0.022    29.604 r  bid_price_reg[24]_i_39/CO[7]
                         net (fo=1, unplaced)         0.005    29.609    bid_price_reg[24]_i_39_n_0
                         CARRY8 (Prop_CARRY8_CI_CO[2])
                                                      0.057    29.666 r  bid_price_reg[24]_i_22/CO[2]
                         net (fo=45, unplaced)        0.269    29.935    bid_price_reg[24]_i_22_n_5
                         LUT3 (Prop_LUT3_I0_O)        0.037    29.972 r  bid_price[24]_i_309/O
                         net (fo=1, unplaced)         0.023    29.995    bid_price[24]_i_309_n_0
                         CARRY8 (Prop_CARRY8_S[1]_CO[7])
                                                      0.197    30.192 r  bid_price_reg[24]_i_239/CO[7]
                         net (fo=1, unplaced)         0.005    30.197    bid_price_reg[24]_i_239_n_0
                         CARRY8 (Prop_CARRY8_CI_CO[7])
                                                      0.022    30.219 r  bid_price_reg[24]_i_167/CO[7]
                         net (fo=1, unplaced)         0.005    30.224    bid_price_reg[24]_i_167_n_0
                         CARRY8 (Prop_CARRY8_CI_CO[7])
                                                      0.022    30.246 r  bid_price_reg[24]_i_95/CO[7]
                         net (fo=1, unplaced)         0.005    30.251    bid_price_reg[24]_i_95_n_0
                         CARRY8 (Prop_CARRY8_CI_CO[7])
                                                      0.022    30.273 r  bid_price_reg[24]_i_43/CO[7]
                         net (fo=1, unplaced)         0.005    30.278    bid_price_reg[24]_i_43_n_0
                         CARRY8 (Prop_CARRY8_CI_CO[2])
                                                      0.057    30.335 r  bid_price_reg[24]_i_23/CO[2]
                         net (fo=45, unplaced)        0.269    30.604    bid_price_reg[24]_i_23_n_5
                         LUT3 (Prop_LUT3_I0_O)        0.037    30.641 r  bid_price[24]_i_316/O
                         net (fo=1, unplaced)         0.023    30.664    bid_price[24]_i_316_n_0
                         CARRY8 (Prop_CARRY8_S[1]_CO[7])
                                                      0.197    30.861 r  bid_price_reg[24]_i_248/CO[7]
                         net (fo=1, unplaced)         0.005    30.866    bid_price_reg[24]_i_248_n_0
                         CARRY8 (Prop_CARRY8_CI_CO[7])
                                                      0.022    30.888 r  bid_price_reg[24]_i_176/CO[7]
                         net (fo=1, unplaced)         0.005    30.893    bid_price_reg[24]_i_176_n_0
                         CARRY8 (Prop_CARRY8_CI_CO[7])
                                                      0.022    30.915 r  bid_price_reg[24]_i_104/CO[7]
                         net (fo=1, unplaced)         0.005    30.920    bid_price_reg[24]_i_104_n_0
                         CARRY8 (Prop_CARRY8_CI_CO[7])
                                                      0.022    30.942 r  bid_price_reg[24]_i_47/CO[7]
                         net (fo=1, unplaced)         0.005    30.947    bid_price_reg[24]_i_47_n_0
                         CARRY8 (Prop_CARRY8_CI_CO[2])
                                                      0.057    31.004 r  bid_price_reg[24]_i_24/CO[2]
                         net (fo=45, unplaced)        0.269    31.273    bid_price_reg[24]_i_24_n_5
                         LUT3 (Prop_LUT3_I0_O)        0.037    31.310 r  bid_price[24]_i_323/O
                         net (fo=1, unplaced)         0.023    31.333    bid_price[24]_i_323_n_0
                         CARRY8 (Prop_CARRY8_S[1]_CO[7])
                                                      0.197    31.530 r  bid_price_reg[24]_i_257/CO[7]
                         net (fo=1, unplaced)         0.005    31.535    bid_price_reg[24]_i_257_n_0
                         CARRY8 (Prop_CARRY8_CI_CO[7])
                                                      0.022    31.557 r  bid_price_reg[24]_i_185/CO[7]
                         net (fo=1, unplaced)         0.005    31.562    bid_price_reg[24]_i_185_n_0
                         CARRY8 (Prop_CARRY8_CI_CO[7])
                                                      0.022    31.584 r  bid_price_reg[24]_i_113/CO[7]
                         net (fo=1, unplaced)         0.005    31.589    bid_price_reg[24]_i_113_n_0
                         CARRY8 (Prop_CARRY8_CI_CO[7])
                                                      0.022    31.611 r  bid_price_reg[24]_i_51/CO[7]
                         net (fo=1, unplaced)         0.005    31.616    bid_price_reg[24]_i_51_n_0
                         CARRY8 (Prop_CARRY8_CI_CO[2])
                                                      0.057    31.673 r  bid_price_reg[24]_i_25/CO[2]
                         net (fo=45, unplaced)        0.269    31.942    bid_price_reg[24]_i_25_n_5
                         LUT3 (Prop_LUT3_I0_O)        0.037    31.979 r  bid_price[24]_i_330/O
                         net (fo=1, unplaced)         0.023    32.002    bid_price[24]_i_330_n_0
                         CARRY8 (Prop_CARRY8_S[1]_CO[7])
                                                      0.197    32.199 r  bid_price_reg[24]_i_266/CO[7]
                         net (fo=1, unplaced)         0.005    32.204    bid_price_reg[24]_i_266_n_0
                         CARRY8 (Prop_CARRY8_CI_CO[7])
                                                      0.022    32.226 r  bid_price_reg[24]_i_194/CO[7]
                         net (fo=1, unplaced)         0.005    32.231    bid_price_reg[24]_i_194_n_0
                         CARRY8 (Prop_CARRY8_CI_CO[7])
                                                      0.022    32.253 r  bid_price_reg[24]_i_122/CO[7]
                         net (fo=1, unplaced)         0.005    32.258    bid_price_reg[24]_i_122_n_0
                         CARRY8 (Prop_CARRY8_CI_CO[7])
                                                      0.022    32.280 r  bid_price_reg[24]_i_55/CO[7]
                         net (fo=1, unplaced)         0.005    32.285    bid_price_reg[24]_i_55_n_0
                         CARRY8 (Prop_CARRY8_CI_CO[2])
                                                      0.057    32.342 r  bid_price_reg[24]_i_26/CO[2]
                         net (fo=45, unplaced)        0.269    32.611    bid_price_reg[24]_i_26_n_5
                         LUT3 (Prop_LUT3_I0_O)        0.037    32.648 r  bid_price[16]_i_281/O
                         net (fo=1, unplaced)         0.023    32.671    bid_price[16]_i_281_n_0
                         CARRY8 (Prop_CARRY8_S[1]_CO[7])
                                                      0.197    32.868 r  bid_price_reg[16]_i_203/CO[7]
                         net (fo=1, unplaced)         0.005    32.873    bid_price_reg[16]_i_203_n_0
                         CARRY8 (Prop_CARRY8_CI_CO[7])
                                                      0.022    32.895 r  bid_price_reg[16]_i_131/CO[7]
                         net (fo=1, unplaced)         0.005    32.900    bid_price_reg[16]_i_131_n_0
                         CARRY8 (Prop_CARRY8_CI_CO[7])
                                                      0.022    32.922 r  bid_price_reg[16]_i_59/CO[7]
                         net (fo=1, unplaced)         0.005    32.927    bid_price_reg[16]_i_59_n_0
                         CARRY8 (Prop_CARRY8_CI_CO[7])
                                                      0.022    32.949 r  bid_price_reg[16]_i_27/CO[7]
                         net (fo=1, unplaced)         0.005    32.954    bid_price_reg[16]_i_27_n_0
                         CARRY8 (Prop_CARRY8_CI_CO[2])
                                                      0.057    33.011 r  bid_price_reg[16]_i_19/CO[2]
                         net (fo=45, unplaced)        0.269    33.280    bid_price_reg[16]_i_19_n_5
                         LUT3 (Prop_LUT3_I0_O)        0.037    33.317 r  bid_price[16]_i_288/O
                         net (fo=1, unplaced)         0.023    33.340    bid_price[16]_i_288_n_0
                         CARRY8 (Prop_CARRY8_S[1]_CO[7])
                                                      0.197    33.537 r  bid_price_reg[16]_i_212/CO[7]
                         net (fo=1, unplaced)         0.005    33.542    bid_price_reg[16]_i_212_n_0
                         CARRY8 (Prop_CARRY8_CI_CO[7])
                                                      0.022    33.564 r  bid_price_reg[16]_i_140/CO[7]
                         net (fo=1, unplaced)         0.005    33.569    bid_price_reg[16]_i_140_n_0
                         CARRY8 (Prop_CARRY8_CI_CO[7])
                                                      0.022    33.591 r  bid_price_reg[16]_i_68/CO[7]
                         net (fo=1, unplaced)         0.005    33.596    bid_price_reg[16]_i_68_n_0
                         CARRY8 (Prop_CARRY8_CI_CO[7])
                                                      0.022    33.618 r  bid_price_reg[16]_i_31/CO[7]
                         net (fo=1, unplaced)         0.005    33.623    bid_price_reg[16]_i_31_n_0
                         CARRY8 (Prop_CARRY8_CI_CO[2])
                                                      0.057    33.680 r  bid_price_reg[16]_i_20/CO[2]
                         net (fo=45, unplaced)        0.269    33.949    bid_price_reg[16]_i_20_n_5
                         LUT3 (Prop_LUT3_I0_O)        0.037    33.986 r  bid_price[16]_i_295/O
                         net (fo=1, unplaced)         0.023    34.009    bid_price[16]_i_295_n_0
                         CARRY8 (Prop_CARRY8_S[1]_CO[7])
                                                      0.197    34.206 r  bid_price_reg[16]_i_221/CO[7]
                         net (fo=1, unplaced)         0.005    34.211    bid_price_reg[16]_i_221_n_0
                         CARRY8 (Prop_CARRY8_CI_CO[7])
                                                      0.022    34.233 r  bid_price_reg[16]_i_149/CO[7]
                         net (fo=1, unplaced)         0.005    34.238    bid_price_reg[16]_i_149_n_0
                         CARRY8 (Prop_CARRY8_CI_CO[7])
                                                      0.022    34.260 r  bid_price_reg[16]_i_77/CO[7]
                         net (fo=1, unplaced)         0.005    34.265    bid_price_reg[16]_i_77_n_0
                         CARRY8 (Prop_CARRY8_CI_CO[7])
                                                      0.022    34.287 r  bid_price_reg[16]_i_35/CO[7]
                         net (fo=1, unplaced)         0.005    34.292    bid_price_reg[16]_i_35_n_0
                         CARRY8 (Prop_CARRY8_CI_CO[2])
                                                      0.057    34.349 r  bid_price_reg[16]_i_21/CO[2]
                         net (fo=45, unplaced)        0.269    34.618    bid_price_reg[16]_i_21_n_5
                         LUT3 (Prop_LUT3_I0_O)        0.037    34.655 r  bid_price[16]_i_302/O
                         net (fo=1, unplaced)         0.023    34.678    bid_price[16]_i_302_n_0
                         CARRY8 (Prop_CARRY8_S[1]_CO[7])
                                                      0.197    34.875 r  bid_price_reg[16]_i_230/CO[7]
                         net (fo=1, unplaced)         0.005    34.880    bid_price_reg[16]_i_230_n_0
                         CARRY8 (Prop_CARRY8_CI_CO[7])
                                                      0.022    34.902 r  bid_price_reg[16]_i_158/CO[7]
                         net (fo=1, unplaced)         0.005    34.907    bid_price_reg[16]_i_158_n_0
                         CARRY8 (Prop_CARRY8_CI_CO[7])
                                                      0.022    34.929 r  bid_price_reg[16]_i_86/CO[7]
                         net (fo=1, unplaced)         0.005    34.934    bid_price_reg[16]_i_86_n_0
                         CARRY8 (Prop_CARRY8_CI_CO[7])
                                                      0.022    34.956 r  bid_price_reg[16]_i_39/CO[7]
                         net (fo=1, unplaced)         0.005    34.961    bid_price_reg[16]_i_39_n_0
                         CARRY8 (Prop_CARRY8_CI_CO[2])
                                                      0.057    35.018 r  bid_price_reg[16]_i_22/CO[2]
                         net (fo=45, unplaced)        0.269    35.287    bid_price_reg[16]_i_22_n_5
                         LUT3 (Prop_LUT3_I0_O)        0.037    35.324 r  bid_price[16]_i_309/O
                         net (fo=1, unplaced)         0.023    35.347    bid_price[16]_i_309_n_0
                         CARRY8 (Prop_CARRY8_S[1]_CO[7])
                                                      0.197    35.544 r  bid_price_reg[16]_i_239/CO[7]
                         net (fo=1, unplaced)         0.005    35.549    bid_price_reg[16]_i_239_n_0
                         CARRY8 (Prop_CARRY8_CI_CO[7])
                                                      0.022    35.571 r  bid_price_reg[16]_i_167/CO[7]
                         net (fo=1, unplaced)         0.005    35.576    bid_price_reg[16]_i_167_n_0
                         CARRY8 (Prop_CARRY8_CI_CO[7])
                                                      0.022    35.598 r  bid_price_reg[16]_i_95/CO[7]
                         net (fo=1, unplaced)         0.005    35.603    bid_price_reg[16]_i_95_n_0
                         CARRY8 (Prop_CARRY8_CI_CO[7])
                                                      0.022    35.625 r  bid_price_reg[16]_i_43/CO[7]
                         net (fo=1, unplaced)         0.005    35.630    bid_price_reg[16]_i_43_n_0
                         CARRY8 (Prop_CARRY8_CI_CO[2])
                                                      0.057    35.687 r  bid_price_reg[16]_i_23/CO[2]
                         net (fo=45, unplaced)        0.269    35.956    bid_price_reg[16]_i_23_n_5
                         LUT3 (Prop_LUT3_I0_O)        0.037    35.993 r  bid_price[16]_i_316/O
                         net (fo=1, unplaced)         0.023    36.016    bid_price[16]_i_316_n_0
                         CARRY8 (Prop_CARRY8_S[1]_CO[7])
                                                      0.197    36.213 r  bid_price_reg[16]_i_248/CO[7]
                         net (fo=1, unplaced)         0.005    36.218    bid_price_reg[16]_i_248_n_0
                         CARRY8 (Prop_CARRY8_CI_CO[7])
                                                      0.022    36.240 r  bid_price_reg[16]_i_176/CO[7]
                         net (fo=1, unplaced)         0.005    36.245    bid_price_reg[16]_i_176_n_0
                         CARRY8 (Prop_CARRY8_CI_CO[7])
                                                      0.022    36.267 r  bid_price_reg[16]_i_104/CO[7]
                         net (fo=1, unplaced)         0.005    36.272    bid_price_reg[16]_i_104_n_0
                         CARRY8 (Prop_CARRY8_CI_CO[7])
                                                      0.022    36.294 r  bid_price_reg[16]_i_47/CO[7]
                         net (fo=1, unplaced)         0.005    36.299    bid_price_reg[16]_i_47_n_0
                         CARRY8 (Prop_CARRY8_CI_CO[2])
                                                      0.057    36.356 r  bid_price_reg[16]_i_24/CO[2]
                         net (fo=45, unplaced)        0.269    36.625    bid_price_reg[16]_i_24_n_5
                         LUT3 (Prop_LUT3_I0_O)        0.037    36.662 r  bid_price[16]_i_323/O
                         net (fo=1, unplaced)         0.023    36.685    bid_price[16]_i_323_n_0
                         CARRY8 (Prop_CARRY8_S[1]_CO[7])
                                                      0.197    36.882 r  bid_price_reg[16]_i_257/CO[7]
                         net (fo=1, unplaced)         0.005    36.887    bid_price_reg[16]_i_257_n_0
                         CARRY8 (Prop_CARRY8_CI_CO[7])
                                                      0.022    36.909 r  bid_price_reg[16]_i_185/CO[7]
                         net (fo=1, unplaced)         0.005    36.914    bid_price_reg[16]_i_185_n_0
                         CARRY8 (Prop_CARRY8_CI_CO[7])
                                                      0.022    36.936 r  bid_price_reg[16]_i_113/CO[7]
                         net (fo=1, unplaced)         0.005    36.941    bid_price_reg[16]_i_113_n_0
                         CARRY8 (Prop_CARRY8_CI_CO[7])
                                                      0.022    36.963 r  bid_price_reg[16]_i_51/CO[7]
                         net (fo=1, unplaced)         0.005    36.968    bid_price_reg[16]_i_51_n_0
                         CARRY8 (Prop_CARRY8_CI_CO[2])
                                                      0.057    37.025 r  bid_price_reg[16]_i_25/CO[2]
                         net (fo=45, unplaced)        0.269    37.294    bid_price_reg[16]_i_25_n_5
                         LUT3 (Prop_LUT3_I0_O)        0.037    37.331 r  bid_price[16]_i_330/O
                         net (fo=1, unplaced)         0.023    37.354    bid_price[16]_i_330_n_0
                         CARRY8 (Prop_CARRY8_S[1]_CO[7])
                                                      0.197    37.551 r  bid_price_reg[16]_i_266/CO[7]
                         net (fo=1, unplaced)         0.005    37.556    bid_price_reg[16]_i_266_n_0
                         CARRY8 (Prop_CARRY8_CI_CO[7])
                                                      0.022    37.578 r  bid_price_reg[16]_i_194/CO[7]
                         net (fo=1, unplaced)         0.005    37.583    bid_price_reg[16]_i_194_n_0
                         CARRY8 (Prop_CARRY8_CI_CO[7])
                                                      0.022    37.605 r  bid_price_reg[16]_i_122/CO[7]
                         net (fo=1, unplaced)         0.005    37.610    bid_price_reg[16]_i_122_n_0
                         CARRY8 (Prop_CARRY8_CI_CO[7])
                                                      0.022    37.632 r  bid_price_reg[16]_i_55/CO[7]
                         net (fo=1, unplaced)         0.005    37.637    bid_price_reg[16]_i_55_n_0
                         CARRY8 (Prop_CARRY8_CI_CO[2])
                                                      0.057    37.694 r  bid_price_reg[16]_i_26/CO[2]
                         net (fo=47, unplaced)        0.270    37.964    bid_price_reg[16]_i_26_n_5
                         LUT3 (Prop_LUT3_I0_O)        0.037    38.001 r  bid_price[8]_i_126/O
                         net (fo=1, unplaced)         0.023    38.024    bid_price[8]_i_126_n_0
                         CARRY8 (Prop_CARRY8_S[1]_CO[7])
                                                      0.197    38.221 r  bid_price_reg[8]_i_103/CO[7]
                         net (fo=1, unplaced)         0.005    38.226    bid_price_reg[8]_i_103_n_0
                         CARRY8 (Prop_CARRY8_CI_CO[7])
                                                      0.022    38.248 r  bid_price_reg[8]_i_78/CO[7]
                         net (fo=1, unplaced)         0.005    38.253    bid_price_reg[8]_i_78_n_0
                         CARRY8 (Prop_CARRY8_CI_CO[7])
                                                      0.022    38.275 r  bid_price_reg[8]_i_43/CO[7]
                         net (fo=1, unplaced)         0.005    38.280    bid_price_reg[8]_i_43_n_0
                         CARRY8 (Prop_CARRY8_CI_CO[7])
                                                      0.022    38.302 r  bid_price_reg[8]_i_24/CO[7]
                         net (fo=1, unplaced)         0.005    38.307    bid_price_reg[8]_i_24_n_0
                         CARRY8 (Prop_CARRY8_CI_CO[2])
                                                      0.057    38.364 r  bid_price_reg[8]_i_22/CO[2]
                         net (fo=43, unplaced)        0.268    38.632    bid_price_reg[8]_i_22_n_5
                         LUT3 (Prop_LUT3_I0_O)        0.037    38.669 r  bid_price[1]_i_174/O
                         net (fo=1, unplaced)         0.023    38.692    bid_price[1]_i_174_n_0
                         CARRY8 (Prop_CARRY8_S[1]_CO[7])
                                                      0.197    38.889 r  bid_price_reg[1]_i_152/CO[7]
                         net (fo=1, unplaced)         0.005    38.894    bid_price_reg[1]_i_152_n_0
                         CARRY8 (Prop_CARRY8_CI_CO[7])
                                                      0.022    38.916 r  bid_price_reg[8]_i_77/CO[7]
                         net (fo=1, unplaced)         0.005    38.921    bid_price_reg[8]_i_77_n_0
                         CARRY8 (Prop_CARRY8_CI_CO[7])
                                                      0.022    38.943 r  bid_price_reg[8]_i_42/CO[7]
                         net (fo=1, unplaced)         0.005    38.948    bid_price_reg[8]_i_42_n_0
                         CARRY8 (Prop_CARRY8_CI_CO[7])
                                                      0.022    38.970 r  bid_price_reg[8]_i_23/CO[7]
                         net (fo=1, unplaced)         0.005    38.975    bid_price_reg[8]_i_23_n_0
                         CARRY8 (Prop_CARRY8_CI_CO[2])
                                                      0.057    39.032 r  bid_price_reg[8]_i_18/CO[2]
                         net (fo=46, unplaced)        0.269    39.301    bid_price_reg[8]_i_18_n_5
                         LUT3 (Prop_LUT3_I0_O)        0.037    39.338 r  bid_price[1]_i_167/O
                         net (fo=1, unplaced)         0.023    39.361    bid_price[1]_i_167_n_0
                         CARRY8 (Prop_CARRY8_S[1]_CO[7])
                                                      0.197    39.558 r  bid_price_reg[1]_i_115/CO[7]
                         net (fo=1, unplaced)         0.005    39.563    bid_price_reg[1]_i_115_n_0
                         CARRY8 (Prop_CARRY8_CI_CO[7])
                                                      0.022    39.585 r  bid_price_reg[1]_i_106/CO[7]
                         net (fo=1, unplaced)         0.005    39.590    bid_price_reg[1]_i_106_n_0
                         CARRY8 (Prop_CARRY8_CI_CO[7])
                                                      0.022    39.612 r  bid_price_reg[8]_i_60/CO[7]
                         net (fo=1, unplaced)         0.005    39.617    bid_price_reg[8]_i_60_n_0
                         CARRY8 (Prop_CARRY8_CI_CO[7])
                                                      0.022    39.639 r  bid_price_reg[8]_i_28/CO[7]
                         net (fo=1, unplaced)         0.005    39.644    bid_price_reg[8]_i_28_n_0
                         CARRY8 (Prop_CARRY8_CI_CO[2])
                                                      0.057    39.701 r  bid_price_reg[8]_i_19/CO[2]
                         net (fo=44, unplaced)        0.268    39.969    bid_price_reg[8]_i_19_n_5
                         LUT3 (Prop_LUT3_I0_O)        0.037    40.006 r  bid_price[1]_i_151/O
                         net (fo=1, unplaced)         0.023    40.029    bid_price[1]_i_151_n_0
                         CARRY8 (Prop_CARRY8_S[1]_CO[7])
                                                      0.197    40.226 r  bid_price_reg[1]_i_97/CO[7]
                         net (fo=1, unplaced)         0.005    40.231    bid_price_reg[1]_i_97_n_0
                         CARRY8 (Prop_CARRY8_CI_CO[7])
                                                      0.022    40.253 r  bid_price_reg[1]_i_69/CO[7]
                         net (fo=1, unplaced)         0.005    40.258    bid_price_reg[1]_i_69_n_0
                         CARRY8 (Prop_CARRY8_CI_CO[7])
                                                      0.022    40.280 r  bid_price_reg[1]_i_60/CO[7]
                         net (fo=1, unplaced)         0.005    40.285    bid_price_reg[1]_i_60_n_0
                         CARRY8 (Prop_CARRY8_CI_CO[7])
                                                      0.022    40.307 r  bid_price_reg[8]_i_32/CO[7]
                         net (fo=1, unplaced)         0.005    40.312    bid_price_reg[8]_i_32_n_0
                         CARRY8 (Prop_CARRY8_CI_CO[2])
                                                      0.057    40.369 r  bid_price_reg[8]_i_20/CO[2]
                         net (fo=45, unplaced)        0.269    40.638    bid_price_reg[8]_i_20_n_5
                         LUT3 (Prop_LUT3_I0_O)        0.037    40.675 r  bid_price[1]_i_144/O
                         net (fo=1, unplaced)         0.023    40.698    bid_price[1]_i_144_n_0
                         CARRY8 (Prop_CARRY8_S[1]_CO[7])
                                                      0.197    40.895 r  bid_price_reg[1]_i_88/CO[7]
                         net (fo=1, unplaced)         0.005    40.900    bid_price_reg[1]_i_88_n_0
                         CARRY8 (Prop_CARRY8_CI_CO[7])
                                                      0.022    40.922 r  bid_price_reg[1]_i_51/CO[7]
                         net (fo=1, unplaced)         0.005    40.927    bid_price_reg[1]_i_51_n_0
                         CARRY8 (Prop_CARRY8_CI_CO[7])
                                                      0.022    40.949 r  bid_price_reg[1]_i_28/CO[7]
                         net (fo=1, unplaced)         0.005    40.954    bid_price_reg[1]_i_28_n_0
                         CARRY8 (Prop_CARRY8_CI_CO[7])
                                                      0.022    40.976 r  bid_price_reg[1]_i_24/CO[7]
                         net (fo=1, unplaced)         0.005    40.981    bid_price_reg[1]_i_24_n_0
                         CARRY8 (Prop_CARRY8_CI_CO[2])
                                                      0.057    41.038 r  bid_price_reg[8]_i_21/CO[2]
                         net (fo=48, unplaced)        0.270    41.308    bid_price_reg[8]_i_21_n_5
                         LUT3 (Prop_LUT3_I0_O)        0.037    41.345 r  bid_price[1]_i_137/O
                         net (fo=1, unplaced)         0.023    41.368    bid_price[1]_i_137_n_0
                         CARRY8 (Prop_CARRY8_S[1]_CO[7])
                                                      0.197    41.565 r  bid_price_reg[1]_i_79/CO[7]
                         net (fo=1, unplaced)         0.005    41.570    bid_price_reg[1]_i_79_n_0
                         CARRY8 (Prop_CARRY8_CI_CO[7])
                                                      0.022    41.592 r  bid_price_reg[1]_i_42/CO[7]
                         net (fo=1, unplaced)         0.005    41.597    bid_price_reg[1]_i_42_n_0
                         CARRY8 (Prop_CARRY8_CI_CO[7])
                                                      0.022    41.619 r  bid_price_reg[1]_i_15/CO[7]
                         net (fo=1, unplaced)         0.005    41.624    bid_price_reg[1]_i_15_n_0
                         CARRY8 (Prop_CARRY8_CI_CO[7])
                                                      0.022    41.646 r  bid_price_reg[1]_i_6/CO[7]
                         net (fo=1, unplaced)         0.005    41.651    bid_price_reg[1]_i_6_n_0
                         CARRY8 (Prop_CARRY8_CI_CO[2])
                                                      0.057    41.708 r  bid_price_reg[1]_i_5/CO[2]
                         net (fo=42, unplaced)        0.267    41.975    bid_price_reg[1]_i_5_n_5
                         LUT3 (Prop_LUT3_I0_O)        0.037    42.012 r  bid_price[1]_i_130/O
                         net (fo=1, unplaced)         0.023    42.035    bid_price[1]_i_130_n_0
                         CARRY8 (Prop_CARRY8_S[1]_CO[7])
                                                      0.197    42.232 r  bid_price_reg[1]_i_78/CO[7]
                         net (fo=1, unplaced)         0.005    42.237    bid_price_reg[1]_i_78_n_0
                         CARRY8 (Prop_CARRY8_CI_CO[7])
                                                      0.022    42.259 r  bid_price_reg[1]_i_41/CO[7]
                         net (fo=1, unplaced)         0.005    42.264    bid_price_reg[1]_i_41_n_0
                         CARRY8 (Prop_CARRY8_CI_CO[7])
                                                      0.022    42.286 r  bid_price_reg[1]_i_14/CO[7]
                         net (fo=1, unplaced)         0.005    42.291    bid_price_reg[1]_i_14_n_0
                         CARRY8 (Prop_CARRY8_CI_CO[7])
                                                      0.022    42.313 r  bid_price_reg[1]_i_4/CO[7]
                         net (fo=1, unplaced)         0.005    42.318    bid_price_reg[1]_i_4_n_0
                         CARRY8 (Prop_CARRY8_CI_CO[2])
                                                      0.057    42.375 r  bid_price_reg[1]_i_2/CO[2]
                         net (fo=46, unplaced)        0.269    42.644    bid_price_reg[1]_i_2_n_5
                         LUT3 (Prop_LUT3_I1_O)        0.072    42.716 r  bid_price[8]_i_9/O
                         net (fo=1, unplaced)         0.219    42.935    bid_price[8]_i_9_n_0
                         CARRY8 (Prop_CARRY8_DI[1]_CO[7])
                                                      0.127    43.062 r  bid_price_reg[8]_i_2/CO[7]
                         net (fo=1, unplaced)         0.005    43.067    bid_price_reg[8]_i_2_n_0
                         CARRY8 (Prop_CARRY8_CI_CO[7])
                                                      0.022    43.089 r  bid_price_reg[16]_i_2/CO[7]
                         net (fo=1, unplaced)         0.005    43.094    bid_price_reg[16]_i_2_n_0
                         CARRY8 (Prop_CARRY8_CI_CO[7])
                                                      0.022    43.116 r  bid_price_reg[24]_i_2/CO[7]
                         net (fo=1, unplaced)         0.005    43.121    bid_price_reg[24]_i_2_n_0
                         CARRY8 (Prop_CARRY8_CI_CO[7])
                                                      0.022    43.143 r  bid_price_reg[31]_i_4/CO[7]
                         net (fo=1, unplaced)         0.005    43.148    bid_price_reg[31]_i_4_n_0
                         CARRY8 (Prop_CARRY8_CI_CO[7])
                                                      0.022    43.170 r  bid_price_reg[31]_i_103/CO[7]
                         net (fo=1, unplaced)         0.005    43.175    bid_price_reg[31]_i_103_n_0
                         CARRY8 (Prop_CARRY8_CI_O[7])
                                                      0.116    43.291 r  bid_price_reg[31]_i_67/O[7]
                         net (fo=2, unplaced)         0.109    43.400    bidp_c3[48]
                         LUT4 (Prop_LUT4_I0_O)        0.139    43.539 r  ask_price[31]_i_91/O
                         net (fo=1, unplaced)         0.257    43.796    ask_price[31]_i_91_n_0
                         CARRY8 (Prop_CARRY8_DI[0]_CO[7])
                                                      0.140    43.936 r  ask_price_reg[31]_i_7/CO[7]
                         net (fo=32, unplaced)        0.302    44.238    ask_c1
                         LUT6 (Prop_LUT6_I5_O)        0.053    44.291 r  ask_price[0]_i_1/O
                         net (fo=1, unplaced)         0.048    44.339    askp_c[0]
                         FDCE                                         r  ask_price_reg[0]/D
  -------------------------------------------------------------------    -------------------

                         (clock clk rise edge)        5.000     5.000 r  
                                                      0.000     5.000 r  clk (IN)
                         net (fo=196, unset)          0.020     5.020    clk
                         FDCE                                         r  ask_price_reg[0]/C
                         clock pessimism              0.000     5.020    
                         clock uncertainty           -0.035     4.985    
                         FDCE (Setup_FDCE_C_D)        0.025     5.010    ask_price_reg[0]
  -------------------------------------------------------------------
                         required time                          5.010    
                         arrival time                         -44.339    
  -------------------------------------------------------------------
                         slack                                -39.329    





Min Delay Paths
--------------------------------------------------------------------------------------
Slack (MET) :             0.127ns  (arrival time - required time)
  Source:                 s1_valid_reg/C
                            (rising edge-triggered cell FDCE clocked by clk  {rise@0.000ns fall@2.500ns period=5.000ns})
  Destination:            quote_valid_reg/D
                            (rising edge-triggered cell FDCE clocked by clk  {rise@0.000ns fall@2.500ns period=5.000ns})
  Path Group:             clk
  Path Type:              Hold (Min at Fast Process Corner)
  Requirement:            0.000ns  (clk rise@0.000ns - clk rise@0.000ns)
  Data Path Delay:        0.179ns  (logic 0.038ns (21.229%)  route 0.141ns (78.771%))
  Logic Levels:           0  
  Clock Path Skew:        0.006ns (DCD - SCD - CPR)
    Destination Clock Delay (DCD):    0.018ns
    Source Clock Delay      (SCD):    0.012ns
    Clock Pessimism Removal (CPR):    -0.000ns

    Location             Delay type                Incr(ns)  Path(ns)    Netlist Resource(s)
  -------------------------------------------------------------------    -------------------
                         (clock clk rise edge)        0.000     0.000 r  
                                                      0.000     0.000 r  clk (IN)
                         net (fo=196, unset)          0.012     0.012    clk
                         FDCE                                         r  s1_valid_reg/C
  -------------------------------------------------------------------    -------------------
                         FDCE (Prop_FDCE_C_Q)         0.038     0.050 r  s1_valid_reg/Q
                         net (fo=67, unplaced)        0.141     0.191    s1_valid
                         FDCE                                         r  quote_valid_reg/D
  -------------------------------------------------------------------    -------------------

                         (clock clk rise edge)        0.000     0.000 r  
                                                      0.000     0.000 r  clk (IN)
                         net (fo=196, unset)          0.018     0.018    clk
                         FDCE                                         r  quote_valid_reg/C
                         clock pessimism              0.000     0.018    
                         FDCE (Hold_FDCE_C_D)         0.046     0.064    quote_valid_reg
  -------------------------------------------------------------------
                         required time                         -0.064    
                         arrival time                           0.191    
  -------------------------------------------------------------------
                         slack                                  0.127    





Pulse Width Checks
--------------------------------------------------------------------------------------
Clock Name:         clk
Waveform(ns):       { 0.000 2.500 }
Period(ns):         5.000
Sources:            { clk }

Check Type        Corner  Lib Pin  Reference Pin  Required(ns)  Actual(ns)  Slack(ns)  Location  Pin
Min Period        n/a     FDCE/C   n/a            0.550         5.000       4.450                ask_price_reg[0]/C
Low Pulse Width   Slow    FDCE/C   n/a            0.275         2.500       2.225                ask_price_reg[0]/C
High Pulse Width  Slow    FDCE/C   n/a            0.275         2.500       2.225                ask_price_reg[0]/C



